source_name,grain,feature_position_within_source,column_name,catalog_role,catalog_train_only_removal_note,a06_directive_present,a06_crosscheck_action,a06_final_feature_type,a06_value_transform_id,a06_semantic_role,a06_reason,a06_execution_stage,native_train_rows,native_train_participants,native_train_observed_rows,native_train_missing_rows,native_train_observed_fraction,native_train_missing_fraction,native_train_observed_participants,native_train_observed_participant_fraction,native_train_distinct_observed_values,native_train_distinct_including_missing,native_train_all_missing,native_train_observed_constant,native_train_effective_constant,snapshot_train_rows,snapshot_train_participants,snapshot_train_observed_rows,snapshot_train_missing_rows,snapshot_train_observed_fraction,snapshot_train_missing_fraction,snapshot_train_observed_participants,snapshot_train_observed_participant_fraction,snapshot_train_distinct_observed_values,snapshot_train_distinct_including_missing,snapshot_train_all_missing,snapshot_train_observed_constant,snapshot_train_effective_constant,suggested_type,suggested_encoding,semantic_review_flags,type_basis_numeric_parse_count,type_basis_numeric_parse_fraction,type_basis_integer_like_count,type_basis_integer_like_fraction_among_numeric,type_basis_finite_numeric_count,type_basis_multi_value_count,type_basis_multi_value_fraction,type_basis_pipe_count,type_basis_semicolon_count,type_basis_max_tokens_in_observed_cell,type_basis_distinct_token_count,type_basis_distinct_count,type_basis_observed_count,snapshot_train_participant_support_band,review_flags,automatic_decision
ADAS,visit,1,DONE,candidate_input_feature_crosschecked,remove only if below frozen support threshold or otherwise excluded by frozen schema,False,,,,,,,8781,1838,2674,6107,0.3045211251565881,0.6954788748434119,953,0.5184983677910773,2,3,False,False,False,6707,1987,1188,5519,0.17712837334128523,0.8228716266587148,588,0.29592350276799195,2,3,False,False,False,binary_numeric_candidate,binary_or_one_hot_review,numeric_looking_code_requires_semantic_review,2674,1.0,2674,1.0,2674,0,0.0,0,0,0,0,2,2674,009_over_500,numeric_looking_code_requires_semantic_review,none_profile_only
ADAS,visit,2,Q1TR1,candidate_input_feature_crosschecked,remove only if below frozen support threshold or otherwise excluded by frozen schema,False,,,,,,,8781,1838,8650,131,0.9850814258057169,0.01491857419428311,1834,0.9978237214363439,843,844,False,False,False,6707,1987,4276,2431,0.6375428656627404,0.36245713433725957,1411,0.7101157523905385,740,741,False,False,False,multi_response_candidate,multi_hot,multi_response_requires_token_semantics_review,424,0.04901734104046243,424,1.0,424,8226,0.9509826589595376,8226,0,10,11,843,8650,009_over_500,multi_response_requires_token_semantics_review,none_profile_only
ADAS,visit,3,Q1TR2,candidate_input_feature_crosschecked,remove only if below frozen support threshold or otherwise excluded by frozen schema,False,,,,,,,8781,1838,8676,105,0.9880423641954219,0.011957635804578067,1836,0.998911860718172,868,869,False,False,False,6707,1987,4294,2413,0.6402266288951841,0.3597733711048159,1418,0.7136386512330146,723,724,False,False,False,multi_response_candidate,multi_hot,multi_response_requires_token_semantics_review,162,0.01867219917012448,162,1.0,162,8514,0.9813278008298755,8514,0,11,11,868,8676,009_over_500,multi_response_requires_token_semantics_review,none_profile_only
ADAS,visit,4,Q1TR3,candidate_input_feature_crosschecked,remove only if below frozen support threshold or otherwise excluded by frozen schema,False,,,,,,,8781,1838,8676,105,0.9880423641954219,0.011957635804578067,1836,0.998911860718172,714,715,False,False,False,6707,1987,4295,2412,0.6403757268525421,0.3596242731474579,1415,0.712128837443382,584,585,False,False,False,multi_response_candidate,multi_hot,multi_response_requires_token_semantics_review,95,0.01094974642692485,95,1.0,95,8581,0.9890502535730752,8581,0,11,11,714,8676,009_over_500,multi_response_requires_token_semantics_review,none_profile_only
ADAS,visit,5,Q1TRIT,candidate_input_feature_crosschecked,remove only if below frozen support threshold or otherwise excluded by frozen schema,False,,,,,,,8781,1838,5201,3580,0.5923015601867668,0.4076984398132331,1440,0.7834602829162133,11,12,False,False,False,6707,1987,2758,3949,0.4112121663933204,0.5887878336066796,1061,0.5339708102667338,11,12,False,False,False,categorical_numeric_code_candidate,one_hot_or_numeric_review,numeric_looking_code_requires_semantic_review,5201,1.0,5201,1.0,5201,0,0.0,0,0,0,0,11,5201,009_over_500,numeric_looking_code_requires_semantic_review,none_profile_only
ADAS,visit,6,Q1TR2T,candidate_input_feature_crosschecked,remove only if below frozen support threshold or otherwise excluded by frozen schema,False,,,,,,,8781,1838,5201,3580,0.5923015601867668,0.4076984398132331,1440,0.7834602829162133,11,12,False,False,False,6707,1987,2758,3949,0.4112121663933204,0.5887878336066796,1061,0.5339708102667338,11,12,False,False,False,categorical_numeric_code_candidate,one_hot_or_numeric_review,numeric_looking_code_requires_semantic_review,5201,1.0,5201,1.0,5201,0,0.0,0,0,0,0,11,5201,009_over_500,numeric_looking_code_requires_semantic_review,none_profile_only
ADAS,visit,7,Q1TRT,candidate_input_feature_crosschecked,remove only if below frozen support threshold or otherwise excluded by frozen schema,False,,,,,,,8781,1838,5201,3580,0.5923015601867668,0.4076984398132331,1440,0.7834602829162133,11,12,False,False,False,6707,1987,2758,3949,0.4112121663933204,0.5887878336066796,1061,0.5339708102667338,11,12,False,False,False,categorical_numeric_code_candidate,one_hot_or_numeric_review,numeric_looking_code_requires_semantic_review,5201,1.0,5201,1.0,5201,0,0.0,0,0,0,0,11,5201,009_over_500,numeric_looking_code_requires_semantic_review,none_profile_only
ADAS,visit,8,Q1UNABLE,candidate_input_feature_crosschecked,remove only if below frozen support threshold or otherwise excluded by frozen schema,True,retain_harmonized,categorical,categorical_identity,assessment_completion_state,implicit_and_explicit_conducted_states_harmonized,A06_then_BENCHMARK04C,8781,1838,8724,57,0.9935087119918005,0.006491288008199521,1836,0.998911860718172,4,5,False,False,False,6707,1987,4312,2395,0.6429103921276279,0.35708960787237215,1421,0.7151484650226472,4,5,False,False,False,categorical_numeric_code_candidate,one_hot_or_numeric_review,numeric_looking_code_requires_semantic_review,8724,1.0,8724,1.0,8724,0,0.0,0,0,0,0,4,8724,009_over_500,numeric_looking_code_requires_semantic_review|a06_semantic_directive_locked,none_profile_only
ADAS,visit,9,Q2TASK,candidate_input_feature_crosschecked,remove only if below frozen support threshold or otherwise excluded by frozen schema,False,,,,,,,8781,1838,8702,79,0.991003302585127,0.008996697414873021,1836,0.998911860718172,31,32,False,False,False,6707,1987,4306,2401,0.6420158043834799,0.35798419561652006,1419,0.7141419224962254,25,26,False,False,False,multi_response_candidate,multi_hot,multi_response_requires_token_semantics_review,29,0.003332567225925075,29,1.0,29,8673,0.9966674327740749,8673,0,6,10,31,8702,009_over_500,multi_response_requires_token_semantics_review,none_profile_only
ADAS,visit,10,Q2UNABLE,candidate_input_feature_crosschecked,remove only if below frozen support threshold or otherwise excluded by frozen schema,True,retain_harmonized,categorical,categorical_identity,assessment_completion_state,implicit_and_explicit_conducted_states_harmonized,A06_then_BENCHMARK04C,8781,1838,8724,57,0.9935087119918005,0.006491288008199521,1836,0.998911860718172,4,5,False,False,False,6707,1987,4312,2395,0.6429103921276279,0.35708960787237215,1421,0.7151484650226472,4,5,False,False,False,categorical_numeric_code_candidate,one_hot_or_numeric_review,numeric_looking_code_requires_semantic_review,8724,1.0,8724,1.0,8724,0,0.0,0,0,0,0,4,8724,009_over_500,numeric_looking_code_requires_semantic_review|a06_semantic_directive_locked,none_profile_only
ADAS,visit,11,Q3TASK1,candidate_input_feature_crosschecked,remove only if below frozen support threshold or otherwise excluded by frozen schema,False,,,,,,,8781,1838,8681,100,0.9886117754242114,0.011388224575788634,1836,0.998911860718172,3,4,False,False,False,6707,1987,4297,2410,0.6406739227672581,0.3593260772327419,1416,0.7126321087065929,2,3,False,False,False,categorical_numeric_code_candidate,one_hot_or_numeric_review,numeric_looking_code_requires_semantic_review,8681,1.0,8681,1.0,8681,0,0.0,0,0,0,0,3,8681,009_over_500,numeric_looking_code_requires_semantic_review,none_profile_only
ADAS,visit,12,Q3TASK2,candidate_input_feature_crosschecked,remove only if below frozen support threshold or otherwise excluded by frozen schema,False,,,,,,,8781,1838,8615,166,0.9810955472041909,0.018904452795809133,1829,0.9951033732317737,3,4,False,False,False,6707,1987,4263,2444,0.6356045922170867,0.36439540778291335,1407,0.708102667337695,3,4,False,False,False,categorical_numeric_code_candidate,one_hot_or_numeric_review,numeric_looking_code_requires_semantic_review,8615,1.0,8615,1.0,8615,0,0.0,0,0,0,0,3,8615,009_over_500,numeric_looking_code_requires_semantic_review,none_profile_only
ADAS,visit,13,Q3TASK3,candidate_input_feature_crosschecked,remove only if below frozen support threshold or otherwise excluded by frozen schema,False,,,,,,,8781,1838,8577,204,0.9767680218653911,0.023231978134608814,1833,0.9972796517954298,3,4,False,False,False,6707,1987,4241,2466,0.632324437155211,0.36767556284478903,1408,0.7086059386009059,3,4,False,False,False,categorical_numeric_code_candidate,one_hot_or_numeric_review,numeric_looking_code_requires_semantic_review,8577,1.0,8577,1.0,8577,0,0.0,0,0,0,0,3,8577,009_over_500,numeric_looking_code_requires_semantic_review,none_profile_only
ADAS,visit,14,Q3TASK4,candidate_input_feature_crosschecked,remove only if below frozen support threshold or otherwise excluded by frozen schema,False,,,,,,,8781,1838,7475,1306,0.8512697870402004,0.14873021295979957,1715,0.9330794341675734,3,4,False,False,False,6707,1987,3590,3117,0.5352616669151633,0.46473833308483675,1269,0.6386512330145949,3,4,False,False,False,categorical_numeric_code_candidate,one_hot_or_numeric_review,numeric_looking_code_requires_semantic_review,7475,1.0,7475,1.0,7475,0,0.0,0,0,0,0,3,7475,009_over_500,numeric_looking_code_requires_semantic_review,none_profile_only
ADAS,visit,15,Q3TASK5,candidate_input_feature_crosschecked,remove only if below frozen support threshold or otherwise excluded by frozen schema,False,,,,,,,8781,1838,7,8774,0.0007971757203052044,0.9992028242796948,6,0.003264417845484222,1,2,False,True,False,6707,1987,2,6705,0.0002981959147159684,0.9997018040852841,2,0.0010065425264217413,1,2,False,True,False,binary_numeric_candidate,binary_or_one_hot_review,numeric_looking_code_requires_semantic_review,7,1.0,7,1.0,7,0,0.0,0,0,0,0,1,7,001_1_to_5,numeric_looking_code_requires_semantic_review|train_missingness_at_least_99_percent|low_train_participant_support_review|snapshot_train_observed_value_constant_missingness_may_vary,none_profile_only
ADAS,visit,16,Q3UNABLE,candidate_input_feature_crosschecked,remove only if below frozen support threshold or otherwise excluded by frozen schema,True,retain_harmonized,categorical,categorical_identity,assessment_completion_state,implicit_and_explicit_conducted_states_harmonized,A06_then_BENCHMARK04C,8781,1838,8724,57,0.9935087119918005,0.006491288008199521,1836,0.998911860718172,5,6,False,False,False,6707,1987,4312,2395,0.6429103921276279,0.35708960787237215,1421,0.7151484650226472,4,5,False,False,False,categorical_numeric_code_candidate,one_hot_or_numeric_review,numeric_looking_code_requires_semantic_review,8724,1.0,8724,1.0,8724,0,0.0,0,0,0,0,5,8724,009_over_500,numeric_looking_code_requires_semantic_review|a06_semantic_directive_locked,none_profile_only
ADAS,visit,17,Q4TASK,candidate_input_feature_crosschecked,remove only if below frozen support threshold or otherwise excluded by frozen schema,False,,,,,,,8781,1838,8215,566,0.9355426489010363,0.06445735109896367,1800,0.9793253536452666,934,935,False,False,False,6707,1987,4027,2680,0.6004174742806023,0.3995825257193976,1359,0.6839456467035733,806,807,False,False,False,multi_response_candidate,multi_hot,multi_response_requires_token_semantics_review,1139,0.1386488131466829,1139,1.0,1139,7076,0.8613511868533171,7076,0,10,11,934,8215,009_over_500,multi_response_requires_token_semantics_review,none_profile_only
ADAS,visit,18,Q4UNABLE,candidate_input_feature_crosschecked,remove only if below frozen support threshold or otherwise excluded by frozen schema,True,retain_harmonized,categorical,categorical_identity,assessment_completion_state,implicit_and_explicit_conducted_states_harmonized,A06_then_BENCHMARK04C,8781,1838,8724,57,0.9935087119918005,0.006491288008199521,1836,0.998911860718172,4,5,False,False,False,6707,1987,4312,2395,0.6429103921276279,0.35708960787237215,1421,0.7151484650226472,4,5,False,False,False,categorical_numeric_code_candidate,one_hot_or_numeric_review,numeric_looking_code_requires_semantic_review,8724,1.0,8724,1.0,8724,0,0.0,0,0,0,0,4,8724,009_over_500,numeric_looking_code_requires_semantic_review|a06_semantic_directive_locked,none_profile_only
ADAS,visit,19,Q5NAME1,candidate_input_feature_crosschecked,remove only if below frozen support threshold or otherwise excluded by frozen schema,False,,,,,,,8781,1838,8701,80,0.9908894203393691,0.009110579660630908,1836,0.998911860718172,4,5,False,False,False,6707,1987,4305,2402,0.641866706426122,0.358133293573878,1419,0.7141419224962254,4,5,False,False,False,categorical_numeric_code_candidate,one_hot_or_numeric_review,numeric_looking_code_requires_semantic_review,8701,1.0,8701,1.0,8701,0,0.0,0,0,0,0,4,8701,009_over_500,numeric_looking_code_requires_semantic_review,none_profile_only
ADAS,visit,20,Q5NAME2,candidate_input_feature_crosschecked,remove only if below frozen support threshold or otherwise excluded by frozen schema,False,,,,,,,8781,1838,8701,80,0.9908894203393691,0.009110579660630908,1836,0.998911860718172,4,5,False,False,False,6707,1987,4305,2402,0.641866706426122,0.358133293573878,1419,0.7141419224962254,4,5,False,False,False,categorical_numeric_code_candidate,one_hot_or_numeric_review,numeric_looking_code_requires_semantic_review,8701,1.0,8701,1.0,8701,0,0.0,0,0,0,0,4,8701,009_over_500,numeric_looking_code_requires_semantic_review,none_profile_only
ADAS,visit,21,Q5NAME3,candidate_input_feature_crosschecked,remove only if below frozen support threshold or otherwise excluded by frozen schema,False,,,,,,,8781,1838,8701,80,0.9908894203393691,0.009110579660630908,1836,0.998911860718172,4,5,False,False,False,6707,1987,4305,2402,0.641866706426122,0.358133293573878,1419,0.7141419224962254,4,5,False,False,False,categorical_numeric_code_candidate,one_hot_or_numeric_review,numeric_looking_code_requires_semantic_review,8701,1.0,8701,1.0,8701,0,0.0,0,0,0,0,4,8701,009_over_500,numeric_looking_code_requires_semantic_review,none_profile_only
ADAS,visit,22,Q5NAME4,candidate_input_feature_crosschecked,remove only if below frozen support threshold or otherwise excluded by frozen schema,False,,,,,,,8781,1838,8701,80,0.9908894203393691,0.009110579660630908,1836,0.998911860718172,4,5,False,False,False,6707,1987,4305,2402,0.641866706426122,0.358133293573878,1419,0.7141419224962254,4,5,False,False,False,categorical_numeric_code_candidate,one_hot_or_numeric_review,numeric_looking_code_requires_semantic_review,8701,1.0,8701,1.0,8701,0,0.0,0,0,0,0,4,8701,009_over_500,numeric_looking_code_requires_semantic_review,none_profile_only
ADAS,visit,23,Q5NAME5,candidate_input_feature_crosschecked,remove only if below frozen support threshold or otherwise excluded by frozen schema,False,,,,,,,8781,1838,8701,80,0.9908894203393691,0.009110579660630908,1836,0.998911860718172,4,5,False,False,False,6707,1987,4305,2402,0.641866706426122,0.358133293573878,1419,0.7141419224962254,4,5,False,False,False,categorical_numeric_code_candidate,one_hot_or_numeric_review,numeric_looking_code_requires_semantic_review,8701,1.0,8701,1.0,8701,0,0.0,0,0,0,0,4,8701,009_over_500,numeric_looking_code_requires_semantic_review,none_profile_only
ADAS,visit,24,Q5NAME6,candidate_input_feature_crosschecked,remove only if below frozen support threshold or otherwise excluded by frozen schema,False,,,,,,,8781,1838,8701,80,0.9908894203393691,0.009110579660630908,1836,0.998911860718172,4,5,False,False,False,6707,1987,4305,2402,0.641866706426122,0.358133293573878,1419,0.7141419224962254,4,5,False,False,False,categorical_numeric_code_candidate,one_hot_or_numeric_review,numeric_looking_code_requires_semantic_review,8701,1.0,8701,1.0,8701,0,0.0,0,0,0,0,4,8701,009_over_500,numeric_looking_code_requires_semantic_review,none_profile_only
ADAS,visit,25,Q5NAME7,candidate_input_feature_crosschecked,remove only if below frozen support threshold or otherwise excluded by frozen schema,False,,,,,,,8781,1838,8701,80,0.9908894203393691,0.009110579660630908,1836,0.998911860718172,4,5,False,False,False,6707,1987,4305,2402,0.641866706426122,0.358133293573878,1419,0.7141419224962254,4,5,False,False,False,categorical_numeric_code_candidate,one_hot_or_numeric_review,numeric_looking_code_requires_semantic_review,8701,1.0,8701,1.0,8701,0,0.0,0,0,0,0,4,8701,009_over_500,numeric_looking_code_requires_semantic_review,none_profile_only
ADAS,visit,26,Q5NAME8,candidate_input_feature_crosschecked,remove only if below frozen support threshold or otherwise excluded by frozen schema,False,,,,,,,8781,1838,8701,80,0.9908894203393691,0.009110579660630908,1836,0.998911860718172,4,5,False,False,False,6707,1987,4305,2402,0.641866706426122,0.358133293573878,1419,0.7141419224962254,4,5,False,False,False,categorical_numeric_code_candidate,one_hot_or_numeric_review,numeric_looking_code_requires_semantic_review,8701,1.0,8701,1.0,8701,0,0.0,0,0,0,0,4,8701,009_over_500,numeric_looking_code_requires_semantic_review,none_profile_only
ADAS,visit,27,Q5NAME9,candidate_input_feature_crosschecked,remove only if below frozen support threshold or otherwise excluded by frozen schema,False,,,,,,,8781,1838,8701,80,0.9908894203393691,0.009110579660630908,1836,0.998911860718172,4,5,False,False,False,6707,1987,4305,2402,0.641866706426122,0.358133293573878,1419,0.7141419224962254,4,5,False,False,False,categorical_numeric_code_candidate,one_hot_or_numeric_review,numeric_looking_code_requires_semantic_review,8701,1.0,8701,1.0,8701,0,0.0,0,0,0,0,4,8701,009_over_500,numeric_looking_code_requires_semantic_review,none_profile_only
ADAS,visit,28,Q5NAME10,candidate_input_feature_crosschecked,remove only if below frozen support threshold or otherwise excluded by frozen schema,False,,,,,,,8781,1838,8701,80,0.9908894203393691,0.009110579660630908,1836,0.998911860718172,4,5,False,False,False,6707,1987,4305,2402,0.641866706426122,0.358133293573878,1419,0.7141419224962254,4,5,False,False,False,categorical_numeric_code_candidate,one_hot_or_numeric_review,numeric_looking_code_requires_semantic_review,8701,1.0,8701,1.0,8701,0,0.0,0,0,0,0,4,8701,009_over_500,numeric_looking_code_requires_semantic_review,none_profile_only
ADAS,visit,29,Q5NAME11,candidate_input_feature_crosschecked,remove only if below frozen support threshold or otherwise excluded by frozen schema,False,,,,,,,8781,1838,8701,80,0.9908894203393691,0.009110579660630908,1836,0.998911860718172,4,5,False,False,False,6707,1987,4305,2402,0.641866706426122,0.358133293573878,1419,0.7141419224962254,4,5,False,False,False,categorical_numeric_code_candidate,one_hot_or_numeric_review,numeric_looking_code_requires_semantic_review,8701,1.0,8701,1.0,8701,0,0.0,0,0,0,0,4,8701,009_over_500,numeric_looking_code_requires_semantic_review,none_profile_only
ADAS,visit,30,Q5NAME12,candidate_input_feature_crosschecked,remove only if below frozen support threshold or otherwise excluded by frozen schema,False,,,,,,,8781,1838,8700,81,0.9907755380936112,0.009224461906388794,1835,0.9983677910772579,4,5,False,False,False,6707,1987,4305,2402,0.641866706426122,0.358133293573878,1419,0.7141419224962254,4,5,False,False,False,categorical_numeric_code_candidate,one_hot_or_numeric_review,numeric_looking_code_requires_semantic_review,8700,1.0,8700,1.0,8700,0,0.0,0,0,0,0,4,8700,009_over_500,numeric_looking_code_requires_semantic_review,none_profile_only
ADAS,visit,31,Q5FINGER,candidate_input_feature_crosschecked,remove only if below frozen support threshold or otherwise excluded by frozen schema,False,,,,,,,8781,1838,8699,82,0.9906616558478534,0.00933834415214668,1836,0.998911860718172,41,42,False,False,False,6707,1987,4304,2403,0.641717608468764,0.35828239153123603,1419,0.7141419224962254,31,32,False,False,False,multi_response_candidate,multi_hot,multi_response_requires_token_semantics_review,161,0.01850787446832969,161,1.0,161,8538,0.9814921255316703,8538,0,6,6,41,8699,009_over_500,multi_response_requires_token_semantics_review,none_profile_only
ADAS,visit,32,Q5UNABLE,candidate_input_feature_crosschecked,remove only if below frozen support threshold or otherwise excluded by frozen schema,True,retain_harmonized,categorical,categorical_identity,assessment_completion_state,implicit_and_explicit_conducted_states_harmonized,A06_then_BENCHMARK04C,8781,1838,8724,57,0.9935087119918005,0.006491288008199521,1836,0.998911860718172,4,5,False,False,False,6707,1987,4312,2395,0.6429103921276279,0.35708960787237215,1421,0.7151484650226472,4,5,False,False,False,categorical_numeric_code_candidate,one_hot_or_numeric_review,numeric_looking_code_requires_semantic_review,8724,1.0,8724,1.0,8724,0,0.0,0,0,0,0,4,8724,009_over_500,numeric_looking_code_requires_semantic_review|a06_semantic_directive_locked,none_profile_only
ADAS,visit,33,Q6TASK,candidate_input_feature_crosschecked,remove only if below frozen support threshold or otherwise excluded by frozen schema,False,,,,,,,8781,1838,8693,88,0.989978362373306,0.010021637626693999,1836,0.998911860718172,39,40,False,False,False,6707,1987,4304,2403,0.641717608468764,0.35828239153123603,1418,0.7136386512330146,29,30,False,False,False,multi_response_candidate,multi_hot,multi_response_requires_token_semantics_review,60,0.006902105142068331,60,1.0,60,8633,0.9930978948579317,8633,0,6,10,39,8693,009_over_500,multi_response_requires_token_semantics_review,none_profile_only
ADAS,visit,34,Q6UNABLE,candidate_input_feature_crosschecked,remove only if below frozen support threshold or otherwise excluded by frozen schema,True,retain_harmonized,categorical,categorical_identity,assessment_completion_state,implicit_and_explicit_conducted_states_harmonized,A06_then_BENCHMARK04C,8781,1838,8724,57,0.9935087119918005,0.006491288008199521,1836,0.998911860718172,4,5,False,False,False,6707,1987,4312,2395,0.6429103921276279,0.35708960787237215,1421,0.7151484650226472,4,5,False,False,False,categorical_numeric_code_candidate,one_hot_or_numeric_review,numeric_looking_code_requires_semantic_review,8724,1.0,8724,1.0,8724,0,0.0,0,0,0,0,4,8724,009_over_500,numeric_looking_code_requires_semantic_review|a06_semantic_directive_locked,none_profile_only
ADAS,visit,35,Q7TASK,candidate_input_feature_crosschecked,remove only if below frozen support threshold or otherwise excluded by frozen schema,False,,,,,,,8781,1838,8695,86,0.9902061268648218,0.009793873135178226,1836,0.998911860718172,162,163,False,False,False,6707,1987,4303,2404,0.641568510511406,0.358431489488594,1417,0.7131353799698037,139,140,False,False,False,multi_response_candidate,multi_hot,multi_response_requires_token_semantics_review,77,0.008855664174813111,77,1.0,77,8618,0.9911443358251869,8618,0,9,16,162,8695,009_over_500,multi_response_requires_token_semantics_review,none_profile_only
ADAS,visit,36,Q7UNABLE,candidate_input_feature_crosschecked,remove only if below frozen support threshold or otherwise excluded by frozen schema,True,retain_harmonized,categorical,categorical_identity,assessment_completion_state,implicit_and_explicit_conducted_states_harmonized,A06_then_BENCHMARK04C,8781,1838,8724,57,0.9935087119918005,0.006491288008199521,1836,0.998911860718172,4,5,False,False,False,6707,1987,4312,2395,0.6429103921276279,0.35708960787237215,1421,0.7151484650226472,4,5,False,False,False,categorical_numeric_code_candidate,one_hot_or_numeric_review,numeric_looking_code_requires_semantic_review,8724,1.0,8724,1.0,8724,0,0.0,0,0,0,0,4,8724,009_over_500,numeric_looking_code_requires_semantic_review|a06_semantic_directive_locked,none_profile_only
ADAS,visit,37,Q8UNABLE,candidate_input_feature_crosschecked,remove only if below frozen support threshold or otherwise excluded by frozen schema,True,retain_harmonized,categorical,categorical_identity,assessment_completion_state,implicit_and_explicit_conducted_states_harmonized,A06_then_BENCHMARK04C,8781,1838,8724,57,0.9935087119918005,0.006491288008199521,1836,0.998911860718172,4,5,False,False,False,6707,1987,4312,2395,0.6429103921276279,0.35708960787237215,1421,0.7151484650226472,4,5,False,False,False,categorical_numeric_code_candidate,one_hot_or_numeric_review,numeric_looking_code_requires_semantic_review,8724,1.0,8724,1.0,8724,0,0.0,0,0,0,0,4,8724,009_over_500,numeric_looking_code_requires_semantic_review|a06_semantic_directive_locked,none_profile_only
ADAS,visit,38,Q13TASKA,candidate_input_feature_crosschecked,remove only if below frozen support threshold or otherwise excluded by frozen schema,False,,,,,,,8781,1838,8641,140,0.9840564855938959,0.015943514406104087,1835,0.9983677910772579,41,42,False,False,False,6707,1987,4285,2422,0.6388847472789623,0.3611152527210377,1414,0.7116255661801711,40,41,False,False,False,numeric_candidate,numeric_median_imputation,,8641,1.0,8641,1.0,8641,0,0.0,0,0,0,0,41,8641,009_over_500,,none_profile_only
ADAS,visit,39,Q13TASKB,candidate_input_feature_crosschecked,remove only if below frozen support threshold or otherwise excluded by frozen schema,False,,,,,,,8781,1838,8641,140,0.9840564855938959,0.015943514406104087,1835,0.9983677910772579,23,24,False,False,False,6707,1987,4285,2422,0.6388847472789623,0.3611152527210377,1414,0.7116255661801711,20,21,False,False,False,numeric_candidate,numeric_median_imputation,,8641,1.0,8641,1.0,8641,0,0.0,0,0,0,0,23,8641,009_over_500,,none_profile_only
ADAS,visit,40,Q13TASKC,candidate_input_feature_crosschecked,remove only if below frozen support threshold or otherwise excluded by frozen schema,False,,,,,,,8781,1838,8641,140,0.9840564855938959,0.015943514406104087,1835,0.9983677910772579,11,12,False,False,False,6707,1987,4285,2422,0.6388847472789623,0.3611152527210377,1414,0.7116255661801711,8,9,False,False,False,categorical_numeric_code_candidate,one_hot_or_numeric_review,numeric_looking_code_requires_semantic_review,8641,1.0,8641,1.0,8641,0,0.0,0,0,0,0,11,8641,009_over_500,numeric_looking_code_requires_semantic_review,none_profile_only
ADAS,visit,41,Q13UNABLE,candidate_input_feature_crosschecked,remove only if below frozen support threshold or otherwise excluded by frozen schema,True,retain_harmonized,categorical,categorical_identity,assessment_completion_state,implicit_and_explicit_conducted_states_harmonized,A06_then_BENCHMARK04C,8781,1838,8724,57,0.9935087119918005,0.006491288008199521,1836,0.998911860718172,5,6,False,False,False,6707,1987,4312,2395,0.6429103921276279,0.35708960787237215,1421,0.7151484650226472,5,6,False,False,False,categorical_numeric_code_candidate,one_hot_or_numeric_review,numeric_looking_code_requires_semantic_review,8724,1.0,8724,1.0,8724,0,0.0,0,0,0,0,5,8724,009_over_500,numeric_looking_code_requires_semantic_review|a06_semantic_directive_locked,none_profile_only
ADAS,visit,42,Q1SCORE,candidate_input_feature_crosschecked,remove only if below frozen support threshold or otherwise excluded by frozen schema,False,,,,,,,8781,1838,8710,71,0.9919143605511901,0.00808563944880993,1835,0.9983677910772579,52,53,False,False,False,6707,1987,4310,2397,0.6426121962129119,0.3573878037870881,1420,0.7146451937594364,52,53,False,False,False,numeric_candidate,numeric_median_imputation,,8710,1.0,5266,0.6045924225028703,8710,0,0.0,0,0,0,0,52,8710,009_over_500,,none_profile_only
ADAS,visit,43,Q2SCORE,candidate_input_feature_crosschecked,remove only if below frozen support threshold or otherwise excluded by frozen schema,False,,,,,,,8781,1838,8705,76,0.9913449493224007,0.008655050677599363,1835,0.9983677910772579,6,7,False,False,False,6707,1987,4308,2399,0.642314000298196,0.3576859997018041,1420,0.7146451937594364,6,7,False,False,False,categorical_numeric_code_candidate,one_hot_or_numeric_review,numeric_looking_code_requires_semantic_review,8705,1.0,8705,1.0,8705,0,0.0,0,0,0,0,6,8705,009_over_500,numeric_looking_code_requires_semantic_review,none_profile_only
ADAS,visit,44,Q3SCORE,candidate_input_feature_crosschecked,remove only if below frozen support threshold or otherwise excluded by frozen schema,False,,,,,,,8781,1838,8704,77,0.9912310670766428,0.008768932923357248,1835,0.9983677910772579,6,7,False,False,False,6707,1987,4308,2399,0.642314000298196,0.3576859997018041,1420,0.7146451937594364,6,7,False,False,False,categorical_numeric_code_candidate,one_hot_or_numeric_review,numeric_looking_code_requires_semantic_review,8704,1.0,8704,1.0,8704,0,0.0,0,0,0,0,6,8704,009_over_500,numeric_looking_code_requires_semantic_review,none_profile_only
ADAS,visit,45,Q4SCORE,candidate_input_feature_crosschecked,remove only if below frozen support threshold or otherwise excluded by frozen schema,False,,,,,,,8781,1838,8692,89,0.9898644801275481,0.010135519872451884,1835,0.9983677910772579,11,12,False,False,False,6707,1987,4303,2404,0.641568510511406,0.358431489488594,1420,0.7146451937594364,11,12,False,False,False,categorical_numeric_code_candidate,one_hot_or_numeric_review,numeric_looking_code_requires_semantic_review,8692,1.0,8692,1.0,8692,0,0.0,0,0,0,0,11,8692,009_over_500,numeric_looking_code_requires_semantic_review,none_profile_only
ADAS,visit,46,Q5SCORE,candidate_input_feature_crosschecked,remove only if below frozen support threshold or otherwise excluded by frozen schema,False,,,,,,,8781,1838,8701,80,0.9908894203393691,0.009110579660630908,1835,0.9983677910772579,6,7,False,False,False,6707,1987,4306,2401,0.6420158043834799,0.35798419561652006,1420,0.7146451937594364,6,7,False,False,False,categorical_numeric_code_candidate,one_hot_or_numeric_review,numeric_looking_code_requires_semantic_review,8701,1.0,8701,1.0,8701,0,0.0,0,0,0,0,6,8701,009_over_500,numeric_looking_code_requires_semantic_review,none_profile_only
ADAS,visit,47,Q5SCORE_CUE,candidate_input_feature_crosschecked,remove only if below frozen support threshold or otherwise excluded by frozen schema,False,,,,,,,8781,1838,2608,6173,0.29700489693656756,0.7029951030634324,947,0.515233949945593,6,7,False,False,False,6707,1987,1181,5526,0.17608468763977933,0.8239153123602206,587,0.2954202315047811,6,7,False,False,False,categorical_numeric_code_candidate,one_hot_or_numeric_review,numeric_looking_code_requires_semantic_review,2608,1.0,2608,1.0,2608,0,0.0,0,0,0,0,6,2608,009_over_500,numeric_looking_code_requires_semantic_review,none_profile_only
ADAS,visit,48,Q6SCORE,candidate_input_feature_crosschecked,remove only if below frozen support threshold or otherwise excluded by frozen schema,False,,,,,,,8781,1838,8700,81,0.9907755380936112,0.009224461906388794,1835,0.9983677910772579,6,7,False,False,False,6707,1987,4307,2400,0.6421649023408379,0.35783509765916205,1419,0.7141419224962254,6,7,False,False,False,categorical_numeric_code_candidate,one_hot_or_numeric_review,numeric_looking_code_requires_semantic_review,8700,1.0,8700,1.0,8700,0,0.0,0,0,0,0,6,8700,009_over_500,numeric_looking_code_requires_semantic_review,none_profile_only
ADAS,visit,49,Q7SCORE,candidate_input_feature_crosschecked,remove only if below frozen support threshold or otherwise excluded by frozen schema,False,,,,,,,8781,1838,8699,82,0.9906616558478534,0.00933834415214668,1835,0.9983677910772579,9,10,False,False,False,6707,1987,4306,2401,0.6420158043834799,0.35798419561652006,1418,0.7136386512330146,9,10,False,False,False,categorical_numeric_code_candidate,one_hot_or_numeric_review,numeric_looking_code_requires_semantic_review,8699,1.0,8699,1.0,8699,0,0.0,0,0,0,0,9,8699,009_over_500,numeric_looking_code_requires_semantic_review,none_profile_only
ADAS,visit,50,Q8SCORE,candidate_input_feature_crosschecked,remove only if below frozen support threshold or otherwise excluded by frozen schema,False,,,,,,,8781,1838,8682,99,0.9887256576699692,0.011274342330030749,1835,0.9983677910772579,13,14,False,False,False,6707,1987,4301,2406,0.64127031459669,0.35872968540330996,1417,0.7131353799698037,13,14,False,False,False,categorical_numeric_code_candidate,one_hot_or_numeric_review,numeric_looking_code_requires_semantic_review,8682,1.0,8682,1.0,8682,0,0.0,0,0,0,0,13,8682,009_over_500,numeric_looking_code_requires_semantic_review,none_profile_only
ADAS,visit,51,Q9SCORE,candidate_input_feature_crosschecked,remove only if below frozen support threshold or otherwise excluded by frozen schema,True,retain_retype,categorical,categorical_identity,ordinal_clinical_severity_score,low_cardinality_ordinal_one_hot_policy,BENCHMARK04C,8781,1838,8680,101,0.9884978931784535,0.011502106821546522,1835,0.9983677910772579,6,7,False,False,False,6707,1987,4301,2406,0.64127031459669,0.35872968540330996,1417,0.7131353799698037,6,7,False,False,False,categorical_numeric_code_candidate,one_hot_or_numeric_review,numeric_looking_code_requires_semantic_review,8680,1.0,8680,1.0,8680,0,0.0,0,0,0,0,6,8680,009_over_500,numeric_looking_code_requires_semantic_review|a06_semantic_directive_locked,none_profile_only
ADAS,visit,52,Q10SCORE,candidate_input_feature_crosschecked,remove only if below frozen support threshold or otherwise excluded by frozen schema,True,retain_retype,categorical,categorical_identity,ordinal_clinical_severity_score,low_cardinality_ordinal_one_hot_policy,BENCHMARK04C,8781,1838,8705,76,0.9913449493224007,0.008655050677599363,1835,0.9983677910772579,6,7,False,False,False,6707,1987,4307,2400,0.6421649023408379,0.35783509765916205,1421,0.7151484650226472,5,6,False,False,False,categorical_numeric_code_candidate,one_hot_or_numeric_review,numeric_looking_code_requires_semantic_review,8705,1.0,8705,1.0,8705,0,0.0,0,0,0,0,6,8705,009_over_500,numeric_looking_code_requires_semantic_review|a06_semantic_directive_locked,none_profile_only
ADAS,visit,53,Q11SCORE,candidate_input_feature_crosschecked,remove only if below frozen support threshold or otherwise excluded by frozen schema,True,retain_retype,categorical,categorical_identity,ordinal_clinical_severity_score,low_cardinality_ordinal_one_hot_policy,BENCHMARK04C,8781,1838,8704,77,0.9912310670766428,0.008768932923357248,1835,0.9983677910772579,6,7,False,False,False,6707,1987,4307,2400,0.6421649023408379,0.35783509765916205,1421,0.7151484650226472,6,7,False,False,False,categorical_numeric_code_candidate,one_hot_or_numeric_review,numeric_looking_code_requires_semantic_review,8704,1.0,8704,1.0,8704,0,0.0,0,0,0,0,6,8704,009_over_500,numeric_looking_code_requires_semantic_review|a06_semantic_directive_locked,none_profile_only
ADAS,visit,54,Q12SCORE,candidate_input_feature_crosschecked,remove only if below frozen support threshold or otherwise excluded by frozen schema,True,retain_retype,categorical,categorical_identity,ordinal_clinical_severity_score,low_cardinality_ordinal_one_hot_policy,BENCHMARK04C,8781,1838,8705,76,0.9913449493224007,0.008655050677599363,1835,0.9983677910772579,6,7,False,False,False,6707,1987,4307,2400,0.6421649023408379,0.35783509765916205,1421,0.7151484650226472,6,7,False,False,False,categorical_numeric_code_candidate,one_hot_or_numeric_review,numeric_looking_code_requires_semantic_review,8705,1.0,8705,1.0,8705,0,0.0,0,0,0,0,6,8705,009_over_500,numeric_looking_code_requires_semantic_review|a06_semantic_directive_locked,none_profile_only
ADAS,visit,55,Q13SCORE,candidate_input_feature_crosschecked,remove only if below frozen support threshold or otherwise excluded by frozen schema,False,,,,,,,8781,1838,8636,145,0.9834870743651065,0.01651292563489352,1834,0.9978237214363439,6,7,False,False,False,6707,1987,4282,2425,0.6384374534068883,0.36156254659311166,1414,0.7116255661801711,6,7,False,False,False,categorical_numeric_code_candidate,one_hot_or_numeric_review,numeric_looking_code_requires_semantic_review,8636,1.0,8636,1.0,8636,0,0.0,0,0,0,0,6,8636,009_over_500,numeric_looking_code_requires_semantic_review,none_profile_only
ADAS,visit,56,TOTSCORE,candidate_input_feature_crosschecked,remove only if below frozen support threshold or otherwise excluded by frozen schema,False,,,,,,,8781,1838,8667,114,0.9870174239836009,0.012982576016399043,1835,0.9983677910772579,247,248,False,False,False,6707,1987,4295,2412,0.6403757268525421,0.3596242731474579,1416,0.7126321087065929,214,215,False,False,False,numeric_candidate,numeric_median_imputation,,8667,1.0,2862,0.3302180685358255,8667,0,0.0,0,0,0,0,247,8667,009_over_500,,none_profile_only
ADAS,visit,57,TOTAL13,candidate_input_feature_crosschecked,remove only if below frozen support threshold or otherwise excluded by frozen schema,False,,,,,,,8781,1838,8593,188,0.9785901377975174,0.021409862202482633,1834,0.9978237214363439,314,315,False,False,False,6707,1987,4265,2442,0.6359027881318026,0.3640972118681974,1411,0.7101157523905385,278,279,False,False,False,numeric_candidate,numeric_median_imputation,,8593,1.0,2832,0.32957058070522516,8593,0,0.0,0,0,0,0,314,8593,009_over_500,,none_profile_only
APOERES,participant,1,GENOTYPE,candidate_input_feature_crosschecked,remove only if below frozen support threshold or otherwise excluded by frozen schema,True,retain,categorical,categorical_identity,apoe_genotype_category,six_category_domain_validated_fail_closed,A06/BENCHMARK04C,1814,1814,1814,0,1.0,0.0,1814,1.0,6,6,False,False,False,6707,1987,6531,176,0.9737587595049948,0.02624124049500522,1814,0.9129340714645193,6,7,False,False,False,categorical_candidate,one_hot,,0,0.0,0,,0,0,0.0,0,0,0,0,6,1814,009_over_500,a06_semantic_directive_locked,none_profile_only
CDR,visit,1,CDMEMORY,candidate_input_feature_crosschecked,remove only if below frozen support threshold or otherwise excluded by frozen schema,True,retain_retype,categorical,categorical_identity,ordered_clinical_stage,low_cardinality_ordinal_one_hot_policy,BENCHMARK04C,9156,1986,9150,6,0.9993446920052425,0.000655307994757536,1986,1.0,6,7,False,False,False,6707,1987,5452,1255,0.8128820635157298,0.18711793648427016,1857,0.9345747357825868,6,7,False,False,False,numeric_candidate,numeric_median_imputation,,9150,1.0,5710,0.6240437158469946,9150,0,0.0,0,0,0,0,6,9150,009_over_500,a06_semantic_directive_locked,none_profile_only
CDR,visit,2,CDORIENT,candidate_input_feature_crosschecked,remove only if below frozen support threshold or otherwise excluded by frozen schema,True,retain_retype,categorical,categorical_identity,ordered_clinical_stage,low_cardinality_ordinal_one_hot_policy,BENCHMARK04C,9156,1986,9150,6,0.9993446920052425,0.000655307994757536,1986,1.0,6,7,False,False,False,6707,1987,5452,1255,0.8128820635157298,0.18711793648427016,1857,0.9345747357825868,6,7,False,False,False,numeric_candidate,numeric_median_imputation,,9150,1.0,7187,0.785464480874317,9150,0,0.0,0,0,0,0,6,9150,009_over_500,a06_semantic_directive_locked,none_profile_only
CDR,visit,3,CDJUDGE,candidate_input_feature_crosschecked,remove only if below frozen support threshold or otherwise excluded by frozen schema,True,retain_retype,categorical,categorical_identity,ordered_clinical_stage,low_cardinality_ordinal_one_hot_policy,BENCHMARK04C,9156,1986,9150,6,0.9993446920052425,0.000655307994757536,1986,1.0,6,7,False,False,False,6707,1987,5452,1255,0.8128820635157298,0.18711793648427016,1857,0.9345747357825868,6,7,False,False,False,numeric_candidate,numeric_median_imputation,,9150,1.0,6141,0.6711475409836065,9150,0,0.0,0,0,0,0,6,9150,009_over_500,a06_semantic_directive_locked,none_profile_only
CDR,visit,4,CDCOMMUN,candidate_input_feature_crosschecked,remove only if below frozen support threshold or otherwise excluded by frozen schema,True,retain_retype,categorical,categorical_identity,ordered_clinical_stage,low_cardinality_ordinal_one_hot_policy,BENCHMARK04C,9156,1986,9149,7,0.9992354740061162,0.0007645259938837921,1986,1.0,6,7,False,False,False,6707,1987,5452,1255,0.8128820635157298,0.18711793648427016,1857,0.9345747357825868,6,7,False,False,False,numeric_candidate,numeric_median_imputation,,9149,1.0,7534,0.823477975735053,9149,0,0.0,0,0,0,0,6,9149,009_over_500,a06_semantic_directive_locked,none_profile_only
CDR,visit,5,CDHOME,candidate_input_feature_crosschecked,remove only if below frozen support threshold or otherwise excluded by frozen schema,True,retain_retype,categorical,categorical_identity,ordered_clinical_stage,low_cardinality_ordinal_one_hot_policy,BENCHMARK04C,9156,1986,9149,7,0.9992354740061162,0.0007645259938837921,1986,1.0,6,7,False,False,False,6707,1987,5452,1255,0.8128820635157298,0.18711793648427016,1857,0.9345747357825868,6,7,False,False,False,numeric_candidate,numeric_median_imputation,,9149,1.0,7434,0.8125478194338179,9149,0,0.0,0,0,0,0,6,9149,009_over_500,a06_semantic_directive_locked,none_profile_only
CDR,visit,6,CDCARE,candidate_input_feature_crosschecked,remove only if below frozen support threshold or otherwise excluded by frozen schema,True,retain_retype,categorical,categorical_identity,ordered_clinical_stage,low_cardinality_ordinal_one_hot_policy,BENCHMARK04C,9156,1986,9149,7,0.9992354740061162,0.0007645259938837921,1985,0.999496475327291,5,6,False,False,False,6707,1987,5451,1256,0.8127329655583718,0.18726703444162815,1856,0.934071464519376,5,6,False,False,False,categorical_numeric_code_candidate,one_hot_or_numeric_review,numeric_looking_code_requires_semantic_review,9149,1.0,9149,1.0,9149,0,0.0,0,0,0,0,5,9149,009_over_500,numeric_looking_code_requires_semantic_review|a06_semantic_directive_locked,none_profile_only
CDR,visit,7,CDGLOBAL,candidate_input_feature_crosschecked,remove only if below frozen support threshold or otherwise excluded by frozen schema,True,retain_retype,categorical,categorical_identity,ordered_clinical_stage,low_cardinality_ordinal_one_hot_policy,BENCHMARK04C,9156,1986,9144,12,0.9986893840104849,0.001310615989515072,1986,1.0,6,7,False,False,False,6707,1987,5450,1257,0.8125838676010139,0.18741613239898613,1857,0.9345747357825868,6,7,False,False,False,numeric_candidate,numeric_median_imputation,,9144,1.0,4771,0.5217629046369204,9144,0,0.0,0,0,0,0,6,9144,009_over_500,a06_semantic_directive_locked,none_profile_only
CDR,visit,8,CDRSB,candidate_input_feature_crosschecked,remove only if below frozen support threshold or otherwise excluded by frozen schema,True,retain,numeric,numeric_identity,official_sum_of_boxes_score,retain_official_summary_score_as_numeric,BENCHMARK04C,9156,1986,9072,84,0.9908256880733946,0.009174311926605505,1985,0.999496475327291,32,33,False,False,False,6707,1987,5416,1291,0.8075145370508424,0.1924854629491576,1856,0.934071464519376,27,28,False,False,False,numeric_candidate,numeric_median_imputation,,9072,1.0,6146,0.6774691358024691,9072,0,0.0,0,0,0,0,32,9072,009_over_500,a06_semantic_directive_locked,none_profile_only
FAQ,visit,1,FAQFINAN,candidate_input_feature_crosschecked,remove only if below frozen support threshold or otherwise excluded by frozen schema,True,retain_transform_retype,categorical,faq_official_item_score_map,officially_scored_functional_item,apply_official_0_to_3_scoring_then_one_hot,BENCHMARK04C/BENCHMARK05,8987,1832,8940,47,0.9947702236563926,0.005229776343607433,1831,0.9994541484716157,6,7,False,False,False,6707,1987,4275,2432,0.6373937677053825,0.3626062322946176,1413,0.7111222949169602,6,7,False,False,False,categorical_numeric_code_candidate,one_hot_or_numeric_review,numeric_looking_code_requires_semantic_review,8940,1.0,8940,1.0,8940,0,0.0,0,0,0,0,6,8940,009_over_500,numeric_looking_code_requires_semantic_review|a06_semantic_directive_locked,none_profile_only
FAQ,visit,2,FAQFORM,candidate_input_feature_crosschecked,remove only if below frozen support threshold or otherwise excluded by frozen schema,True,retain_transform_retype,categorical,faq_official_item_score_map,officially_scored_functional_item,apply_official_0_to_3_scoring_then_one_hot,BENCHMARK04C/BENCHMARK05,8987,1832,8941,46,0.9948814954934906,0.005118504506509402,1831,0.9994541484716157,6,7,False,False,False,6707,1987,4277,2430,0.6376919636200984,0.3623080363799016,1414,0.7116255661801711,6,7,False,False,False,categorical_numeric_code_candidate,one_hot_or_numeric_review,numeric_looking_code_requires_semantic_review,8941,1.0,8941,1.0,8941,0,0.0,0,0,0,0,6,8941,009_over_500,numeric_looking_code_requires_semantic_review|a06_semantic_directive_locked,none_profile_only
FAQ,visit,3,FAQSHOP,candidate_input_feature_crosschecked,remove only if below frozen support threshold or otherwise excluded by frozen schema,True,retain_transform_retype,categorical,faq_official_item_score_map,officially_scored_functional_item,apply_official_0_to_3_scoring_then_one_hot,BENCHMARK04C/BENCHMARK05,8987,1832,8945,42,0.9953265828418827,0.004673417158117281,1831,0.9994541484716157,6,7,False,False,False,6707,1987,4280,2427,0.6381392574921724,0.3618607425078276,1414,0.7116255661801711,6,7,False,False,False,categorical_numeric_code_candidate,one_hot_or_numeric_review,numeric_looking_code_requires_semantic_review,8945,1.0,8945,1.0,8945,0,0.0,0,0,0,0,6,8945,009_over_500,numeric_looking_code_requires_semantic_review|a06_semantic_directive_locked,none_profile_only
FAQ,visit,4,FAQGAME,candidate_input_feature_crosschecked,remove only if below frozen support threshold or otherwise excluded by frozen schema,True,retain_transform_retype,categorical,faq_official_item_score_map,officially_scored_functional_item,apply_official_0_to_3_scoring_then_one_hot,BENCHMARK04C/BENCHMARK05,8987,1832,8940,47,0.9947702236563926,0.005229776343607433,1831,0.9994541484716157,6,7,False,False,False,6707,1987,4276,2431,0.6375428656627404,0.36245713433725957,1414,0.7116255661801711,6,7,False,False,False,categorical_numeric_code_candidate,one_hot_or_numeric_review,numeric_looking_code_requires_semantic_review,8940,1.0,8940,1.0,8940,0,0.0,0,0,0,0,6,8940,009_over_500,numeric_looking_code_requires_semantic_review|a06_semantic_directive_locked,none_profile_only
FAQ,visit,5,FAQBEVG,candidate_input_feature_crosschecked,remove only if below frozen support threshold or otherwise excluded by frozen schema,True,retain_transform_retype,categorical,faq_official_item_score_map,officially_scored_functional_item,apply_official_0_to_3_scoring_then_one_hot,BENCHMARK04C/BENCHMARK05,8987,1832,8945,42,0.9953265828418827,0.004673417158117281,1831,0.9994541484716157,6,7,False,False,False,6707,1987,4279,2428,0.6379901595348144,0.36200984046518564,1414,0.7116255661801711,6,7,False,False,False,categorical_numeric_code_candidate,one_hot_or_numeric_review,numeric_looking_code_requires_semantic_review,8945,1.0,8945,1.0,8945,0,0.0,0,0,0,0,6,8945,009_over_500,numeric_looking_code_requires_semantic_review|a06_semantic_directive_locked,none_profile_only
FAQ,visit,6,FAQMEAL,candidate_input_feature_crosschecked,remove only if below frozen support threshold or otherwise excluded by frozen schema,True,retain_transform_retype,categorical,faq_official_item_score_map,officially_scored_functional_item,apply_official_0_to_3_scoring_then_one_hot,BENCHMARK04C/BENCHMARK05,8987,1832,8942,45,0.9949927673305886,0.005007232669411372,1831,0.9994541484716157,6,7,False,False,False,6707,1987,4279,2428,0.6379901595348144,0.36200984046518564,1414,0.7116255661801711,6,7,False,False,False,categorical_numeric_code_candidate,one_hot_or_numeric_review,numeric_looking_code_requires_semantic_review,8942,1.0,8942,1.0,8942,0,0.0,0,0,0,0,6,8942,009_over_500,numeric_looking_code_requires_semantic_review|a06_semantic_directive_locked,none_profile_only
FAQ,visit,7,FAQEVENT,candidate_input_feature_crosschecked,remove only if below frozen support threshold or otherwise excluded by frozen schema,True,retain_transform_retype,categorical,faq_official_item_score_map,officially_scored_functional_item,apply_official_0_to_3_scoring_then_one_hot,BENCHMARK04C/BENCHMARK05,8987,1832,8947,40,0.9955491265160787,0.004450873483921219,1831,0.9994541484716157,6,7,False,False,False,6707,1987,4280,2427,0.6381392574921724,0.3618607425078276,1414,0.7116255661801711,6,7,False,False,False,categorical_numeric_code_candidate,one_hot_or_numeric_review,numeric_looking_code_requires_semantic_review,8947,1.0,8947,1.0,8947,0,0.0,0,0,0,0,6,8947,009_over_500,numeric_looking_code_requires_semantic_review|a06_semantic_directive_locked,none_profile_only
FAQ,visit,8,FAQTV,candidate_input_feature_crosschecked,remove only if below frozen support threshold or otherwise excluded by frozen schema,True,retain_transform_retype,categorical,faq_official_item_score_map,officially_scored_functional_item,apply_official_0_to_3_scoring_then_one_hot,BENCHMARK04C/BENCHMARK05,8987,1832,8944,43,0.9952153110047847,0.004784688995215311,1831,0.9994541484716157,6,7,False,False,False,6707,1987,4279,2428,0.6379901595348144,0.36200984046518564,1414,0.7116255661801711,6,7,False,False,False,categorical_numeric_code_candidate,one_hot_or_numeric_review,numeric_looking_code_requires_semantic_review,8944,1.0,8944,1.0,8944,0,0.0,0,0,0,0,6,8944,009_over_500,numeric_looking_code_requires_semantic_review|a06_semantic_directive_locked,none_profile_only
FAQ,visit,9,FAQREM,candidate_input_feature_crosschecked,remove only if below frozen support threshold or otherwise excluded by frozen schema,True,retain_transform_retype,categorical,faq_official_item_score_map,officially_scored_functional_item,apply_official_0_to_3_scoring_then_one_hot,BENCHMARK04C/BENCHMARK05,8987,1832,8946,41,0.9954378546789807,0.00456214532101925,1831,0.9994541484716157,6,7,False,False,False,6707,1987,4277,2430,0.6376919636200984,0.3623080363799016,1413,0.7111222949169602,6,7,False,False,False,categorical_numeric_code_candidate,one_hot_or_numeric_review,numeric_looking_code_requires_semantic_review,8946,1.0,8946,1.0,8946,0,0.0,0,0,0,0,6,8946,009_over_500,numeric_looking_code_requires_semantic_review|a06_semantic_directive_locked,none_profile_only
FAQ,visit,10,FAQTRAVL,candidate_input_feature_crosschecked,remove only if below frozen support threshold or otherwise excluded by frozen schema,True,retain_transform_retype,categorical,faq_official_item_score_map,officially_scored_functional_item,apply_official_0_to_3_scoring_then_one_hot,BENCHMARK04C/BENCHMARK05,8987,1832,8940,47,0.9947702236563926,0.005229776343607433,1831,0.9994541484716157,6,7,False,False,False,6707,1987,4277,2430,0.6376919636200984,0.3623080363799016,1413,0.7111222949169602,6,7,False,False,False,categorical_numeric_code_candidate,one_hot_or_numeric_review,numeric_looking_code_requires_semantic_review,8940,1.0,8940,1.0,8940,0,0.0,0,0,0,0,6,8940,009_over_500,numeric_looking_code_requires_semantic_review|a06_semantic_directive_locked,none_profile_only
FAQ,visit,11,FAQTOTAL,candidate_input_feature_crosschecked,remove only if below frozen support threshold or otherwise excluded by frozen schema,True,retain,numeric,numeric_identity,official_summary_score,retain_official_summary_score_policy,BENCHMARK04C,8987,1832,8914,73,0.9918771558918438,0.008122844108156226,1831,0.9994541484716157,31,32,False,False,False,6707,1987,4267,2440,0.6362009840465186,0.36379901595348146,1412,0.7106190236537494,31,32,False,False,False,numeric_candidate,numeric_median_imputation,,8914,1.0,8914,1.0,8914,0,0.0,0,0,0,0,31,8914,009_over_500,a06_semantic_directive_locked,none_profile_only
MMSE,visit,1,DONE,candidate_input_feature_crosschecked,remove only if below frozen support threshold or otherwise excluded by frozen schema,False,,,,,,,8919,1987,2769,6150,0.31046081399260006,0.6895391860073999,1048,0.5274282838449924,2,3,False,False,False,6707,1987,1893,4814,0.2822424332786641,0.717757566721336,994,0.5002516356316055,2,3,False,False,False,binary_numeric_candidate,binary_or_one_hot_review,numeric_looking_code_requires_semantic_review,2769,1.0,2769,1.0,2769,0,0.0,0,0,0,0,2,2769,009_over_500,numeric_looking_code_requires_semantic_review,none_profile_only
MMSE,visit,2,MMDATE,candidate_input_feature_crosschecked,remove only if below frozen support threshold or otherwise excluded by frozen schema,False,,,,,,,8919,1987,8865,54,0.9939455095862765,0.006054490413723511,1987,1.0,2,3,False,False,False,6707,1987,5454,1253,0.8131802594304458,0.1868197405695542,1858,0.9350780070457977,2,3,False,False,False,binary_numeric_candidate,binary_or_one_hot_review,date_or_time_name_pattern|numeric_looking_code_requires_semantic_review,8865,1.0,8865,1.0,8865,0,0.0,0,0,0,0,2,8865,009_over_500,date_or_time_name_pattern|numeric_looking_code_requires_semantic_review,none_profile_only
MMSE,visit,3,MMYEAR,candidate_input_feature_crosschecked,remove only if below frozen support threshold or otherwise excluded by frozen schema,False,,,,,,,8919,1987,8866,53,0.9940576297791233,0.00594237022087678,1987,1.0,2,3,False,False,False,6707,1987,5454,1253,0.8131802594304458,0.1868197405695542,1858,0.9350780070457977,2,3,False,False,False,binary_numeric_candidate,binary_or_one_hot_review,date_or_time_name_pattern|numeric_looking_code_requires_semantic_review,8866,1.0,8866,1.0,8866,0,0.0,0,0,0,0,2,8866,009_over_500,date_or_time_name_pattern|numeric_looking_code_requires_semantic_review,none_profile_only
MMSE,visit,4,MMMONTH,candidate_input_feature_crosschecked,remove only if below frozen support threshold or otherwise excluded by frozen schema,False,,,,,,,8919,1987,8864,55,0.9938333893934298,0.006166610606570243,1987,1.0,2,3,False,False,False,6707,1987,5453,1254,0.8130311614730878,0.18696883852691218,1858,0.9350780070457977,2,3,False,False,False,binary_numeric_candidate,binary_or_one_hot_review,date_or_time_name_pattern|numeric_looking_code_requires_semantic_review,8864,1.0,8864,1.0,8864,0,0.0,0,0,0,0,2,8864,009_over_500,date_or_time_name_pattern|numeric_looking_code_requires_semantic_review,none_profile_only
MMSE,visit,5,MMDAY,candidate_input_feature_crosschecked,remove only if below frozen support threshold or otherwise excluded by frozen schema,False,,,,,,,8919,1987,8865,54,0.9939455095862765,0.006054490413723511,1987,1.0,2,3,False,False,False,6707,1987,5454,1253,0.8131802594304458,0.1868197405695542,1858,0.9350780070457977,2,3,False,False,False,binary_numeric_candidate,binary_or_one_hot_review,date_or_time_name_pattern|numeric_looking_code_requires_semantic_review,8865,1.0,8865,1.0,8865,0,0.0,0,0,0,0,2,8865,009_over_500,date_or_time_name_pattern|numeric_looking_code_requires_semantic_review,none_profile_only
MMSE,visit,6,MMSEASON,candidate_input_feature_crosschecked,remove only if below frozen support threshold or otherwise excluded by frozen schema,False,,,,,,,8919,1987,8866,53,0.9940576297791233,0.00594237022087678,1987,1.0,2,3,False,False,False,6707,1987,5454,1253,0.8131802594304458,0.1868197405695542,1858,0.9350780070457977,2,3,False,False,False,binary_numeric_candidate,binary_or_one_hot_review,numeric_looking_code_requires_semantic_review,8866,1.0,8866,1.0,8866,0,0.0,0,0,0,0,2,8866,009_over_500,numeric_looking_code_requires_semantic_review,none_profile_only
MMSE,visit,7,MMHOSPIT,candidate_input_feature_crosschecked,remove only if below frozen support threshold or otherwise excluded by frozen schema,False,,,,,,,8919,1987,8865,54,0.9939455095862765,0.006054490413723511,1987,1.0,2,3,False,False,False,6707,1987,5454,1253,0.8131802594304458,0.1868197405695542,1858,0.9350780070457977,2,3,False,False,False,binary_numeric_candidate,binary_or_one_hot_review,numeric_looking_code_requires_semantic_review,8865,1.0,8865,1.0,8865,0,0.0,0,0,0,0,2,8865,009_over_500,numeric_looking_code_requires_semantic_review,none_profile_only
MMSE,visit,8,MMFLOOR,candidate_input_feature_crosschecked,remove only if below frozen support threshold or otherwise excluded by frozen schema,False,,,,,,,8919,1987,8865,54,0.9939455095862765,0.006054490413723511,1987,1.0,2,3,False,False,False,6707,1987,5453,1254,0.8130311614730878,0.18696883852691218,1858,0.9350780070457977,2,3,False,False,False,binary_numeric_candidate,binary_or_one_hot_review,numeric_looking_code_requires_semantic_review,8865,1.0,8865,1.0,8865,0,0.0,0,0,0,0,2,8865,009_over_500,numeric_looking_code_requires_semantic_review,none_profile_only
MMSE,visit,9,MMCITY,candidate_input_feature_crosschecked,remove only if below frozen support threshold or otherwise excluded by frozen schema,False,,,,,,,8919,1987,8865,54,0.9939455095862765,0.006054490413723511,1987,1.0,2,3,False,False,False,6707,1987,5454,1253,0.8131802594304458,0.1868197405695542,1858,0.9350780070457977,2,3,False,False,False,binary_numeric_candidate,binary_or_one_hot_review,numeric_looking_code_requires_semantic_review,8865,1.0,8865,1.0,8865,0,0.0,0,0,0,0,2,8865,009_over_500,numeric_looking_code_requires_semantic_review,none_profile_only
MMSE,visit,10,MMAREA,candidate_input_feature_crosschecked,remove only if below frozen support threshold or otherwise excluded by frozen schema,False,,,,,,,8919,1987,8866,53,0.9940576297791233,0.00594237022087678,1987,1.0,2,3,False,False,False,6707,1987,5454,1253,0.8131802594304458,0.1868197405695542,1858,0.9350780070457977,2,3,False,False,False,binary_numeric_candidate,binary_or_one_hot_review,numeric_looking_code_requires_semantic_review,8866,1.0,8866,1.0,8866,0,0.0,0,0,0,0,2,8866,009_over_500,numeric_looking_code_requires_semantic_review,none_profile_only
MMSE,visit,11,MMSTATE,candidate_input_feature_crosschecked,remove only if below frozen support threshold or otherwise excluded by frozen schema,False,,,,,,,8919,1987,8866,53,0.9940576297791233,0.00594237022087678,1987,1.0,2,3,False,False,False,6707,1987,5454,1253,0.8131802594304458,0.1868197405695542,1858,0.9350780070457977,2,3,False,False,False,binary_numeric_candidate,binary_or_one_hot_review,numeric_looking_code_requires_semantic_review,8866,1.0,8866,1.0,8866,0,0.0,0,0,0,0,2,8866,009_over_500,numeric_looking_code_requires_semantic_review,none_profile_only
MMSE,visit,12,WORD1,candidate_input_feature_crosschecked,remove only if below frozen support threshold or otherwise excluded by frozen schema,False,,,,,,,8919,1987,8864,55,0.9938333893934298,0.006166610606570243,1987,1.0,2,3,False,False,False,6707,1987,5454,1253,0.8131802594304458,0.1868197405695542,1858,0.9350780070457977,2,3,False,False,False,binary_numeric_candidate,binary_or_one_hot_review,numeric_looking_code_requires_semantic_review,8864,1.0,8864,1.0,8864,0,0.0,0,0,0,0,2,8864,009_over_500,numeric_looking_code_requires_semantic_review,none_profile_only
MMSE,visit,13,WORD2,candidate_input_feature_crosschecked,remove only if below frozen support threshold or otherwise excluded by frozen schema,False,,,,,,,8919,1987,8864,55,0.9938333893934298,0.006166610606570243,1987,1.0,2,3,False,False,False,6707,1987,5454,1253,0.8131802594304458,0.1868197405695542,1858,0.9350780070457977,2,3,False,False,False,binary_numeric_candidate,binary_or_one_hot_review,numeric_looking_code_requires_semantic_review,8864,1.0,8864,1.0,8864,0,0.0,0,0,0,0,2,8864,009_over_500,numeric_looking_code_requires_semantic_review,none_profile_only
MMSE,visit,14,WORD3,candidate_input_feature_crosschecked,remove only if below frozen support threshold or otherwise excluded by frozen schema,False,,,,,,,8919,1987,8863,56,0.993721269200583,0.006278730799416975,1987,1.0,2,3,False,False,False,6707,1987,5454,1253,0.8131802594304458,0.1868197405695542,1858,0.9350780070457977,2,3,False,False,False,binary_numeric_candidate,binary_or_one_hot_review,numeric_looking_code_requires_semantic_review,8863,1.0,8863,1.0,8863,0,0.0,0,0,0,0,2,8863,009_over_500,numeric_looking_code_requires_semantic_review,none_profile_only
MMSE,visit,15,MMTRIALS,candidate_input_feature_crosschecked,remove only if below frozen support threshold or otherwise excluded by frozen schema,False,,,,,,,8919,1987,6141,2778,0.6885301042717793,0.31146989572822065,1226,0.6170105686965274,6,7,False,False,False,6707,1987,3566,3141,0.5316833159385717,0.46831668406142835,1080,0.5435329642677403,6,7,False,False,False,categorical_numeric_code_candidate,one_hot_or_numeric_review,numeric_looking_code_requires_semantic_review,6141,1.0,6141,1.0,6141,0,0.0,0,0,0,0,6,6141,009_over_500,numeric_looking_code_requires_semantic_review,none_profile_only
MMSE,visit,16,WORD1DL,candidate_input_feature_crosschecked,remove only if below frozen support threshold or otherwise excluded by frozen schema,False,,,,,,,8919,1987,8863,56,0.993721269200583,0.006278730799416975,1987,1.0,2,3,False,False,False,6707,1987,5454,1253,0.8131802594304458,0.1868197405695542,1858,0.9350780070457977,2,3,False,False,False,binary_numeric_candidate,binary_or_one_hot_review,numeric_looking_code_requires_semantic_review,8863,1.0,8863,1.0,8863,0,0.0,0,0,0,0,2,8863,009_over_500,numeric_looking_code_requires_semantic_review,none_profile_only
MMSE,visit,17,WORD2DL,candidate_input_feature_crosschecked,remove only if below frozen support threshold or otherwise excluded by frozen schema,False,,,,,,,8919,1987,8861,58,0.9934970288148895,0.006502971185110438,1987,1.0,2,3,False,False,False,6707,1987,5452,1255,0.8128820635157298,0.18711793648427016,1858,0.9350780070457977,2,3,False,False,False,binary_numeric_candidate,binary_or_one_hot_review,numeric_looking_code_requires_semantic_review,8861,1.0,8861,1.0,8861,0,0.0,0,0,0,0,2,8861,009_over_500,numeric_looking_code_requires_semantic_review,none_profile_only
MMSE,visit,18,WORD3DL,candidate_input_feature_crosschecked,remove only if below frozen support threshold or otherwise excluded by frozen schema,False,,,,,,,8919,1987,8859,60,0.9932727884291961,0.006727211570803902,1987,1.0,2,3,False,False,False,6707,1987,5452,1255,0.8128820635157298,0.18711793648427016,1858,0.9350780070457977,2,3,False,False,False,binary_numeric_candidate,binary_or_one_hot_review,numeric_looking_code_requires_semantic_review,8859,1.0,8859,1.0,8859,0,0.0,0,0,0,0,2,8859,009_over_500,numeric_looking_code_requires_semantic_review,none_profile_only
MMSE,visit,19,MMWATCH,candidate_input_feature_crosschecked,remove only if below frozen support threshold or otherwise excluded by frozen schema,False,,,,,,,8919,1987,8863,56,0.993721269200583,0.006278730799416975,1987,1.0,2,3,False,False,False,6707,1987,5454,1253,0.8131802594304458,0.1868197405695542,1858,0.9350780070457977,2,3,False,False,False,binary_numeric_candidate,binary_or_one_hot_review,numeric_looking_code_requires_semantic_review,8863,1.0,8863,1.0,8863,0,0.0,0,0,0,0,2,8863,009_over_500,numeric_looking_code_requires_semantic_review,none_profile_only
MMSE,visit,20,MMPENCIL,candidate_input_feature_crosschecked,remove only if below frozen support threshold or otherwise excluded by frozen schema,False,,,,,,,8919,1987,8862,57,0.9936091490077363,0.006390850992263707,1987,1.0,2,3,False,False,False,6707,1987,5454,1253,0.8131802594304458,0.1868197405695542,1858,0.9350780070457977,2,3,False,False,False,binary_numeric_candidate,binary_or_one_hot_review,numeric_looking_code_requires_semantic_review,8862,1.0,8862,1.0,8862,0,0.0,0,0,0,0,2,8862,009_over_500,numeric_looking_code_requires_semantic_review,none_profile_only
MMSE,visit,21,MMREPEAT,candidate_input_feature_crosschecked,remove only if below frozen support threshold or otherwise excluded by frozen schema,False,,,,,,,8919,1987,8862,57,0.9936091490077363,0.006390850992263707,1987,1.0,2,3,False,False,False,6707,1987,5454,1253,0.8131802594304458,0.1868197405695542,1858,0.9350780070457977,2,3,False,False,False,binary_numeric_candidate,binary_or_one_hot_review,numeric_looking_code_requires_semantic_review,8862,1.0,8862,1.0,8862,0,0.0,0,0,0,0,2,8862,009_over_500,numeric_looking_code_requires_semantic_review,none_profile_only
MMSE,visit,22,MMHAND,candidate_input_feature_crosschecked,remove only if below frozen support threshold or otherwise excluded by frozen schema,False,,,,,,,8919,1987,8862,57,0.9936091490077363,0.006390850992263707,1987,1.0,2,3,False,False,False,6707,1987,5454,1253,0.8131802594304458,0.1868197405695542,1858,0.9350780070457977,2,3,False,False,False,binary_numeric_candidate,binary_or_one_hot_review,numeric_looking_code_requires_semantic_review,8862,1.0,8862,1.0,8862,0,0.0,0,0,0,0,2,8862,009_over_500,numeric_looking_code_requires_semantic_review,none_profile_only
MMSE,visit,23,MMFOLD,candidate_input_feature_crosschecked,remove only if below frozen support threshold or otherwise excluded by frozen schema,False,,,,,,,8919,1987,8861,58,0.9934970288148895,0.006502971185110438,1987,1.0,2,3,False,False,False,6707,1987,5454,1253,0.8131802594304458,0.1868197405695542,1858,0.9350780070457977,2,3,False,False,False,binary_numeric_candidate,binary_or_one_hot_review,numeric_looking_code_requires_semantic_review,8861,1.0,8861,1.0,8861,0,0.0,0,0,0,0,2,8861,009_over_500,numeric_looking_code_requires_semantic_review,none_profile_only
MMSE,visit,24,MMONFLR,candidate_input_feature_crosschecked,remove only if below frozen support threshold or otherwise excluded by frozen schema,False,,,,,,,8919,1987,8860,59,0.9933849086220429,0.00661509137795717,1987,1.0,2,3,False,False,False,6707,1987,5453,1254,0.8130311614730878,0.18696883852691218,1858,0.9350780070457977,2,3,False,False,False,binary_numeric_candidate,binary_or_one_hot_review,numeric_looking_code_requires_semantic_review,8860,1.0,8860,1.0,8860,0,0.0,0,0,0,0,2,8860,009_over_500,numeric_looking_code_requires_semantic_review,none_profile_only
MMSE,visit,25,MMREAD,candidate_input_feature_crosschecked,remove only if below frozen support threshold or otherwise excluded by frozen schema,False,,,,,,,8919,1987,8863,56,0.993721269200583,0.006278730799416975,1987,1.0,2,3,False,False,False,6707,1987,5454,1253,0.8131802594304458,0.1868197405695542,1858,0.9350780070457977,2,3,False,False,False,binary_numeric_candidate,binary_or_one_hot_review,numeric_looking_code_requires_semantic_review,8863,1.0,8863,1.0,8863,0,0.0,0,0,0,0,2,8863,009_over_500,numeric_looking_code_requires_semantic_review,none_profile_only
MMSE,visit,26,MMWRITE,candidate_input_feature_crosschecked,remove only if below frozen support threshold or otherwise excluded by frozen schema,False,,,,,,,8919,1987,8863,56,0.993721269200583,0.006278730799416975,1987,1.0,2,3,False,False,False,6707,1987,5454,1253,0.8131802594304458,0.1868197405695542,1858,0.9350780070457977,2,3,False,False,False,binary_numeric_candidate,binary_or_one_hot_review,numeric_looking_code_requires_semantic_review,8863,1.0,8863,1.0,8863,0,0.0,0,0,0,0,2,8863,009_over_500,numeric_looking_code_requires_semantic_review,none_profile_only
MMSE,visit,27,MMDRAW,candidate_input_feature_crosschecked,remove only if below frozen support threshold or otherwise excluded by frozen schema,False,,,,,,,8919,1987,8861,58,0.9934970288148895,0.006502971185110438,1987,1.0,2,3,False,False,False,6707,1987,5453,1254,0.8130311614730878,0.18696883852691218,1858,0.9350780070457977,2,3,False,False,False,binary_numeric_candidate,binary_or_one_hot_review,numeric_looking_code_requires_semantic_review,8861,1.0,8861,1.0,8861,0,0.0,0,0,0,0,2,8861,009_over_500,numeric_looking_code_requires_semantic_review,none_profile_only
MMSE,visit,28,MMSCORE,candidate_input_feature_crosschecked,remove only if below frozen support threshold or otherwise excluded by frozen schema,True,retain,numeric,numeric_identity,official_summary_score,retain_official_summary_score_policy,BENCHMARK04C,8919,1987,8852,67,0.992487947079269,0.0075120529207310235,1987,1.0,31,32,False,False,False,6707,1987,5452,1255,0.8128820635157298,0.18711793648427016,1858,0.9350780070457977,28,29,False,False,False,numeric_candidate,numeric_median_imputation,,8852,1.0,8852,1.0,8852,0,0.0,0,0,0,0,31,8852,009_over_500,a06_semantic_directive_locked,none_profile_only
MMSE,visit,29,MM_WORLD_SCORE,candidate_input_feature_crosschecked,remove only if below frozen support threshold or otherwise excluded by frozen schema,True,derive_retain,numeric,numeric_identity,harmonized_world_backwards_score,canonical_0_to_5_cross_phase_representation,A06,8919,1987,8853,66,0.9926000672721157,0.007399932727884292,1987,1.0,6,7,False,False,False,6707,1987,5451,1256,0.8127329655583718,0.18726703444162815,1858,0.9350780070457977,6,7,False,False,False,categorical_numeric_code_candidate,one_hot_or_numeric_review,numeric_looking_code_requires_semantic_review,8853,1.0,8853,1.0,8853,0,0.0,0,0,0,0,6,8853,009_over_500,numeric_looking_code_requires_semantic_review|a06_semantic_directive_locked,none_profile_only
MOCA,visit,1,TRAILS,candidate_input_feature_crosschecked,remove only if below frozen support threshold or otherwise excluded by frozen schema,False,,,,,,,6095,1487,6085,10,0.9983593109105825,0.0016406890894175555,1487,1.0,2,3,False,False,False,6707,1987,2720,3987,0.40554644401371703,0.594453555986283,1037,0.5218922999496729,2,3,False,False,False,binary_numeric_candidate,binary_or_one_hot_review,numeric_looking_code_requires_semantic_review,6085,1.0,6085,1.0,6085,0,0.0,0,0,0,0,2,6085,009_over_500,numeric_looking_code_requires_semantic_review,none_profile_only
MOCA,visit,2,CUBE,candidate_input_feature_crosschecked,remove only if below frozen support threshold or otherwise excluded by frozen schema,False,,,,,,,6095,1487,6085,10,0.9983593109105825,0.0016406890894175555,1487,1.0,2,3,False,False,False,6707,1987,2721,3986,0.405695541971075,0.594304458028925,1039,0.5228988424760946,2,3,False,False,False,binary_numeric_candidate,binary_or_one_hot_review,numeric_looking_code_requires_semantic_review,6085,1.0,6085,1.0,6085,0,0.0,0,0,0,0,2,6085,009_over_500,numeric_looking_code_requires_semantic_review,none_profile_only
MOCA,visit,3,CLOCKCON,candidate_input_feature_crosschecked,remove only if below frozen support threshold or otherwise excluded by frozen schema,False,,,,,,,6095,1487,6078,17,0.9972108285479901,0.002789171452009844,1487,1.0,2,3,False,False,False,6707,1987,2717,3990,0.40509915014164305,0.5949008498583569,1035,0.5208857574232512,2,3,False,False,False,binary_numeric_candidate,binary_or_one_hot_review,numeric_looking_code_requires_semantic_review,6078,1.0,6078,1.0,6078,0,0.0,0,0,0,0,2,6078,009_over_500,numeric_looking_code_requires_semantic_review,none_profile_only
MOCA,visit,4,CLOCKNO,candidate_input_feature_crosschecked,remove only if below frozen support threshold or otherwise excluded by frozen schema,False,,,,,,,6095,1487,6076,19,0.9968826907301066,0.003117309269893355,1487,1.0,2,3,False,False,False,6707,1987,2717,3990,0.40509915014164305,0.5949008498583569,1035,0.5208857574232512,2,3,False,False,False,binary_numeric_candidate,binary_or_one_hot_review,numeric_looking_code_requires_semantic_review,6076,1.0,6076,1.0,6076,0,0.0,0,0,0,0,2,6076,009_over_500,numeric_looking_code_requires_semantic_review,none_profile_only
MOCA,visit,5,CLOCKHAN,candidate_input_feature_crosschecked,remove only if below frozen support threshold or otherwise excluded by frozen schema,False,,,,,,,6095,1487,6075,20,0.9967186218211649,0.003281378178835111,1487,1.0,2,3,False,False,False,6707,1987,2717,3990,0.40509915014164305,0.5949008498583569,1035,0.5208857574232512,2,3,False,False,False,binary_numeric_candidate,binary_or_one_hot_review,numeric_looking_code_requires_semantic_review,6075,1.0,6075,1.0,6075,0,0.0,0,0,0,0,2,6075,009_over_500,numeric_looking_code_requires_semantic_review,none_profile_only
MOCA,visit,6,LION,candidate_input_feature_crosschecked,remove only if below frozen support threshold or otherwise excluded by frozen schema,False,,,,,,,6095,1487,6088,7,0.9988515176374078,0.0011484823625922888,1487,1.0,2,3,False,False,False,6707,1987,2721,3986,0.405695541971075,0.594304458028925,1038,0.5223955712128837,2,3,False,False,False,binary_numeric_candidate,binary_or_one_hot_review,numeric_looking_code_requires_semantic_review,6088,1.0,6088,1.0,6088,0,0.0,0,0,0,0,2,6088,009_over_500,numeric_looking_code_requires_semantic_review,none_profile_only
MOCA,visit,7,RHINO,candidate_input_feature_crosschecked,remove only if below frozen support threshold or otherwise excluded by frozen schema,False,,,,,,,6095,1487,6087,8,0.9986874487284659,0.0013125512715340443,1487,1.0,2,3,False,False,False,6707,1987,2721,3986,0.405695541971075,0.594304458028925,1038,0.5223955712128837,2,3,False,False,False,binary_numeric_candidate,binary_or_one_hot_review,numeric_looking_code_requires_semantic_review,6087,1.0,6087,1.0,6087,0,0.0,0,0,0,0,2,6087,009_over_500,numeric_looking_code_requires_semantic_review,none_profile_only
MOCA,visit,8,CAMEL,candidate_input_feature_crosschecked,remove only if below frozen support threshold or otherwise excluded by frozen schema,False,,,,,,,6095,1487,6088,7,0.9988515176374078,0.0011484823625922888,1487,1.0,2,3,False,False,False,6707,1987,2721,3986,0.405695541971075,0.594304458028925,1038,0.5223955712128837,2,3,False,False,False,binary_numeric_candidate,binary_or_one_hot_review,numeric_looking_code_requires_semantic_review,6088,1.0,6088,1.0,6088,0,0.0,0,0,0,0,2,6088,009_over_500,numeric_looking_code_requires_semantic_review,none_profile_only
MOCA,visit,9,IMMT1W1,candidate_input_feature_crosschecked,remove only if below frozen support threshold or otherwise excluded by frozen schema,False,,,,,,,6095,1487,6071,24,0.9960623461853979,0.003937653814602133,1486,0.9993275050437121,2,3,False,False,False,6707,1987,2715,3992,0.4048009542269271,0.5951990457730729,1036,0.521389028686462,2,3,False,False,False,binary_numeric_candidate,binary_or_one_hot_review,numeric_looking_code_requires_semantic_review,6071,1.0,6071,1.0,6071,0,0.0,0,0,0,0,2,6071,009_over_500,numeric_looking_code_requires_semantic_review,none_profile_only
MOCA,visit,10,IMMT1W2,candidate_input_feature_crosschecked,remove only if below frozen support threshold or otherwise excluded by frozen schema,False,,,,,,,6095,1487,6069,26,0.9957342083675144,0.004265791632485644,1487,1.0,2,3,False,False,False,6707,1987,2713,3994,0.4045027583122111,0.5954972416877888,1037,0.5218922999496729,2,3,False,False,False,binary_numeric_candidate,binary_or_one_hot_review,numeric_looking_code_requires_semantic_review,6069,1.0,6069,1.0,6069,0,0.0,0,0,0,0,2,6069,009_over_500,numeric_looking_code_requires_semantic_review,none_profile_only
MOCA,visit,11,IMMT1W3,candidate_input_feature_crosschecked,remove only if below frozen support threshold or otherwise excluded by frozen schema,False,,,,,,,6095,1487,6064,31,0.9949138638228056,0.005086136177194421,1486,0.9993275050437121,2,3,False,False,False,6707,1987,2713,3994,0.4045027583122111,0.5954972416877888,1037,0.5218922999496729,2,3,False,False,False,binary_numeric_candidate,binary_or_one_hot_review,numeric_looking_code_requires_semantic_review,6064,1.0,6064,1.0,6064,0,0.0,0,0,0,0,2,6064,009_over_500,numeric_looking_code_requires_semantic_review,none_profile_only
MOCA,visit,12,IMMT1W4,candidate_input_feature_crosschecked,remove only if below frozen support threshold or otherwise excluded by frozen schema,False,,,,,,,6095,1487,6068,27,0.9955701394585726,0.004429860541427399,1487,1.0,2,3,False,False,False,6707,1987,2710,3997,0.4040554644401372,0.5959445355598628,1036,0.521389028686462,2,3,False,False,False,binary_numeric_candidate,binary_or_one_hot_review,numeric_looking_code_requires_semantic_review,6068,1.0,6068,1.0,6068,0,0.0,0,0,0,0,2,6068,009_over_500,numeric_looking_code_requires_semantic_review,none_profile_only
MOCA,visit,13,IMMT1W5,candidate_input_feature_crosschecked,remove only if below frozen support threshold or otherwise excluded by frozen schema,False,,,,,,,6095,1487,6079,16,0.9973748974569319,0.0026251025430680886,1487,1.0,2,3,False,False,False,6707,1987,2718,3989,0.40524824809900106,0.5947517519009989,1038,0.5223955712128837,2,3,False,False,False,binary_numeric_candidate,binary_or_one_hot_review,numeric_looking_code_requires_semantic_review,6079,1.0,6079,1.0,6079,0,0.0,0,0,0,0,2,6079,009_over_500,numeric_looking_code_requires_semantic_review,none_profile_only
MOCA,visit,14,IMMT2W1,candidate_input_feature_crosschecked,remove only if below frozen support threshold or otherwise excluded by frozen schema,False,,,,,,,6095,1487,6063,32,0.9947497949138638,0.005250205086136177,1487,1.0,2,3,False,False,False,6707,1987,2712,3995,0.40435366035485315,0.5956463396451469,1035,0.5208857574232512,2,3,False,False,False,binary_numeric_candidate,binary_or_one_hot_review,numeric_looking_code_requires_semantic_review,6063,1.0,6063,1.0,6063,0,0.0,0,0,0,0,2,6063,009_over_500,numeric_looking_code_requires_semantic_review,none_profile_only
MOCA,visit,15,IMMT2W2,candidate_input_feature_crosschecked,remove only if below frozen support threshold or otherwise excluded by frozen schema,False,,,,,,,6095,1487,6067,28,0.9954060705496308,0.004593929450369155,1487,1.0,2,3,False,False,False,6707,1987,2713,3994,0.4045027583122111,0.5954972416877888,1035,0.5208857574232512,2,3,False,False,False,binary_numeric_candidate,binary_or_one_hot_review,numeric_looking_code_requires_semantic_review,6067,1.0,6067,1.0,6067,0,0.0,0,0,0,0,2,6067,009_over_500,numeric_looking_code_requires_semantic_review,none_profile_only
MOCA,visit,16,IMMT2W3,candidate_input_feature_crosschecked,remove only if below frozen support threshold or otherwise excluded by frozen schema,False,,,,,,,6095,1487,6065,30,0.9950779327317474,0.004922067268252666,1487,1.0,2,3,False,False,False,6707,1987,2713,3994,0.4045027583122111,0.5954972416877888,1037,0.5218922999496729,2,3,False,False,False,binary_numeric_candidate,binary_or_one_hot_review,numeric_looking_code_requires_semantic_review,6065,1.0,6065,1.0,6065,0,0.0,0,0,0,0,2,6065,009_over_500,numeric_looking_code_requires_semantic_review,none_profile_only
MOCA,visit,17,IMMT2W4,candidate_input_feature_crosschecked,remove only if below frozen support threshold or otherwise excluded by frozen schema,False,,,,,,,6095,1487,6063,32,0.9947497949138638,0.005250205086136177,1486,0.9993275050437121,2,3,False,False,False,6707,1987,2711,3996,0.40420456239749514,0.5957954376025049,1037,0.5218922999496729,2,3,False,False,False,binary_numeric_candidate,binary_or_one_hot_review,numeric_looking_code_requires_semantic_review,6063,1.0,6063,1.0,6063,0,0.0,0,0,0,0,2,6063,009_over_500,numeric_looking_code_requires_semantic_review,none_profile_only
MOCA,visit,18,IMMT2W5,candidate_input_feature_crosschecked,remove only if below frozen support threshold or otherwise excluded by frozen schema,False,,,,,,,6095,1487,6071,24,0.9960623461853979,0.003937653814602133,1487,1.0,2,3,False,False,False,6707,1987,2717,3990,0.40509915014164305,0.5949008498583569,1037,0.5218922999496729,2,3,False,False,False,binary_numeric_candidate,binary_or_one_hot_review,numeric_looking_code_requires_semantic_review,6071,1.0,6071,1.0,6071,0,0.0,0,0,0,0,2,6071,009_over_500,numeric_looking_code_requires_semantic_review,none_profile_only
MOCA,visit,19,DIGFOR,candidate_input_feature_crosschecked,remove only if below frozen support threshold or otherwise excluded by frozen schema,False,,,,,,,6095,1487,6087,8,0.9986874487284659,0.0013125512715340443,1487,1.0,2,3,False,False,False,6707,1987,2721,3986,0.405695541971075,0.594304458028925,1039,0.5228988424760946,2,3,False,False,False,binary_numeric_candidate,binary_or_one_hot_review,numeric_looking_code_requires_semantic_review,6087,1.0,6087,1.0,6087,0,0.0,0,0,0,0,2,6087,009_over_500,numeric_looking_code_requires_semantic_review,none_profile_only
MOCA,visit,20,DIGBACK,candidate_input_feature_crosschecked,remove only if below frozen support threshold or otherwise excluded by frozen schema,False,,,,,,,6095,1487,6085,10,0.9983593109105825,0.0016406890894175555,1487,1.0,2,3,False,False,False,6707,1987,2721,3986,0.405695541971075,0.594304458028925,1039,0.5228988424760946,2,3,False,False,False,binary_numeric_candidate,binary_or_one_hot_review,numeric_looking_code_requires_semantic_review,6085,1.0,6085,1.0,6085,0,0.0,0,0,0,0,2,6085,009_over_500,numeric_looking_code_requires_semantic_review,none_profile_only
MOCA,visit,21,LETTERS,candidate_input_feature_crosschecked,remove only if below frozen support threshold or otherwise excluded by frozen schema,False,,,,,,,6095,1487,6070,25,0.9958982772764561,0.004101722723543888,1486,0.9993275050437121,22,23,False,False,False,6707,1987,2714,3993,0.4046518562695691,0.5953481437304309,1037,0.5218922999496729,18,19,False,False,False,numeric_candidate,numeric_median_imputation,,6070,1.0,6070,1.0,6070,0,0.0,0,0,0,0,22,6070,009_over_500,,none_profile_only
MOCA,visit,22,SERIAL1,candidate_input_feature_crosschecked,remove only if below frozen support threshold or otherwise excluded by frozen schema,False,,,,,,,6095,1487,6068,27,0.9955701394585726,0.004429860541427399,1487,1.0,2,3,False,False,False,6707,1987,2715,3992,0.4048009542269271,0.5951990457730729,1037,0.5218922999496729,2,3,False,False,False,binary_numeric_candidate,binary_or_one_hot_review,numeric_looking_code_requires_semantic_review,6068,1.0,6068,1.0,6068,0,0.0,0,0,0,0,2,6068,009_over_500,numeric_looking_code_requires_semantic_review,none_profile_only
MOCA,visit,23,SERIAL2,candidate_input_feature_crosschecked,remove only if below frozen support threshold or otherwise excluded by frozen schema,False,,,,,,,6095,1487,6054,41,0.993273174733388,0.006726825266611977,1487,1.0,2,3,False,False,False,6707,1987,2709,3998,0.40390636648277917,0.5960936335172208,1035,0.5208857574232512,2,3,False,False,False,binary_numeric_candidate,binary_or_one_hot_review,numeric_looking_code_requires_semantic_review,6054,1.0,6054,1.0,6054,0,0.0,0,0,0,0,2,6054,009_over_500,numeric_looking_code_requires_semantic_review,none_profile_only
MOCA,visit,24,SERIAL3,candidate_input_feature_crosschecked,remove only if below frozen support threshold or otherwise excluded by frozen schema,False,,,,,,,6095,1487,6044,51,0.9916324856439704,0.008367514356029532,1485,0.9986550100874243,2,3,False,False,False,6707,1987,2705,4002,0.4033099746533472,0.5966900253466527,1033,0.5198792148968294,2,3,False,False,False,binary_numeric_candidate,binary_or_one_hot_review,numeric_looking_code_requires_semantic_review,6044,1.0,6044,1.0,6044,0,0.0,0,0,0,0,2,6044,009_over_500,numeric_looking_code_requires_semantic_review,none_profile_only
MOCA,visit,25,SERIAL4,candidate_input_feature_crosschecked,remove only if below frozen support threshold or otherwise excluded by frozen schema,False,,,,,,,6095,1487,6043,52,0.9914684167350287,0.008531583264971289,1485,0.9986550100874243,2,3,False,False,False,6707,1987,2705,4002,0.4033099746533472,0.5966900253466527,1033,0.5198792148968294,2,3,False,False,False,binary_numeric_candidate,binary_or_one_hot_review,numeric_looking_code_requires_semantic_review,6043,1.0,6043,1.0,6043,0,0.0,0,0,0,0,2,6043,009_over_500,numeric_looking_code_requires_semantic_review,none_profile_only
MOCA,visit,26,SERIAL5,candidate_input_feature_crosschecked,remove only if below frozen support threshold or otherwise excluded by frozen schema,False,,,,,,,6095,1487,6041,54,0.9911402789171452,0.008859721082854799,1485,0.9986550100874243,2,3,False,False,False,6707,1987,2705,4002,0.4033099746533472,0.5966900253466527,1033,0.5198792148968294,2,3,False,False,False,binary_numeric_candidate,binary_or_one_hot_review,numeric_looking_code_requires_semantic_review,6041,1.0,6041,1.0,6041,0,0.0,0,0,0,0,2,6041,009_over_500,numeric_looking_code_requires_semantic_review,none_profile_only
MOCA,visit,27,REPEAT1,candidate_input_feature_crosschecked,remove only if below frozen support threshold or otherwise excluded by frozen schema,False,,,,,,,6095,1487,6086,9,0.9985233798195242,0.0014766201804757998,1487,1.0,2,3,False,False,False,6707,1987,2720,3987,0.40554644401371703,0.594453555986283,1038,0.5223955712128837,2,3,False,False,False,binary_numeric_candidate,binary_or_one_hot_review,numeric_looking_code_requires_semantic_review,6086,1.0,6086,1.0,6086,0,0.0,0,0,0,0,2,6086,009_over_500,numeric_looking_code_requires_semantic_review,none_profile_only
MOCA,visit,28,REPEAT2,candidate_input_feature_crosschecked,remove only if below frozen support threshold or otherwise excluded by frozen schema,False,,,,,,,6095,1487,6086,9,0.9985233798195242,0.0014766201804757998,1487,1.0,2,3,False,False,False,6707,1987,2720,3987,0.40554644401371703,0.594453555986283,1038,0.5223955712128837,2,3,False,False,False,binary_numeric_candidate,binary_or_one_hot_review,numeric_looking_code_requires_semantic_review,6086,1.0,6086,1.0,6086,0,0.0,0,0,0,0,2,6086,009_over_500,numeric_looking_code_requires_semantic_review,none_profile_only
MOCA,visit,29,FFLUENCY,candidate_input_feature_crosschecked,remove only if below frozen support threshold or otherwise excluded by frozen schema,False,,,,,,,6095,1487,6078,17,0.9972108285479901,0.002789171452009844,1487,1.0,32,33,False,False,False,6707,1987,2714,3993,0.4046518562695691,0.5953481437304309,1038,0.5223955712128837,31,32,False,False,False,numeric_candidate,numeric_median_imputation,,6078,1.0,6078,1.0,6078,0,0.0,0,0,0,0,32,6078,009_over_500,,none_profile_only
MOCA,visit,30,ABSTRAN,candidate_input_feature_crosschecked,remove only if below frozen support threshold or otherwise excluded by frozen schema,False,,,,,,,6095,1487,6076,19,0.9968826907301066,0.003117309269893355,1487,1.0,2,3,False,False,False,6707,1987,2718,3989,0.40524824809900106,0.5947517519009989,1038,0.5223955712128837,2,3,False,False,False,binary_numeric_candidate,binary_or_one_hot_review,numeric_looking_code_requires_semantic_review,6076,1.0,6076,1.0,6076,0,0.0,0,0,0,0,2,6076,009_over_500,numeric_looking_code_requires_semantic_review,none_profile_only
MOCA,visit,31,ABSMEAS,candidate_input_feature_crosschecked,remove only if below frozen support threshold or otherwise excluded by frozen schema,False,,,,,,,6095,1487,6075,20,0.9967186218211649,0.003281378178835111,1487,1.0,2,3,False,False,False,6707,1987,2718,3989,0.40524824809900106,0.5947517519009989,1038,0.5223955712128837,2,3,False,False,False,binary_numeric_candidate,binary_or_one_hot_review,numeric_looking_code_requires_semantic_review,6075,1.0,6075,1.0,6075,0,0.0,0,0,0,0,2,6075,009_over_500,numeric_looking_code_requires_semantic_review,none_profile_only
MOCA,visit,32,DELW1,candidate_input_feature_crosschecked,remove only if below frozen support threshold or otherwise excluded by frozen schema,True,retain,categorical,categorical_identity,delayed_recall_response_or_cue_mode,distinct_response_modes_not_linear_scale,BENCHMARK04C,6095,1487,6067,28,0.9954060705496308,0.004593929450369155,1487,1.0,4,5,False,False,False,6707,1987,2710,3997,0.4040554644401372,0.5959445355598628,1037,0.5218922999496729,4,5,False,False,False,categorical_numeric_code_candidate,one_hot_or_numeric_review,numeric_looking_code_requires_semantic_review,6067,1.0,6067,1.0,6067,0,0.0,0,0,0,0,4,6067,009_over_500,numeric_looking_code_requires_semantic_review|a06_semantic_directive_locked,none_profile_only
MOCA,visit,33,DELW2,candidate_input_feature_crosschecked,remove only if below frozen support threshold or otherwise excluded by frozen schema,True,retain,categorical,categorical_identity,delayed_recall_response_or_cue_mode,distinct_response_modes_not_linear_scale,BENCHMARK04C,6095,1487,6070,25,0.9958982772764561,0.004101722723543888,1487,1.0,4,5,False,False,False,6707,1987,2711,3996,0.40420456239749514,0.5957954376025049,1038,0.5223955712128837,4,5,False,False,False,categorical_numeric_code_candidate,one_hot_or_numeric_review,numeric_looking_code_requires_semantic_review,6070,1.0,6070,1.0,6070,0,0.0,0,0,0,0,4,6070,009_over_500,numeric_looking_code_requires_semantic_review|a06_semantic_directive_locked,none_profile_only
MOCA,visit,34,DELW3,candidate_input_feature_crosschecked,remove only if below frozen support threshold or otherwise excluded by frozen schema,True,retain,categorical,categorical_identity,delayed_recall_response_or_cue_mode,distinct_response_modes_not_linear_scale,BENCHMARK04C,6095,1487,6066,29,0.9952420016406891,0.00475799835931091,1487,1.0,4,5,False,False,False,6707,1987,2711,3996,0.40420456239749514,0.5957954376025049,1038,0.5223955712128837,4,5,False,False,False,categorical_numeric_code_candidate,one_hot_or_numeric_review,numeric_looking_code_requires_semantic_review,6066,1.0,6066,1.0,6066,0,0.0,0,0,0,0,4,6066,009_over_500,numeric_looking_code_requires_semantic_review|a06_semantic_directive_locked,none_profile_only
MOCA,visit,35,DELW4,candidate_input_feature_crosschecked,remove only if below frozen support threshold or otherwise excluded by frozen schema,True,retain,categorical,categorical_identity,delayed_recall_response_or_cue_mode,distinct_response_modes_not_linear_scale,BENCHMARK04C,6095,1487,6061,34,0.9944216570959803,0.005578342904019688,1487,1.0,4,5,False,False,False,6707,1987,2708,3999,0.4037572685254212,0.5962427314745788,1037,0.5218922999496729,4,5,False,False,False,categorical_numeric_code_candidate,one_hot_or_numeric_review,numeric_looking_code_requires_semantic_review,6061,1.0,6061,1.0,6061,0,0.0,0,0,0,0,4,6061,009_over_500,numeric_looking_code_requires_semantic_review|a06_semantic_directive_locked,none_profile_only
MOCA,visit,36,DELW5,candidate_input_feature_crosschecked,remove only if below frozen support threshold or otherwise excluded by frozen schema,True,retain,categorical,categorical_identity,delayed_recall_response_or_cue_mode,distinct_response_modes_not_linear_scale,BENCHMARK04C,6095,1487,6067,28,0.9954060705496308,0.004593929450369155,1487,1.0,4,5,False,False,False,6707,1987,2708,3999,0.4037572685254212,0.5962427314745788,1037,0.5218922999496729,4,5,False,False,False,categorical_numeric_code_candidate,one_hot_or_numeric_review,numeric_looking_code_requires_semantic_review,6067,1.0,6067,1.0,6067,0,0.0,0,0,0,0,4,6067,009_over_500,numeric_looking_code_requires_semantic_review|a06_semantic_directive_locked,none_profile_only
MOCA,visit,37,DATE,candidate_input_feature_crosschecked,remove only if below frozen support threshold or otherwise excluded by frozen schema,False,,,,,,,6095,1487,6079,16,0.9973748974569319,0.0026251025430680886,1487,1.0,2,3,False,False,False,6707,1987,2714,3993,0.4046518562695691,0.5953481437304309,1039,0.5228988424760946,2,3,False,False,False,binary_numeric_candidate,binary_or_one_hot_review,date_or_time_name_pattern|numeric_looking_code_requires_semantic_review,6079,1.0,6079,1.0,6079,0,0.0,0,0,0,0,2,6079,009_over_500,date_or_time_name_pattern|numeric_looking_code_requires_semantic_review,none_profile_only
MOCA,visit,38,MONTH,candidate_input_feature_crosschecked,remove only if below frozen support threshold or otherwise excluded by frozen schema,False,,,,,,,6095,1487,6079,16,0.9973748974569319,0.0026251025430680886,1487,1.0,2,3,False,False,False,6707,1987,2714,3993,0.4046518562695691,0.5953481437304309,1039,0.5228988424760946,2,3,False,False,False,binary_numeric_candidate,binary_or_one_hot_review,date_or_time_name_pattern|numeric_looking_code_requires_semantic_review,6079,1.0,6079,1.0,6079,0,0.0,0,0,0,0,2,6079,009_over_500,date_or_time_name_pattern|numeric_looking_code_requires_semantic_review,none_profile_only
MOCA,visit,39,YEAR,candidate_input_feature_crosschecked,remove only if below frozen support threshold or otherwise excluded by frozen schema,False,,,,,,,6095,1487,6079,16,0.9973748974569319,0.0026251025430680886,1487,1.0,2,3,False,False,False,6707,1987,2714,3993,0.4046518562695691,0.5953481437304309,1039,0.5228988424760946,2,3,False,False,False,binary_numeric_candidate,binary_or_one_hot_review,date_or_time_name_pattern|numeric_looking_code_requires_semantic_review,6079,1.0,6079,1.0,6079,0,0.0,0,0,0,0,2,6079,009_over_500,date_or_time_name_pattern|numeric_looking_code_requires_semantic_review,none_profile_only
MOCA,visit,40,DAY,candidate_input_feature_crosschecked,remove only if below frozen support threshold or otherwise excluded by frozen schema,False,,,,,,,6095,1487,6076,19,0.9968826907301066,0.003117309269893355,1487,1.0,2,3,False,False,False,6707,1987,2713,3994,0.4045027583122111,0.5954972416877888,1039,0.5228988424760946,2,3,False,False,False,binary_numeric_candidate,binary_or_one_hot_review,date_or_time_name_pattern|numeric_looking_code_requires_semantic_review,6076,1.0,6076,1.0,6076,0,0.0,0,0,0,0,2,6076,009_over_500,date_or_time_name_pattern|numeric_looking_code_requires_semantic_review,none_profile_only
MOCA,visit,41,PLACE,candidate_input_feature_crosschecked,remove only if below frozen support threshold or otherwise excluded by frozen schema,False,,,,,,,6095,1487,6077,18,0.9970467596390484,0.0029532403609515995,1487,1.0,2,3,False,False,False,6707,1987,2712,3995,0.40435366035485315,0.5956463396451469,1039,0.5228988424760946,2,3,False,False,False,binary_numeric_candidate,binary_or_one_hot_review,numeric_looking_code_requires_semantic_review,6077,1.0,6077,1.0,6077,0,0.0,0,0,0,0,2,6077,009_over_500,numeric_looking_code_requires_semantic_review,none_profile_only
MOCA,visit,42,CITY,candidate_input_feature_crosschecked,remove only if below frozen support threshold or otherwise excluded by frozen schema,False,,,,,,,6095,1487,6077,18,0.9970467596390484,0.0029532403609515995,1487,1.0,2,3,False,False,False,6707,1987,2713,3994,0.4045027583122111,0.5954972416877888,1039,0.5228988424760946,2,3,False,False,False,binary_numeric_candidate,binary_or_one_hot_review,numeric_looking_code_requires_semantic_review,6077,1.0,6077,1.0,6077,0,0.0,0,0,0,0,2,6077,009_over_500,numeric_looking_code_requires_semantic_review,none_profile_only
MOCA,visit,43,MOCA,candidate_input_feature_crosschecked,remove only if below frozen support threshold or otherwise excluded by frozen schema,True,retain,numeric,numeric_identity,official_summary_score,retain_official_summary_score_policy,BENCHMARK04C,6095,1487,2566,3529,0.4210008203445447,0.5789991796554553,943,0.6341627437794216,30,31,False,False,False,6707,1987,1161,5546,0.17310272849261965,0.8268972715073803,581,0.29240060392551587,26,27,False,False,False,numeric_candidate,numeric_median_imputation,,2566,1.0,2566,1.0,2566,0,0.0,0,0,0,0,30,2566,009_over_500,a06_semantic_directive_locked,none_profile_only
NEUROBAT,visit,1,CLOCKCIRC,candidate_input_feature_crosschecked,remove only if below frozen support threshold or otherwise excluded by frozen schema,False,,,,,,,10685,1987,8641,2044,0.8087037903603183,0.1912962096396818,1838,0.9250125817815803,2,3,False,False,False,6707,1987,4285,2422,0.6388847472789623,0.3611152527210377,1417,0.7131353799698037,2,3,False,False,False,binary_numeric_candidate,binary_or_one_hot_review,numeric_looking_code_requires_semantic_review,8641,1.0,8641,1.0,8641,0,0.0,0,0,0,0,2,8641,009_over_500,numeric_looking_code_requires_semantic_review,none_profile_only
NEUROBAT,visit,2,CLOCKSYM,candidate_input_feature_crosschecked,remove only if below frozen support threshold or otherwise excluded by frozen schema,False,,,,,,,10685,1987,8640,2045,0.8086102012166588,0.19138979878334114,1838,0.9250125817815803,2,3,False,False,False,6707,1987,4285,2422,0.6388847472789623,0.3611152527210377,1417,0.7131353799698037,2,3,False,False,False,binary_numeric_candidate,binary_or_one_hot_review,numeric_looking_code_requires_semantic_review,8640,1.0,8640,1.0,8640,0,0.0,0,0,0,0,2,8640,009_over_500,numeric_looking_code_requires_semantic_review,none_profile_only
NEUROBAT,visit,3,CLOCKNUM,candidate_input_feature_crosschecked,remove only if below frozen support threshold or otherwise excluded by frozen schema,False,,,,,,,10685,1987,8641,2044,0.8087037903603183,0.1912962096396818,1838,0.9250125817815803,2,3,False,False,False,6707,1987,4285,2422,0.6388847472789623,0.3611152527210377,1417,0.7131353799698037,2,3,False,False,False,binary_numeric_candidate,binary_or_one_hot_review,numeric_looking_code_requires_semantic_review,8641,1.0,8641,1.0,8641,0,0.0,0,0,0,0,2,8641,009_over_500,numeric_looking_code_requires_semantic_review,none_profile_only
NEUROBAT,visit,4,CLOCKHAND,candidate_input_feature_crosschecked,remove only if below frozen support threshold or otherwise excluded by frozen schema,False,,,,,,,10685,1987,8641,2044,0.8087037903603183,0.1912962096396818,1838,0.9250125817815803,2,3,False,False,False,6707,1987,4285,2422,0.6388847472789623,0.3611152527210377,1417,0.7131353799698037,2,3,False,False,False,binary_numeric_candidate,binary_or_one_hot_review,numeric_looking_code_requires_semantic_review,8641,1.0,8641,1.0,8641,0,0.0,0,0,0,0,2,8641,009_over_500,numeric_looking_code_requires_semantic_review,none_profile_only
NEUROBAT,visit,5,CLOCKTIME,candidate_input_feature_crosschecked,remove only if below frozen support threshold or otherwise excluded by frozen schema,False,,,,,,,10685,1987,8640,2045,0.8086102012166588,0.19138979878334114,1838,0.9250125817815803,2,3,False,False,False,6707,1987,4285,2422,0.6388847472789623,0.3611152527210377,1417,0.7131353799698037,2,3,False,False,False,binary_numeric_candidate,binary_or_one_hot_review,date_or_time_name_pattern|numeric_looking_code_requires_semantic_review,8640,1.0,8640,1.0,8640,0,0.0,0,0,0,0,2,8640,009_over_500,date_or_time_name_pattern|numeric_looking_code_requires_semantic_review,none_profile_only
NEUROBAT,visit,6,CLOCKSCOR,candidate_input_feature_crosschecked,remove only if below frozen support threshold or otherwise excluded by frozen schema,True,retain,numeric,numeric_identity,official_or_documented_summary_score,retain_official_summary_score_policy,BENCHMARK04C,10685,1987,8643,2042,0.8088909686476369,0.19110903135236312,1838,0.9250125817815803,6,7,False,False,False,6707,1987,4286,2421,0.6390338452363202,0.3609661547636797,1417,0.7131353799698037,6,7,False,False,False,categorical_numeric_code_candidate,one_hot_or_numeric_review,numeric_looking_code_requires_semantic_review,8643,1.0,8643,1.0,8643,0,0.0,0,0,0,0,6,8643,009_over_500,numeric_looking_code_requires_semantic_review|a06_semantic_directive_locked,none_profile_only
NEUROBAT,visit,7,COPYCIRC,candidate_input_feature_crosschecked,remove only if below frozen support threshold or otherwise excluded by frozen schema,False,,,,,,,10685,1987,8645,2040,0.8090781469349555,0.19092185306504444,1837,0.9245093105183694,2,3,False,False,False,6707,1987,4286,2421,0.6390338452363202,0.3609661547636797,1417,0.7131353799698037,2,3,False,False,False,binary_numeric_candidate,binary_or_one_hot_review,numeric_looking_code_requires_semantic_review,8645,1.0,8645,1.0,8645,0,0.0,0,0,0,0,2,8645,009_over_500,numeric_looking_code_requires_semantic_review,none_profile_only
NEUROBAT,visit,8,COPYSYM,candidate_input_feature_crosschecked,remove only if below frozen support threshold or otherwise excluded by frozen schema,False,,,,,,,10685,1987,8644,2041,0.8089845577912962,0.19101544220870378,1837,0.9245093105183694,2,3,False,False,False,6707,1987,4286,2421,0.6390338452363202,0.3609661547636797,1417,0.7131353799698037,2,3,False,False,False,binary_numeric_candidate,binary_or_one_hot_review,numeric_looking_code_requires_semantic_review,8644,1.0,8644,1.0,8644,0,0.0,0,0,0,0,2,8644,009_over_500,numeric_looking_code_requires_semantic_review,none_profile_only
NEUROBAT,visit,9,COPYNUM,candidate_input_feature_crosschecked,remove only if below frozen support threshold or otherwise excluded by frozen schema,False,,,,,,,10685,1987,8645,2040,0.8090781469349555,0.19092185306504444,1837,0.9245093105183694,2,3,False,False,False,6707,1987,4286,2421,0.6390338452363202,0.3609661547636797,1417,0.7131353799698037,2,3,False,False,False,binary_numeric_candidate,binary_or_one_hot_review,numeric_looking_code_requires_semantic_review,8645,1.0,8645,1.0,8645,0,0.0,0,0,0,0,2,8645,009_over_500,numeric_looking_code_requires_semantic_review,none_profile_only
NEUROBAT,visit,10,COPYHAND,candidate_input_feature_crosschecked,remove only if below frozen support threshold or otherwise excluded by frozen schema,False,,,,,,,10685,1987,8644,2041,0.8089845577912962,0.19101544220870378,1837,0.9245093105183694,2,3,False,False,False,6707,1987,4286,2421,0.6390338452363202,0.3609661547636797,1417,0.7131353799698037,2,3,False,False,False,binary_numeric_candidate,binary_or_one_hot_review,numeric_looking_code_requires_semantic_review,8644,1.0,8644,1.0,8644,0,0.0,0,0,0,0,2,8644,009_over_500,numeric_looking_code_requires_semantic_review,none_profile_only
NEUROBAT,visit,11,COPYTIME,candidate_input_feature_crosschecked,remove only if below frozen support threshold or otherwise excluded by frozen schema,False,,,,,,,10685,1987,8644,2041,0.8089845577912962,0.19101544220870378,1837,0.9245093105183694,2,3,False,False,False,6707,1987,4286,2421,0.6390338452363202,0.3609661547636797,1417,0.7131353799698037,2,3,False,False,False,binary_numeric_candidate,binary_or_one_hot_review,date_or_time_name_pattern|numeric_looking_code_requires_semantic_review,8644,1.0,8644,1.0,8644,0,0.0,0,0,0,0,2,8644,009_over_500,date_or_time_name_pattern|numeric_looking_code_requires_semantic_review,none_profile_only
NEUROBAT,visit,12,COPYSCOR,candidate_input_feature_crosschecked,remove only if below frozen support threshold or otherwise excluded by frozen schema,True,retain,numeric,numeric_identity,official_or_documented_summary_score,retain_official_summary_score_policy,BENCHMARK04C,10685,1987,8645,2040,0.8090781469349555,0.19092185306504444,1837,0.9245093105183694,6,7,False,False,False,6707,1987,4287,2420,0.6391829431936783,0.36081705680632176,1417,0.7131353799698037,6,7,False,False,False,categorical_numeric_code_candidate,one_hot_or_numeric_review,numeric_looking_code_requires_semantic_review,8645,1.0,8645,1.0,8645,0,0.0,0,0,0,0,6,8645,009_over_500,numeric_looking_code_requires_semantic_review|a06_semantic_directive_locked,none_profile_only
NEUROBAT,visit,13,LIMMTOTAL,candidate_input_feature_crosschecked,remove only if below frozen support threshold or otherwise excluded by frozen schema,False,,,,,,,10685,1987,7494,3191,0.7013570425830604,0.29864295741693964,1986,0.9994967287367891,26,27,False,False,False,6707,1987,4421,2286,0.6591620694796482,0.3408379305203519,1819,0.9154504277805737,26,27,False,False,False,numeric_candidate,numeric_median_imputation,,7494,1.0,7494,1.0,7494,0,0.0,0,0,0,0,26,7494,009_over_500,,none_profile_only
NEUROBAT,visit,14,AVTOT1,candidate_input_feature_crosschecked,remove only if below frozen support threshold or otherwise excluded by frozen schema,False,,,,,,,10685,1987,8629,2056,0.8075807206364062,0.19241927936359382,1837,0.9245093105183694,16,17,False,False,False,6707,1987,4279,2428,0.6379901595348144,0.36200984046518564,1414,0.7116255661801711,16,17,False,False,False,categorical_numeric_code_candidate,one_hot_or_numeric_review,numeric_looking_code_requires_semantic_review,8629,1.0,8629,1.0,8629,0,0.0,0,0,0,0,16,8629,009_over_500,numeric_looking_code_requires_semantic_review,none_profile_only
NEUROBAT,visit,15,AVERR1,candidate_input_feature_crosschecked,remove only if below frozen support threshold or otherwise excluded by frozen schema,False,,,,,,,10685,1987,8619,2066,0.8066448291998128,0.1933551708001872,1833,0.9224962254655259,14,15,False,False,False,6707,1987,4277,2430,0.6376919636200984,0.3623080363799016,1414,0.7116255661801711,12,13,False,False,False,categorical_numeric_code_candidate,one_hot_or_numeric_review,numeric_looking_code_requires_semantic_review,8619,1.0,8619,1.0,8619,0,0.0,0,0,0,0,14,8619,009_over_500,numeric_looking_code_requires_semantic_review,none_profile_only
NEUROBAT,visit,16,AVTOT2,candidate_input_feature_crosschecked,remove only if below frozen support threshold or otherwise excluded by frozen schema,False,,,,,,,10685,1987,8624,2061,0.8071127749181095,0.1928872250818905,1837,0.9245093105183694,16,17,False,False,False,6707,1987,4276,2431,0.6375428656627404,0.36245713433725957,1413,0.7111222949169602,16,17,False,False,False,categorical_numeric_code_candidate,one_hot_or_numeric_review,numeric_looking_code_requires_semantic_review,8624,1.0,8624,1.0,8624,0,0.0,0,0,0,0,16,8624,009_over_500,numeric_looking_code_requires_semantic_review,none_profile_only
NEUROBAT,visit,17,AVERR2,candidate_input_feature_crosschecked,remove only if below frozen support threshold or otherwise excluded by frozen schema,False,,,,,,,10685,1987,8615,2070,0.8062704726251755,0.19372952737482452,1834,0.9229994967287368,12,13,False,False,False,6707,1987,4274,2433,0.6372446697480244,0.36275533025197554,1413,0.7111222949169602,9,10,False,False,False,categorical_numeric_code_candidate,one_hot_or_numeric_review,numeric_looking_code_requires_semantic_review,8615,1.0,8615,1.0,8615,0,0.0,0,0,0,0,12,8615,009_over_500,numeric_looking_code_requires_semantic_review,none_profile_only
NEUROBAT,visit,18,AVTOT3,candidate_input_feature_crosschecked,remove only if below frozen support threshold or otherwise excluded by frozen schema,False,,,,,,,10685,1987,8611,2074,0.8058961160505381,0.19410388394946188,1837,0.9245093105183694,16,17,False,False,False,6707,1987,4274,2433,0.6372446697480244,0.36275533025197554,1413,0.7111222949169602,16,17,False,False,False,categorical_numeric_code_candidate,one_hot_or_numeric_review,numeric_looking_code_requires_semantic_review,8611,1.0,8611,1.0,8611,0,0.0,0,0,0,0,16,8611,009_over_500,numeric_looking_code_requires_semantic_review,none_profile_only
NEUROBAT,visit,19,AVERR3,candidate_input_feature_crosschecked,remove only if below frozen support threshold or otherwise excluded by frozen schema,False,,,,,,,10685,1987,8599,2086,0.8047730463266262,0.1952269536733739,1832,0.9219929542023151,14,15,False,False,False,6707,1987,4271,2436,0.6367973758759505,0.3632026241240495,1413,0.7111222949169602,13,14,False,False,False,categorical_numeric_code_candidate,one_hot_or_numeric_review,numeric_looking_code_requires_semantic_review,8599,1.0,8599,1.0,8599,0,0.0,0,0,0,0,14,8599,009_over_500,numeric_looking_code_requires_semantic_review,none_profile_only
NEUROBAT,visit,20,AVTOT4,candidate_input_feature_crosschecked,remove only if below frozen support threshold or otherwise excluded by frozen schema,False,,,,,,,10685,1987,8603,2082,0.8051474029012634,0.19485259709873654,1837,0.9245093105183694,16,17,False,False,False,6707,1987,4269,2438,0.6364991799612345,0.3635008200387655,1413,0.7111222949169602,16,17,False,False,False,categorical_numeric_code_candidate,one_hot_or_numeric_review,numeric_looking_code_requires_semantic_review,8603,1.0,8603,1.0,8603,0,0.0,0,0,0,0,16,8603,009_over_500,numeric_looking_code_requires_semantic_review,none_profile_only
NEUROBAT,visit,21,AVERR4,candidate_input_feature_crosschecked,remove only if below frozen support threshold or otherwise excluded by frozen schema,False,,,,,,,10685,1987,8590,2095,0.8039307440336921,0.19606925596630792,1831,0.9214896829391042,13,14,False,False,False,6707,1987,4266,2441,0.6360518860891605,0.3639481139108394,1412,0.7106190236537494,13,14,False,False,False,categorical_numeric_code_candidate,one_hot_or_numeric_review,numeric_looking_code_requires_semantic_review,8590,1.0,8590,1.0,8590,0,0.0,0,0,0,0,13,8590,009_over_500,numeric_looking_code_requires_semantic_review,none_profile_only
NEUROBAT,visit,22,AVTOT5,candidate_input_feature_crosschecked,remove only if below frozen support threshold or otherwise excluded by frozen schema,False,,,,,,,10685,1987,8599,2086,0.8047730463266262,0.1952269536733739,1836,0.9240060392551586,16,17,False,False,False,6707,1987,4267,2440,0.6362009840465186,0.36379901595348146,1413,0.7111222949169602,16,17,False,False,False,categorical_numeric_code_candidate,one_hot_or_numeric_review,numeric_looking_code_requires_semantic_review,8599,1.0,8599,1.0,8599,0,0.0,0,0,0,0,16,8599,009_over_500,numeric_looking_code_requires_semantic_review,none_profile_only
NEUROBAT,visit,23,AVERR5,candidate_input_feature_crosschecked,remove only if below frozen support threshold or otherwise excluded by frozen schema,False,,,,,,,10685,1987,8588,2097,0.8037435657463734,0.19625643425362657,1831,0.9214896829391042,13,14,False,False,False,6707,1987,4264,2443,0.6357536901744446,0.3642463098255554,1412,0.7106190236537494,13,14,False,False,False,categorical_numeric_code_candidate,one_hot_or_numeric_review,numeric_looking_code_requires_semantic_review,8588,1.0,8588,1.0,8588,0,0.0,0,0,0,0,13,8588,009_over_500,numeric_looking_code_requires_semantic_review,none_profile_only
NEUROBAT,visit,24,AVTOT6,candidate_input_feature_crosschecked,remove only if below frozen support threshold or otherwise excluded by frozen schema,False,,,,,,,10685,1987,8579,2106,0.8029012634534394,0.1970987365465606,1834,0.9229994967287368,16,17,False,False,False,6707,1987,4257,2450,0.6347100044729387,0.36528999552706126,1412,0.7106190236537494,16,17,False,False,False,categorical_numeric_code_candidate,one_hot_or_numeric_review,numeric_looking_code_requires_semantic_review,8579,1.0,8579,1.0,8579,0,0.0,0,0,0,0,16,8579,009_over_500,numeric_looking_code_requires_semantic_review,none_profile_only
NEUROBAT,visit,25,AVERR6,candidate_input_feature_crosschecked,remove only if below frozen support threshold or otherwise excluded by frozen schema,False,,,,,,,10685,1987,8566,2119,0.801684604585868,0.19831539541413196,1830,0.9209864116758933,15,16,False,False,False,6707,1987,4253,2454,0.6341136126435067,0.3658863873564932,1411,0.7101157523905385,12,13,False,False,False,categorical_numeric_code_candidate,one_hot_or_numeric_review,numeric_looking_code_requires_semantic_review,8566,1.0,8566,1.0,8566,0,0.0,0,0,0,0,15,8566,009_over_500,numeric_looking_code_requires_semantic_review,none_profile_only
NEUROBAT,visit,26,AVTOTB,candidate_input_feature_crosschecked,remove only if below frozen support threshold or otherwise excluded by frozen schema,False,,,,,,,10685,1987,8594,2091,0.8043051006083294,0.19569489939167056,1836,0.9240060392551586,16,17,False,False,False,6707,1987,4266,2441,0.6360518860891605,0.3639481139108394,1413,0.7111222949169602,16,17,False,False,False,categorical_numeric_code_candidate,one_hot_or_numeric_review,numeric_looking_code_requires_semantic_review,8594,1.0,8594,1.0,8594,0,0.0,0,0,0,0,16,8594,009_over_500,numeric_looking_code_requires_semantic_review,none_profile_only
NEUROBAT,visit,27,AVERRB,candidate_input_feature_crosschecked,remove only if below frozen support threshold or otherwise excluded by frozen schema,False,,,,,,,10685,1987,8582,2103,0.8031820308844174,0.19681796911558258,1831,0.9214896829391042,13,14,False,False,False,6707,1987,4264,2443,0.6357536901744446,0.3642463098255554,1413,0.7111222949169602,11,12,False,False,False,categorical_numeric_code_candidate,one_hot_or_numeric_review,numeric_looking_code_requires_semantic_review,8582,1.0,8582,1.0,8582,0,0.0,0,0,0,0,13,8582,009_over_500,numeric_looking_code_requires_semantic_review,none_profile_only
NEUROBAT,visit,28,DSPANFOR,candidate_input_feature_crosschecked,remove only if below frozen support threshold or otherwise excluded by frozen schema,False,,,,,,,10685,1987,2580,8105,0.24145999064108564,0.7585400093589144,544,0.27377956718671365,13,14,False,False,False,6707,1987,1576,5131,0.2349783807961831,0.765021619203817,512,0.25767488676396577,13,14,False,False,False,categorical_numeric_code_candidate,one_hot_or_numeric_review,numeric_looking_code_requires_semantic_review,2580,1.0,2580,1.0,2580,0,0.0,0,0,0,0,13,2580,009_over_500,numeric_looking_code_requires_semantic_review,none_profile_only
NEUROBAT,visit,29,DSPANFLTH,candidate_input_feature_crosschecked,remove only if below frozen support threshold or otherwise excluded by frozen schema,False,,,,,,,10685,1987,2577,8108,0.24117922321010762,0.7588207767898923,544,0.27377956718671365,6,7,False,False,False,6707,1987,1575,5132,0.23482928283882512,0.7651707171611749,512,0.25767488676396577,6,7,False,False,False,categorical_numeric_code_candidate,one_hot_or_numeric_review,numeric_looking_code_requires_semantic_review,2577,1.0,2577,1.0,2577,0,0.0,0,0,0,0,6,2577,009_over_500,numeric_looking_code_requires_semantic_review,none_profile_only
NEUROBAT,visit,30,DSPANBAC,candidate_input_feature_crosschecked,remove only if below frozen support threshold or otherwise excluded by frozen schema,False,,,,,,,10685,1987,2554,8131,0.2390266729059429,0.7609733270940571,543,0.2732762959235028,12,13,False,False,False,6707,1987,1563,5144,0.2330401073505293,0.7669598926494707,508,0.2556618017111223,12,13,False,False,False,categorical_numeric_code_candidate,one_hot_or_numeric_review,numeric_looking_code_requires_semantic_review,2554,1.0,2554,1.0,2554,0,0.0,0,0,0,0,12,2554,009_over_500,numeric_looking_code_requires_semantic_review,none_profile_only
NEUROBAT,visit,31,DSPANBLTH,candidate_input_feature_crosschecked,remove only if below frozen support threshold or otherwise excluded by frozen schema,False,,,,,,,10685,1987,2554,8131,0.2390266729059429,0.7609733270940571,543,0.2732762959235028,6,7,False,False,False,6707,1987,1563,5144,0.2330401073505293,0.7669598926494707,508,0.2556618017111223,6,7,False,False,False,categorical_numeric_code_candidate,one_hot_or_numeric_review,numeric_looking_code_requires_semantic_review,2554,1.0,2554,1.0,2554,0,0.0,0,0,0,0,6,2554,009_over_500,numeric_looking_code_requires_semantic_review,none_profile_only
NEUROBAT,visit,32,CATANIMSC,candidate_input_feature_crosschecked,remove only if below frozen support threshold or otherwise excluded by frozen schema,False,,,,,,,10685,1987,8652,2033,0.8097332709405709,0.1902667290594291,1838,0.9250125817815803,43,44,False,False,False,6707,1987,4291,2416,0.6397793350231101,0.3602206649768898,1417,0.7131353799698037,42,43,False,False,False,numeric_candidate,numeric_median_imputation,,8652,1.0,8652,1.0,8652,0,0.0,0,0,0,0,43,8652,009_over_500,,none_profile_only
NEUROBAT,visit,33,CATANPERS,candidate_input_feature_crosschecked,remove only if below frozen support threshold or otherwise excluded by frozen schema,False,,,,,,,10685,1987,8648,2037,0.8093589143659335,0.19064108563406645,1838,0.9250125817815803,20,21,False,False,False,6707,1987,4288,2419,0.6393320411510363,0.36066795884896374,1417,0.7131353799698037,16,17,False,False,False,categorical_numeric_code_candidate,one_hot_or_numeric_review,numeric_looking_code_requires_semantic_review,8648,1.0,8648,1.0,8648,0,0.0,0,0,0,0,20,8648,009_over_500,numeric_looking_code_requires_semantic_review,none_profile_only
NEUROBAT,visit,34,CATANINTR,candidate_input_feature_crosschecked,remove only if below frozen support threshold or otherwise excluded by frozen schema,False,,,,,,,10685,1987,8648,2037,0.8093589143659335,0.19064108563406645,1838,0.9250125817815803,14,15,False,False,False,6707,1987,4288,2419,0.6393320411510363,0.36066795884896374,1416,0.7126321087065929,10,11,False,False,False,categorical_numeric_code_candidate,one_hot_or_numeric_review,numeric_looking_code_requires_semantic_review,8648,1.0,8648,1.0,8648,0,0.0,0,0,0,0,14,8648,009_over_500,numeric_looking_code_requires_semantic_review,none_profile_only
NEUROBAT,visit,35,CATVEGESC,candidate_input_feature_crosschecked,remove only if below frozen support threshold or otherwise excluded by frozen schema,False,,,,,,,10685,1987,2579,8106,0.2413664014974263,0.7586335985025737,544,0.27377956718671365,29,30,False,False,False,6707,1987,1575,5132,0.23482928283882512,0.7651707171611749,512,0.25767488676396577,29,30,False,False,False,numeric_candidate,numeric_median_imputation,,2579,1.0,2579,1.0,2579,0,0.0,0,0,0,0,29,2579,009_over_500,,none_profile_only
NEUROBAT,visit,36,CATVGPERS,candidate_input_feature_crosschecked,remove only if below frozen support threshold or otherwise excluded by frozen schema,False,,,,,,,10685,1987,2578,8107,0.24127281235376696,0.758727187646233,544,0.27377956718671365,9,10,False,False,False,6707,1987,1575,5132,0.23482928283882512,0.7651707171611749,512,0.25767488676396577,9,10,False,False,False,categorical_numeric_code_candidate,one_hot_or_numeric_review,numeric_looking_code_requires_semantic_review,2578,1.0,2578,1.0,2578,0,0.0,0,0,0,0,9,2578,009_over_500,numeric_looking_code_requires_semantic_review,none_profile_only
NEUROBAT,visit,37,CATVGINTR,candidate_input_feature_crosschecked,remove only if below frozen support threshold or otherwise excluded by frozen schema,False,,,,,,,10685,1987,2579,8106,0.2413664014974263,0.7586335985025737,544,0.27377956718671365,16,17,False,False,False,6707,1987,1575,5132,0.23482928283882512,0.7651707171611749,512,0.25767488676396577,15,16,False,False,False,categorical_numeric_code_candidate,one_hot_or_numeric_review,numeric_looking_code_requires_semantic_review,2579,1.0,2579,1.0,2579,0,0.0,0,0,0,0,16,2579,009_over_500,numeric_looking_code_requires_semantic_review,none_profile_only
NEUROBAT,visit,38,TRAASCOR,candidate_input_feature_crosschecked,remove only if below frozen support threshold or otherwise excluded by frozen schema,False,,,,,,,10685,1987,8608,2077,0.8056153486195601,0.19438465138043987,1834,0.9229994967287368,147,148,False,False,False,6707,1987,4276,2431,0.6375428656627404,0.36245713433725957,1411,0.7101157523905385,129,130,False,False,False,numeric_candidate,numeric_median_imputation,,8608,1.0,8608,1.0,8608,0,0.0,0,0,0,0,147,8608,009_over_500,,none_profile_only
NEUROBAT,visit,39,TRAAERRCOM,candidate_input_feature_crosschecked,remove only if below frozen support threshold or otherwise excluded by frozen schema,False,,,,,,,10685,1987,8611,2074,0.8058961160505381,0.19410388394946188,1834,0.9229994967287368,11,12,False,False,False,6707,1987,4277,2430,0.6376919636200984,0.3623080363799016,1411,0.7101157523905385,8,9,False,False,False,categorical_numeric_code_candidate,one_hot_or_numeric_review,numeric_looking_code_requires_semantic_review,8611,1.0,8611,1.0,8611,0,0.0,0,0,0,0,11,8611,009_over_500,numeric_looking_code_requires_semantic_review,none_profile_only
NEUROBAT,visit,40,TRAAERROM,candidate_input_feature_crosschecked,remove only if below frozen support threshold or otherwise excluded by frozen schema,False,,,,,,,10685,1987,8615,2070,0.8062704726251755,0.19372952737482452,1834,0.9229994967287368,26,27,False,False,False,6707,1987,4278,2429,0.6378410615774563,0.3621589384225436,1411,0.7101157523905385,24,25,False,False,False,numeric_candidate,numeric_median_imputation,,8615,1.0,8615,1.0,8615,0,0.0,0,0,0,0,26,8615,009_over_500,,none_profile_only
NEUROBAT,visit,41,TRABSCOR,candidate_input_feature_crosschecked,remove only if below frozen support threshold or otherwise excluded by frozen schema,False,,,,,,,10685,1987,8395,2290,0.7856808610201217,0.21431913897987834,1823,0.9174635128334172,284,285,False,False,False,6707,1987,4183,2524,0.6236767556284479,0.3763232443715521,1387,0.6980372420734776,263,264,False,False,False,numeric_candidate,numeric_median_imputation,,8395,1.0,8394,0.9998808814770697,8395,0,0.0,0,0,0,0,284,8395,009_over_500,,none_profile_only
NEUROBAT,visit,42,TRABERRCOM,candidate_input_feature_crosschecked,remove only if below frozen support threshold or otherwise excluded by frozen schema,False,,,,,,,10685,1987,8388,2297,0.7850257370145063,0.21497426298549369,1824,0.9179667840966281,19,20,False,False,False,6707,1987,4178,2529,0.6229312658416579,0.377068734158342,1386,0.6975339708102667,15,16,False,False,False,categorical_numeric_code_candidate,one_hot_or_numeric_review,numeric_looking_code_requires_semantic_review,8388,1.0,8388,1.0,8388,0,0.0,0,0,0,0,19,8388,009_over_500,numeric_looking_code_requires_semantic_review,none_profile_only
NEUROBAT,visit,43,TRABERROM,candidate_input_feature_crosschecked,remove only if below frozen support threshold or otherwise excluded by frozen schema,False,,,,,,,10685,1987,8385,2300,0.7847449695835284,0.21525503041647168,1823,0.9174635128334172,30,31,False,False,False,6707,1987,4178,2529,0.6229312658416579,0.377068734158342,1386,0.6975339708102667,29,30,False,False,False,numeric_candidate,numeric_median_imputation,,8385,1.0,8385,1.0,8385,0,0.0,0,0,0,0,30,8385,009_over_500,,none_profile_only
NEUROBAT,visit,44,DIGITSCOR,candidate_input_feature_crosschecked,remove only if below frozen support threshold or otherwise excluded by frozen schema,False,,,,,,,10685,1987,2552,8133,0.23883949461862425,0.7611605053813758,543,0.2732762959235028,80,81,False,False,False,6707,1987,1564,5143,0.23318920530788728,0.7668107946921127,510,0.25666834423754403,78,79,False,False,False,numeric_candidate,numeric_median_imputation,,2552,1.0,2552,1.0,2552,0,0.0,0,0,0,0,80,2552,009_over_500,,none_profile_only
NEUROBAT,visit,45,LDELTOTAL,candidate_input_feature_crosschecked,remove only if below frozen support threshold or otherwise excluded by frozen schema,False,,,,,,,10685,1987,7465,3220,0.6986429574169396,0.30135704258306034,1986,0.9994967287367891,26,27,False,False,False,6707,1987,4409,2298,0.6573728939913523,0.3426271060086477,1819,0.9154504277805737,26,27,False,False,False,numeric_candidate,numeric_median_imputation,,7465,1.0,7465,1.0,7465,0,0.0,0,0,0,0,26,7465,009_over_500,,none_profile_only
NEUROBAT,visit,46,LDELCUE,candidate_input_feature_crosschecked,remove only if below frozen support threshold or otherwise excluded by frozen schema,False,,,,,,,10685,1987,7454,3231,0.697613476836687,0.30238652316331305,1987,1.0,2,3,False,False,False,6707,1987,4402,2305,0.6563292082898464,0.3436707917101536,1820,0.9159536990437847,2,3,False,False,False,binary_numeric_candidate,binary_or_one_hot_review,numeric_looking_code_requires_semantic_review,7454,1.0,7454,1.0,7454,0,0.0,0,0,0,0,2,7454,009_over_500,numeric_looking_code_requires_semantic_review,none_profile_only
NEUROBAT,visit,47,BNTSPONT,candidate_input_feature_crosschecked,remove only if below frozen support threshold or otherwise excluded by frozen schema,False,,,,,,,10685,1987,6028,4657,0.5641553579784745,0.4358446420215255,1170,0.5888273779567187,31,32,False,False,False,6707,1987,3101,3606,0.462352765767109,0.537647234232891,1041,0.5239053850025164,30,31,False,False,False,numeric_candidate,numeric_median_imputation,,6028,1.0,6028,1.0,6028,0,0.0,0,0,0,0,31,6028,009_over_500,,none_profile_only
NEUROBAT,visit,48,BNTSTIM,candidate_input_feature_crosschecked,remove only if below frozen support threshold or otherwise excluded by frozen schema,False,,,,,,,10685,1987,6027,4658,0.5640617688348152,0.4359382311651848,1169,0.5883241066935078,30,31,False,False,False,6707,1987,3101,3606,0.462352765767109,0.537647234232891,1041,0.5239053850025164,28,29,False,False,False,numeric_candidate,numeric_median_imputation,,6027,1.0,6027,1.0,6027,0,0.0,0,0,0,0,30,6027,009_over_500,,none_profile_only
NEUROBAT,visit,49,BNTCSTIM,candidate_input_feature_crosschecked,remove only if below frozen support threshold or otherwise excluded by frozen schema,False,,,,,,,10685,1987,6025,4660,0.5638745905474964,0.4361254094525035,1169,0.5883241066935078,14,15,False,False,False,6707,1987,3100,3607,0.46220366780975103,0.537796332190249,1041,0.5239053850025164,11,12,False,False,False,categorical_numeric_code_candidate,one_hot_or_numeric_review,numeric_looking_code_requires_semantic_review,6025,1.0,6025,1.0,6025,0,0.0,0,0,0,0,14,6025,009_over_500,numeric_looking_code_requires_semantic_review,none_profile_only
NEUROBAT,visit,50,BNTPHON,candidate_input_feature_crosschecked,remove only if below frozen support threshold or otherwise excluded by frozen schema,False,,,,,,,10685,1987,6025,4660,0.5638745905474964,0.4361254094525035,1169,0.5883241066935078,31,32,False,False,False,6707,1987,3099,3608,0.462054569852393,0.537945430147607,1041,0.5239053850025164,29,30,False,False,False,numeric_candidate,numeric_median_imputation,,6025,1.0,6025,1.0,6025,0,0.0,0,0,0,0,31,6025,009_over_500,,none_profile_only
NEUROBAT,visit,51,BNTCPHON,candidate_input_feature_crosschecked,remove only if below frozen support threshold or otherwise excluded by frozen schema,False,,,,,,,10685,1987,6021,4664,0.5635002339728592,0.43649976602714086,1169,0.5883241066935078,24,25,False,False,False,6707,1987,3098,3609,0.46190547189503506,0.5380945281049649,1041,0.5239053850025164,21,22,False,False,False,numeric_candidate,numeric_median_imputation,,6021,1.0,6021,1.0,6021,0,0.0,0,0,0,0,24,6021,009_over_500,,none_profile_only
NEUROBAT,visit,52,BNTTOTAL,candidate_input_feature_crosschecked,remove only if below frozen support threshold or otherwise excluded by frozen schema,True,retain,numeric,numeric_identity,official_or_documented_summary_score,retain_official_summary_score_policy,BENCHMARK04C,10685,1987,6027,4658,0.5640617688348152,0.4359382311651848,1169,0.5883241066935078,31,32,False,False,False,6707,1987,3101,3606,0.462352765767109,0.537647234232891,1041,0.5239053850025164,30,31,False,False,False,numeric_candidate,numeric_median_imputation,,6027,1.0,6027,1.0,6027,0,0.0,0,0,0,0,31,6027,009_over_500,a06_semantic_directive_locked,none_profile_only
NEUROBAT,visit,53,AVDEL30MIN,candidate_input_feature_crosschecked,remove only if below frozen support threshold or otherwise excluded by frozen schema,False,,,,,,,10685,1987,8588,2097,0.8037435657463734,0.19625643425362657,1837,0.9245093105183694,16,17,False,False,False,6707,1987,4260,2447,0.6351572983450127,0.36484270165498733,1413,0.7111222949169602,16,17,False,False,False,categorical_numeric_code_candidate,one_hot_or_numeric_review,numeric_looking_code_requires_semantic_review,8588,1.0,8588,1.0,8588,0,0.0,0,0,0,0,16,8588,009_over_500,numeric_looking_code_requires_semantic_review,none_profile_only
NEUROBAT,visit,54,AVDELERR1,candidate_input_feature_crosschecked,remove only if below frozen support threshold or otherwise excluded by frozen schema,False,,,,,,,10685,1987,8585,2100,0.8034627983153955,0.1965372016846046,1834,0.9229994967287368,19,20,False,False,False,6707,1987,4260,2447,0.6351572983450127,0.36484270165498733,1413,0.7111222949169602,16,17,False,False,False,categorical_numeric_code_candidate,one_hot_or_numeric_review,numeric_looking_code_requires_semantic_review,8585,1.0,8585,1.0,8585,0,0.0,0,0,0,0,19,8585,009_over_500,numeric_looking_code_requires_semantic_review,none_profile_only
NEUROBAT,visit,55,AVDELTOT,candidate_input_feature_crosschecked,remove only if below frozen support threshold or otherwise excluded by frozen schema,False,,,,,,,10685,1987,8569,2116,0.801965372016846,0.19803462798315397,1835,0.9235027679919476,16,17,False,False,False,6707,1987,4254,2453,0.6342627106008648,0.36573728939913525,1412,0.7106190236537494,16,17,False,False,False,categorical_numeric_code_candidate,one_hot_or_numeric_review,numeric_looking_code_requires_semantic_review,8569,1.0,8569,1.0,8569,0,0.0,0,0,0,0,16,8569,009_over_500,numeric_looking_code_requires_semantic_review,none_profile_only
NEUROBAT,visit,56,AVDELERR2,candidate_input_feature_crosschecked,remove only if below frozen support threshold or otherwise excluded by frozen schema,False,,,,,,,10685,1987,8567,2118,0.8017781937295274,0.19822180627047262,1834,0.9229994967287368,18,19,False,False,False,6707,1987,4253,2454,0.6341136126435067,0.3658863873564932,1412,0.7106190236537494,16,17,False,False,False,categorical_numeric_code_candidate,one_hot_or_numeric_review,numeric_looking_code_requires_semantic_review,8567,1.0,8567,1.0,8567,0,0.0,0,0,0,0,18,8567,009_over_500,numeric_looking_code_requires_semantic_review,none_profile_only
NEUROBAT,visit,57,ANARTERR,candidate_input_feature_crosschecked,remove only if below frozen support threshold or otherwise excluded by frozen schema,False,,,,,,,10685,1987,1767,8918,0.16537201684604586,0.8346279831539541,1762,0.8867639657775541,51,52,False,False,False,6707,1987,78,6629,0.011629640673922767,0.9883703593260772,78,0.03925515853044791,32,33,False,False,False,numeric_candidate,numeric_median_imputation,,1767,1.0,1767,1.0,1767,0,0.0,0,0,0,0,51,1767,006_51_to_100,train_missingness_at_least_95_percent,none_profile_only
NEUROBAT,visit,58,MINTSEMCUE,candidate_input_feature_crosschecked,remove only if below frozen support threshold or otherwise excluded by frozen schema,False,,,,,,,10685,1987,2566,8119,0.24014974262985495,0.7598502573701451,943,0.474584801207851,15,16,False,False,False,6707,1987,1156,5551,0.17235723870582972,0.8276427612941702,582,0.29290387518872674,13,14,False,False,False,categorical_numeric_code_candidate,one_hot_or_numeric_review,numeric_looking_code_requires_semantic_review,2566,1.0,2566,1.0,2566,0,0.0,0,0,0,0,15,2566,009_over_500,numeric_looking_code_requires_semantic_review,none_profile_only
NEUROBAT,visit,59,MINTTOTAL,candidate_input_feature_crosschecked,remove only if below frozen support threshold or otherwise excluded by frozen schema,True,retain,numeric,numeric_identity,official_or_documented_summary_score,retain_official_summary_score_policy,BENCHMARK04C,10685,1987,2585,8100,0.2419279363593823,0.7580720636406177,944,0.4750880724710619,32,33,False,False,False,6707,1987,1170,5537,0.17444461010884152,0.8255553898911585,584,0.2939104177151485,26,27,False,False,False,numeric_candidate,numeric_median_imputation,,2585,1.0,2585,1.0,2585,0,0.0,0,0,0,0,32,2585,009_over_500,a06_semantic_directive_locked,none_profile_only
NEUROBAT,visit,60,MINTUNCUED,candidate_input_feature_crosschecked,remove only if below frozen support threshold or otherwise excluded by frozen schema,False,,,,,,,10685,1987,2587,8098,0.242115114646701,0.757884885353299,944,0.4750880724710619,31,32,False,False,False,6707,1987,1171,5536,0.1745937080661995,0.8254062919338006,584,0.2939104177151485,28,29,False,False,False,numeric_candidate,numeric_median_imputation,,2587,1.0,2587,1.0,2587,0,0.0,0,0,0,0,31,2587,009_over_500,,none_profile_only
PTDEMOG,participant,1,PTGENDER,candidate_input_feature_crosschecked,remove only if below frozen support threshold or otherwise excluded by frozen schema,True,retain,categorical,categorical_identity,cross_phase_common_core_demographic,frozen_common_core_PTDEMOG_policy,A06/BENCHMARK04C,1987,1987,1987,0,1.0,0.0,1987,1.0,2,2,False,False,False,6707,1987,6707,0,1.0,0.0,1987,1.0,2,2,False,False,False,binary_numeric_candidate,binary_or_one_hot_review,numeric_looking_code_requires_semantic_review,1987,1.0,1987,1.0,1987,0,0.0,0,0,0,0,2,1987,009_over_500,numeric_looking_code_requires_semantic_review|a06_semantic_directive_locked,none_profile_only
PTDEMOG,participant,2,PTHAND,candidate_input_feature_crosschecked,remove only if below frozen support threshold or otherwise excluded by frozen schema,True,retain,categorical,categorical_identity,cross_phase_common_core_demographic,frozen_common_core_PTDEMOG_policy,A06/BENCHMARK04C,1987,1987,1986,1,0.9994967287367891,0.0005032712632108706,1986,0.9994967287367891,2,3,False,False,False,6707,1987,6706,1,0.999850902042642,0.0001490979573579842,1986,0.9994967287367891,2,3,False,False,False,binary_numeric_candidate,binary_or_one_hot_review,numeric_looking_code_requires_semantic_review,1986,1.0,1986,1.0,1986,0,0.0,0,0,0,0,2,1986,009_over_500,numeric_looking_code_requires_semantic_review|a06_semantic_directive_locked,none_profile_only
PTDEMOG,participant,3,PTMARRY,candidate_input_feature_crosschecked,remove only if below frozen support threshold or otherwise excluded by frozen schema,True,retain,categorical,categorical_identity,cross_phase_common_core_demographic,frozen_common_core_PTDEMOG_policy,A06/BENCHMARK04C,1987,1987,1986,1,0.9994967287367891,0.0005032712632108706,1986,0.9994967287367891,6,7,False,False,False,6707,1987,6706,1,0.999850902042642,0.0001490979573579842,1986,0.9994967287367891,6,7,False,False,False,categorical_numeric_code_candidate,one_hot_or_numeric_review,numeric_looking_code_requires_semantic_review,1986,1.0,1986,1.0,1986,0,0.0,0,0,0,0,6,1986,009_over_500,numeric_looking_code_requires_semantic_review|a06_semantic_directive_locked,none_profile_only
PTDEMOG,participant,4,PTEDUCAT,candidate_input_feature_crosschecked,remove only if below frozen support threshold or otherwise excluded by frozen schema,True,retain,numeric,numeric_identity,cross_phase_common_core_demographic,frozen_common_core_PTDEMOG_policy,A06/BENCHMARK04C,1987,1987,1987,0,1.0,0.0,1987,1.0,16,16,False,False,False,6707,1987,6707,0,1.0,0.0,1987,1.0,16,16,False,False,False,categorical_numeric_code_candidate,one_hot_or_numeric_review,numeric_looking_code_requires_semantic_review,1987,1.0,1987,1.0,1987,0,0.0,0,0,0,0,16,1987,009_over_500,numeric_looking_code_requires_semantic_review|a06_semantic_directive_locked,none_profile_only
PTDEMOG,participant,5,PTNOTRT,candidate_input_feature_crosschecked,remove only if below frozen support threshold or otherwise excluded by frozen schema,True,retain,categorical,categorical_identity,cross_phase_common_core_demographic,frozen_common_core_PTDEMOG_policy,A06/BENCHMARK04C,1987,1987,1987,0,1.0,0.0,1987,1.0,3,3,False,False,False,6707,1987,6707,0,1.0,0.0,1987,1.0,3,3,False,False,False,categorical_numeric_code_candidate,one_hot_or_numeric_review,numeric_looking_code_requires_semantic_review,1987,1.0,1987,1.0,1987,0,0.0,0,0,0,0,3,1987,009_over_500,numeric_looking_code_requires_semantic_review|a06_semantic_directive_locked,none_profile_only
PTDEMOG,participant,6,PTHOME,candidate_input_feature_crosschecked,remove only if below frozen support threshold or otherwise excluded by frozen schema,True,retain,categorical,ptdemog_pthome_harmonization,cross_phase_common_core_demographic,frozen_common_core_PTDEMOG_policy,A06/BENCHMARK04C,1987,1987,1987,0,1.0,0.0,1987,1.0,9,9,False,False,False,6707,1987,6707,0,1.0,0.0,1987,1.0,9,9,False,False,False,categorical_numeric_code_candidate,one_hot_or_numeric_review,numeric_looking_code_requires_semantic_review,1987,1.0,1987,1.0,1987,0,0.0,0,0,0,0,9,1987,009_over_500,numeric_looking_code_requires_semantic_review|a06_semantic_directive_locked,none_profile_only
PTDEMOG,participant,7,PTPLANG,candidate_input_feature_crosschecked,remove only if below frozen support threshold or otherwise excluded by frozen schema,True,retain,categorical,categorical_identity,cross_phase_common_core_demographic,frozen_common_core_PTDEMOG_policy,A06/BENCHMARK04C,1987,1987,1987,0,1.0,0.0,1987,1.0,3,3,False,False,False,6707,1987,6707,0,1.0,0.0,1987,1.0,3,3,False,False,False,categorical_numeric_code_candidate,one_hot_or_numeric_review,numeric_looking_code_requires_semantic_review,1987,1.0,1987,1.0,1987,0,0.0,0,0,0,0,3,1987,009_over_500,numeric_looking_code_requires_semantic_review|a06_semantic_directive_locked,none_profile_only
PTDEMOG,participant,8,PTETHCAT,candidate_input_feature_crosschecked,remove only if below frozen support threshold or otherwise excluded by frozen schema,True,retain,categorical,categorical_identity,cross_phase_common_core_demographic,frozen_common_core_PTDEMOG_policy,A06/BENCHMARK04C,1987,1987,1987,0,1.0,0.0,1987,1.0,3,3,False,False,False,6707,1987,6707,0,1.0,0.0,1987,1.0,3,3,False,False,False,categorical_numeric_code_candidate,one_hot_or_numeric_review,numeric_looking_code_requires_semantic_review,1987,1.0,1987,1.0,1987,0,0.0,0,0,0,0,3,1987,009_over_500,numeric_looking_code_requires_semantic_review|a06_semantic_directive_locked,none_profile_only
PTDEMOG,participant,9,PTRACCAT,candidate_input_feature_crosschecked,remove only if below frozen support threshold or otherwise excluded by frozen schema,True,retain,categorical,categorical_identity,cross_phase_common_core_demographic,frozen_common_core_PTDEMOG_policy,A06/BENCHMARK04C,1987,1987,1987,0,1.0,0.0,1987,1.0,7,7,False,False,False,6707,1987,6707,0,1.0,0.0,1987,1.0,7,7,False,False,False,categorical_numeric_code_candidate,one_hot_or_numeric_review,numeric_looking_code_requires_semantic_review,1987,1.0,1987,1.0,1987,0,0.0,0,0,0,0,7,1987,009_over_500,numeric_looking_code_requires_semantic_review|a06_semantic_directive_locked,none_profile_only
