scenario,block,model_feature_prefix,source_name,column_name,full_column_name,official_feature_type,official_encoding,official_semantic_role,transform_id,train_participant_count,train_observed_participants,train_observed_participant_fraction,support_threshold_participants,retained_at_support_threshold,support_rule
longitudinal_previous_last,current_derived,current__,PTDEMOG,AGE_AT_TARGET,PTDEMOG__AGE_AT_TARGET,numeric,numeric_standardized,visit_specific_age_covariate,derive_age_at_target_from_birth_year_and_current_target_date,1419,1419,1.0,50,True,distinct_fit_participants_with_valid_derived_age_before_imputation_and_encoding
longitudinal_previous_last,current_visit,current__,ADAS,Q10SCORE,ADAS__Q10SCORE,categorical,categorical_one_hot,ordinal_clinical_severity_score,categorical_identity,1419,1371,0.9661733615221987,50,True,distinct_fit_participants_with_original_feature_observed_before_imputation_and_encoding
longitudinal_previous_last,current_visit,current__,ADAS,Q11SCORE,ADAS__Q11SCORE,categorical,categorical_one_hot,ordinal_clinical_severity_score,categorical_identity,1419,1371,0.9661733615221987,50,True,distinct_fit_participants_with_original_feature_observed_before_imputation_and_encoding
longitudinal_previous_last,current_visit,current__,ADAS,Q12SCORE,ADAS__Q12SCORE,categorical,categorical_one_hot,ordinal_clinical_severity_score,categorical_identity,1419,1371,0.9661733615221987,50,True,distinct_fit_participants_with_original_feature_observed_before_imputation_and_encoding
longitudinal_previous_last,current_visit,current__,ADAS,Q13SCORE,ADAS__Q13SCORE,numeric,numeric_standardized,cognitive_summary_score,numeric_identity,1419,1359,0.9577167019027484,50,True,distinct_fit_participants_with_original_feature_observed_before_imputation_and_encoding
longitudinal_previous_last,current_visit,current__,ADAS,Q13TASKA,ADAS__Q13TASKA,numeric,numeric_standardized,cognitive_item_or_measure,numeric_identity,1419,1357,0.95630725863284,50,True,distinct_fit_participants_with_original_feature_observed_before_imputation_and_encoding
longitudinal_previous_last,current_visit,current__,ADAS,Q13TASKB,ADAS__Q13TASKB,numeric,numeric_standardized,cognitive_item_or_measure,numeric_identity,1419,1357,0.95630725863284,50,True,distinct_fit_participants_with_original_feature_observed_before_imputation_and_encoding
longitudinal_previous_last,current_visit,current__,ADAS,Q13TASKC,ADAS__Q13TASKC,numeric,numeric_standardized,cognitive_item_or_measure,numeric_identity,1419,1357,0.95630725863284,50,True,distinct_fit_participants_with_original_feature_observed_before_imputation_and_encoding
longitudinal_previous_last,current_visit,current__,ADAS,Q13UNABLE,ADAS__Q13UNABLE,categorical,categorical_one_hot,assessment_completion_state,categorical_identity,1419,1373,0.9675828047921071,50,True,distinct_fit_participants_with_original_feature_observed_before_imputation_and_encoding
longitudinal_previous_last,current_visit,current__,ADAS,Q1SCORE,ADAS__Q1SCORE,numeric,numeric_standardized,cognitive_summary_score,numeric_identity,1419,1372,0.966878083157153,50,True,distinct_fit_participants_with_original_feature_observed_before_imputation_and_encoding
longitudinal_previous_last,current_visit,current__,ADAS,Q1TR2T,ADAS__Q1TR2T,numeric,numeric_standardized,cognitive_item_or_measure,identity,1419,919,0.6476391825229034,50,True,distinct_fit_participants_with_original_feature_observed_before_imputation_and_encoding
longitudinal_previous_last,current_visit,current__,ADAS,Q1TRIT,ADAS__Q1TRIT,numeric,numeric_standardized,cognitive_item_or_measure,identity,1419,919,0.6476391825229034,50,True,distinct_fit_participants_with_original_feature_observed_before_imputation_and_encoding
longitudinal_previous_last,current_visit,current__,ADAS,Q1TRT,ADAS__Q1TRT,numeric,numeric_standardized,cognitive_item_or_measure,identity,1419,919,0.6476391825229034,50,True,distinct_fit_participants_with_original_feature_observed_before_imputation_and_encoding
longitudinal_previous_last,current_visit,current__,ADAS,Q1UNABLE,ADAS__Q1UNABLE,categorical,categorical_one_hot,assessment_completion_state,categorical_identity,1419,1373,0.9675828047921071,50,True,distinct_fit_participants_with_original_feature_observed_before_imputation_and_encoding
longitudinal_previous_last,current_visit,current__,ADAS,Q2SCORE,ADAS__Q2SCORE,numeric,numeric_standardized,cognitive_summary_score,numeric_identity,1419,1370,0.9654686398872445,50,True,distinct_fit_participants_with_original_feature_observed_before_imputation_and_encoding
longitudinal_previous_last,current_visit,current__,ADAS,Q2TASK,ADAS__Q2TASK,multi_response,multi_hot,documented_task_component_set,dictionary_multi_response_tokens,1419,1368,0.9640591966173362,50,True,distinct_fit_participants_with_original_feature_observed_before_imputation_and_encoding
longitudinal_previous_last,current_visit,current__,ADAS,Q2UNABLE,ADAS__Q2UNABLE,categorical,categorical_one_hot,assessment_completion_state,categorical_identity,1419,1373,0.9675828047921071,50,True,distinct_fit_participants_with_original_feature_observed_before_imputation_and_encoding
longitudinal_previous_last,current_visit,current__,ADAS,Q3SCORE,ADAS__Q3SCORE,numeric,numeric_standardized,cognitive_summary_score,numeric_identity,1419,1370,0.9654686398872445,50,True,distinct_fit_participants_with_original_feature_observed_before_imputation_and_encoding
longitudinal_previous_last,current_visit,current__,ADAS,Q3TASK1,ADAS__Q3TASK1,categorical,categorical_one_hot,constructional_praxis_response_state,categorical_identity,1419,1363,0.9605355884425651,50,True,distinct_fit_participants_with_original_feature_observed_before_imputation_and_encoding
longitudinal_previous_last,current_visit,current__,ADAS,Q3TASK2,ADAS__Q3TASK2,categorical,categorical_one_hot,constructional_praxis_response_state,categorical_identity,1419,1343,0.9464411557434813,50,True,distinct_fit_participants_with_original_feature_observed_before_imputation_and_encoding
longitudinal_previous_last,current_visit,current__,ADAS,Q3TASK3,ADAS__Q3TASK3,categorical,categorical_one_hot,constructional_praxis_response_state,categorical_identity,1419,1344,0.9471458773784355,50,True,distinct_fit_participants_with_original_feature_observed_before_imputation_and_encoding
longitudinal_previous_last,current_visit,current__,ADAS,Q3TASK4,ADAS__Q3TASK4,categorical,categorical_one_hot,constructional_praxis_response_state,categorical_identity,1419,1162,0.8188865398167724,50,True,distinct_fit_participants_with_original_feature_observed_before_imputation_and_encoding
longitudinal_previous_last,current_visit,current__,ADAS,Q3UNABLE,ADAS__Q3UNABLE,categorical,categorical_one_hot,assessment_completion_state,categorical_identity,1419,1373,0.9675828047921071,50,True,distinct_fit_participants_with_original_feature_observed_before_imputation_and_encoding
longitudinal_previous_last,current_visit,current__,ADAS,Q4SCORE,ADAS__Q4SCORE,numeric,numeric_standardized,cognitive_summary_score,numeric_identity,1419,1368,0.9640591966173362,50,True,distinct_fit_participants_with_original_feature_observed_before_imputation_and_encoding
longitudinal_previous_last,current_visit,current__,ADAS,Q4UNABLE,ADAS__Q4UNABLE,categorical,categorical_one_hot,assessment_completion_state,categorical_identity,1419,1373,0.9675828047921071,50,True,distinct_fit_participants_with_original_feature_observed_before_imputation_and_encoding
longitudinal_previous_last,current_visit,current__,ADAS,Q5FINGER,ADAS__Q5FINGER,multi_response,multi_hot,documented_task_component_set,dictionary_multi_response_tokens,1419,1367,0.9633544749823819,50,True,distinct_fit_participants_with_original_feature_observed_before_imputation_and_encoding
longitudinal_previous_last,current_visit,current__,ADAS,Q5NAME1,ADAS__Q5NAME1,categorical,categorical_one_hot,item_response_and_cue_state,categorical_identity,1419,1368,0.9640591966173362,50,True,distinct_fit_participants_with_original_feature_observed_before_imputation_and_encoding
longitudinal_previous_last,current_visit,current__,ADAS,Q5NAME10,ADAS__Q5NAME10,categorical,categorical_one_hot,item_response_and_cue_state,categorical_identity,1419,1368,0.9640591966173362,50,True,distinct_fit_participants_with_original_feature_observed_before_imputation_and_encoding
longitudinal_previous_last,current_visit,current__,ADAS,Q5NAME11,ADAS__Q5NAME11,categorical,categorical_one_hot,item_response_and_cue_state,categorical_identity,1419,1368,0.9640591966173362,50,True,distinct_fit_participants_with_original_feature_observed_before_imputation_and_encoding
longitudinal_previous_last,current_visit,current__,ADAS,Q5NAME12,ADAS__Q5NAME12,categorical,categorical_one_hot,item_response_and_cue_state,categorical_identity,1419,1368,0.9640591966173362,50,True,distinct_fit_participants_with_original_feature_observed_before_imputation_and_encoding
longitudinal_previous_last,current_visit,current__,ADAS,Q5NAME2,ADAS__Q5NAME2,categorical,categorical_one_hot,item_response_and_cue_state,categorical_identity,1419,1368,0.9640591966173362,50,True,distinct_fit_participants_with_original_feature_observed_before_imputation_and_encoding
longitudinal_previous_last,current_visit,current__,ADAS,Q5NAME3,ADAS__Q5NAME3,categorical,categorical_one_hot,item_response_and_cue_state,categorical_identity,1419,1368,0.9640591966173362,50,True,distinct_fit_participants_with_original_feature_observed_before_imputation_and_encoding
longitudinal_previous_last,current_visit,current__,ADAS,Q5NAME4,ADAS__Q5NAME4,categorical,categorical_one_hot,item_response_and_cue_state,categorical_identity,1419,1368,0.9640591966173362,50,True,distinct_fit_participants_with_original_feature_observed_before_imputation_and_encoding
longitudinal_previous_last,current_visit,current__,ADAS,Q5NAME5,ADAS__Q5NAME5,categorical,categorical_one_hot,item_response_and_cue_state,categorical_identity,1419,1368,0.9640591966173362,50,True,distinct_fit_participants_with_original_feature_observed_before_imputation_and_encoding
longitudinal_previous_last,current_visit,current__,ADAS,Q5NAME6,ADAS__Q5NAME6,categorical,categorical_one_hot,item_response_and_cue_state,categorical_identity,1419,1368,0.9640591966173362,50,True,distinct_fit_participants_with_original_feature_observed_before_imputation_and_encoding
longitudinal_previous_last,current_visit,current__,ADAS,Q5NAME7,ADAS__Q5NAME7,categorical,categorical_one_hot,item_response_and_cue_state,categorical_identity,1419,1368,0.9640591966173362,50,True,distinct_fit_participants_with_original_feature_observed_before_imputation_and_encoding
longitudinal_previous_last,current_visit,current__,ADAS,Q5NAME8,ADAS__Q5NAME8,categorical,categorical_one_hot,item_response_and_cue_state,categorical_identity,1419,1368,0.9640591966173362,50,True,distinct_fit_participants_with_original_feature_observed_before_imputation_and_encoding
longitudinal_previous_last,current_visit,current__,ADAS,Q5NAME9,ADAS__Q5NAME9,categorical,categorical_one_hot,item_response_and_cue_state,categorical_identity,1419,1368,0.9640591966173362,50,True,distinct_fit_participants_with_original_feature_observed_before_imputation_and_encoding
longitudinal_previous_last,current_visit,current__,ADAS,Q5SCORE,ADAS__Q5SCORE,numeric,numeric_standardized,cognitive_summary_score,numeric_identity,1419,1369,0.9647639182522904,50,True,distinct_fit_participants_with_original_feature_observed_before_imputation_and_encoding
longitudinal_previous_last,current_visit,current__,ADAS,Q5SCORE_CUE,ADAS__Q5SCORE_CUE,numeric,numeric_standardized,cognitive_summary_score,numeric_identity,1419,570,0.40169133192389006,50,True,distinct_fit_participants_with_original_feature_observed_before_imputation_and_encoding
longitudinal_previous_last,current_visit,current__,ADAS,Q5UNABLE,ADAS__Q5UNABLE,categorical,categorical_one_hot,assessment_completion_state,categorical_identity,1419,1373,0.9675828047921071,50,True,distinct_fit_participants_with_original_feature_observed_before_imputation_and_encoding
longitudinal_previous_last,current_visit,current__,ADAS,Q6SCORE,ADAS__Q6SCORE,numeric,numeric_standardized,cognitive_summary_score,numeric_identity,1419,1369,0.9647639182522904,50,True,distinct_fit_participants_with_original_feature_observed_before_imputation_and_encoding
longitudinal_previous_last,current_visit,current__,ADAS,Q6TASK,ADAS__Q6TASK,multi_response,multi_hot,documented_task_component_set,dictionary_multi_response_tokens,1419,1366,0.9626497533474278,50,True,distinct_fit_participants_with_original_feature_observed_before_imputation_and_encoding
longitudinal_previous_last,current_visit,current__,ADAS,Q6UNABLE,ADAS__Q6UNABLE,categorical,categorical_one_hot,assessment_completion_state,categorical_identity,1419,1373,0.9675828047921071,50,True,distinct_fit_participants_with_original_feature_observed_before_imputation_and_encoding
longitudinal_previous_last,current_visit,current__,ADAS,Q7SCORE,ADAS__Q7SCORE,numeric,numeric_standardized,cognitive_summary_score,numeric_identity,1419,1368,0.9640591966173362,50,True,distinct_fit_participants_with_original_feature_observed_before_imputation_and_encoding
longitudinal_previous_last,current_visit,current__,ADAS,Q7TASK,ADAS__Q7TASK,multi_response,multi_hot,documented_task_component_set,dictionary_multi_response_tokens,1419,1365,0.9619450317124736,50,True,distinct_fit_participants_with_original_feature_observed_before_imputation_and_encoding
longitudinal_previous_last,current_visit,current__,ADAS,Q7UNABLE,ADAS__Q7UNABLE,categorical,categorical_one_hot,assessment_completion_state,categorical_identity,1419,1373,0.9675828047921071,50,True,distinct_fit_participants_with_original_feature_observed_before_imputation_and_encoding
longitudinal_previous_last,current_visit,current__,ADAS,Q8SCORE,ADAS__Q8SCORE,numeric,numeric_standardized,cognitive_summary_score,numeric_identity,1419,1364,0.9612403100775194,50,True,distinct_fit_participants_with_original_feature_observed_before_imputation_and_encoding
longitudinal_previous_last,current_visit,current__,ADAS,Q8UNABLE,ADAS__Q8UNABLE,categorical,categorical_one_hot,assessment_completion_state,categorical_identity,1419,1373,0.9675828047921071,50,True,distinct_fit_participants_with_original_feature_observed_before_imputation_and_encoding
longitudinal_previous_last,current_visit,current__,ADAS,Q9SCORE,ADAS__Q9SCORE,categorical,categorical_one_hot,ordinal_clinical_severity_score,categorical_identity,1419,1364,0.9612403100775194,50,True,distinct_fit_participants_with_original_feature_observed_before_imputation_and_encoding
longitudinal_previous_last,current_visit,current__,ADAS,TOTAL13,ADAS__TOTAL13,numeric,numeric_standardized,cognitive_summary_score,numeric_identity,1419,1350,0.9513742071881607,50,True,distinct_fit_participants_with_original_feature_observed_before_imputation_and_encoding
longitudinal_previous_last,current_visit,current__,ADAS,TOTSCORE,ADAS__TOTSCORE,numeric,numeric_standardized,cognitive_summary_score,numeric_identity,1419,1361,0.9591261451726568,50,True,distinct_fit_participants_with_original_feature_observed_before_imputation_and_encoding
longitudinal_previous_last,current_visit,current__,CDR,CDCARE,CDR__CDCARE,categorical,categorical_one_hot,ordered_clinical_stage,categorical_identity,1419,1366,0.9626497533474278,50,True,distinct_fit_participants_with_original_feature_observed_before_imputation_and_encoding
longitudinal_previous_last,current_visit,current__,CDR,CDCOMMUN,CDR__CDCOMMUN,categorical,categorical_one_hot,ordered_clinical_stage,categorical_identity,1419,1366,0.9626497533474278,50,True,distinct_fit_participants_with_original_feature_observed_before_imputation_and_encoding
longitudinal_previous_last,current_visit,current__,CDR,CDGLOBAL,CDR__CDGLOBAL,categorical,categorical_one_hot,ordered_clinical_stage,categorical_identity,1419,1366,0.9626497533474278,50,True,distinct_fit_participants_with_original_feature_observed_before_imputation_and_encoding
longitudinal_previous_last,current_visit,current__,CDR,CDHOME,CDR__CDHOME,categorical,categorical_one_hot,ordered_clinical_stage,categorical_identity,1419,1366,0.9626497533474278,50,True,distinct_fit_participants_with_original_feature_observed_before_imputation_and_encoding
longitudinal_previous_last,current_visit,current__,CDR,CDJUDGE,CDR__CDJUDGE,categorical,categorical_one_hot,ordered_clinical_stage,categorical_identity,1419,1366,0.9626497533474278,50,True,distinct_fit_participants_with_original_feature_observed_before_imputation_and_encoding
longitudinal_previous_last,current_visit,current__,CDR,CDMEMORY,CDR__CDMEMORY,categorical,categorical_one_hot,ordered_clinical_stage,categorical_identity,1419,1366,0.9626497533474278,50,True,distinct_fit_participants_with_original_feature_observed_before_imputation_and_encoding
longitudinal_previous_last,current_visit,current__,CDR,CDORIENT,CDR__CDORIENT,categorical,categorical_one_hot,ordered_clinical_stage,categorical_identity,1419,1366,0.9626497533474278,50,True,distinct_fit_participants_with_original_feature_observed_before_imputation_and_encoding
longitudinal_previous_last,current_visit,current__,CDR,CDRSB,CDR__CDRSB,numeric,numeric_standardized,official_sum_of_boxes_score,numeric_identity,1419,1348,0.9499647639182522,50,True,distinct_fit_participants_with_original_feature_observed_before_imputation_and_encoding
longitudinal_previous_last,current_visit,current__,FAQ,FAQBEVG,FAQ__FAQBEVG,categorical,categorical_one_hot,officially_scored_functional_item,faq_official_item_score_map,1419,1355,0.9548978153629316,50,True,distinct_fit_participants_with_original_feature_observed_before_imputation_and_encoding
longitudinal_previous_last,current_visit,current__,FAQ,FAQEVENT,FAQ__FAQEVENT,categorical,categorical_one_hot,officially_scored_functional_item,faq_official_item_score_map,1419,1355,0.9548978153629316,50,True,distinct_fit_participants_with_original_feature_observed_before_imputation_and_encoding
longitudinal_previous_last,current_visit,current__,FAQ,FAQFINAN,FAQ__FAQFINAN,categorical,categorical_one_hot,officially_scored_functional_item,faq_official_item_score_map,1419,1353,0.9534883720930233,50,True,distinct_fit_participants_with_original_feature_observed_before_imputation_and_encoding
longitudinal_previous_last,current_visit,current__,FAQ,FAQFORM,FAQ__FAQFORM,categorical,categorical_one_hot,officially_scored_functional_item,faq_official_item_score_map,1419,1355,0.9548978153629316,50,True,distinct_fit_participants_with_original_feature_observed_before_imputation_and_encoding
longitudinal_previous_last,current_visit,current__,FAQ,FAQGAME,FAQ__FAQGAME,categorical,categorical_one_hot,officially_scored_functional_item,faq_official_item_score_map,1419,1354,0.9541930937279774,50,True,distinct_fit_participants_with_original_feature_observed_before_imputation_and_encoding
longitudinal_previous_last,current_visit,current__,FAQ,FAQMEAL,FAQ__FAQMEAL,categorical,categorical_one_hot,officially_scored_functional_item,faq_official_item_score_map,1419,1355,0.9548978153629316,50,True,distinct_fit_participants_with_original_feature_observed_before_imputation_and_encoding
longitudinal_previous_last,current_visit,current__,FAQ,FAQREM,FAQ__FAQREM,categorical,categorical_one_hot,officially_scored_functional_item,faq_official_item_score_map,1419,1352,0.952783650458069,50,True,distinct_fit_participants_with_original_feature_observed_before_imputation_and_encoding
longitudinal_previous_last,current_visit,current__,FAQ,FAQSHOP,FAQ__FAQSHOP,categorical,categorical_one_hot,officially_scored_functional_item,faq_official_item_score_map,1419,1355,0.9548978153629316,50,True,distinct_fit_participants_with_original_feature_observed_before_imputation_and_encoding
longitudinal_previous_last,current_visit,current__,FAQ,FAQTOTAL,FAQ__FAQTOTAL,numeric,numeric_standardized,official_summary_score,numeric_identity,1419,1350,0.9513742071881607,50,True,distinct_fit_participants_with_original_feature_observed_before_imputation_and_encoding
longitudinal_previous_last,current_visit,current__,FAQ,FAQTRAVL,FAQ__FAQTRAVL,categorical,categorical_one_hot,officially_scored_functional_item,faq_official_item_score_map,1419,1352,0.952783650458069,50,True,distinct_fit_participants_with_original_feature_observed_before_imputation_and_encoding
longitudinal_previous_last,current_visit,current__,FAQ,FAQTV,FAQ__FAQTV,categorical,categorical_one_hot,officially_scored_functional_item,faq_official_item_score_map,1419,1354,0.9541930937279774,50,True,distinct_fit_participants_with_original_feature_observed_before_imputation_and_encoding
longitudinal_previous_last,current_visit,current__,MMSE,MMAREA,MMSE__MMAREA,binary,binary_identity,cognitive_item_or_measure,identity,1419,1366,0.9626497533474278,50,True,distinct_fit_participants_with_original_feature_observed_before_imputation_and_encoding
longitudinal_previous_last,current_visit,current__,MMSE,MMCITY,MMSE__MMCITY,binary,binary_identity,cognitive_item_or_measure,identity,1419,1366,0.9626497533474278,50,True,distinct_fit_participants_with_original_feature_observed_before_imputation_and_encoding
longitudinal_previous_last,current_visit,current__,MMSE,MMDATE,MMSE__MMDATE,binary,binary_identity,cognitive_item_or_measure,identity,1419,1366,0.9626497533474278,50,True,distinct_fit_participants_with_original_feature_observed_before_imputation_and_encoding
longitudinal_previous_last,current_visit,current__,MMSE,MMDAY,MMSE__MMDAY,binary,binary_identity,cognitive_item_or_measure,identity,1419,1366,0.9626497533474278,50,True,distinct_fit_participants_with_original_feature_observed_before_imputation_and_encoding
longitudinal_previous_last,current_visit,current__,MMSE,MMDRAW,MMSE__MMDRAW,binary,binary_identity,cognitive_item_or_measure,identity,1419,1366,0.9626497533474278,50,True,distinct_fit_participants_with_original_feature_observed_before_imputation_and_encoding
longitudinal_previous_last,current_visit,current__,MMSE,MMFLOOR,MMSE__MMFLOOR,binary,binary_identity,cognitive_item_or_measure,identity,1419,1365,0.9619450317124736,50,True,distinct_fit_participants_with_original_feature_observed_before_imputation_and_encoding
longitudinal_previous_last,current_visit,current__,MMSE,MMFOLD,MMSE__MMFOLD,binary,binary_identity,cognitive_item_or_measure,identity,1419,1366,0.9626497533474278,50,True,distinct_fit_participants_with_original_feature_observed_before_imputation_and_encoding
longitudinal_previous_last,current_visit,current__,MMSE,MMHAND,MMSE__MMHAND,binary,binary_identity,cognitive_item_or_measure,identity,1419,1366,0.9626497533474278,50,True,distinct_fit_participants_with_original_feature_observed_before_imputation_and_encoding
longitudinal_previous_last,current_visit,current__,MMSE,MMHOSPIT,MMSE__MMHOSPIT,binary,binary_identity,cognitive_item_or_measure,identity,1419,1366,0.9626497533474278,50,True,distinct_fit_participants_with_original_feature_observed_before_imputation_and_encoding
longitudinal_previous_last,current_visit,current__,MMSE,MMMONTH,MMSE__MMMONTH,binary,binary_identity,cognitive_item_or_measure,identity,1419,1366,0.9626497533474278,50,True,distinct_fit_participants_with_original_feature_observed_before_imputation_and_encoding
longitudinal_previous_last,current_visit,current__,MMSE,MMONFLR,MMSE__MMONFLR,binary,binary_identity,cognitive_item_or_measure,identity,1419,1365,0.9619450317124736,50,True,distinct_fit_participants_with_original_feature_observed_before_imputation_and_encoding
longitudinal_previous_last,current_visit,current__,MMSE,MMPENCIL,MMSE__MMPENCIL,binary,binary_identity,cognitive_item_or_measure,identity,1419,1366,0.9626497533474278,50,True,distinct_fit_participants_with_original_feature_observed_before_imputation_and_encoding
longitudinal_previous_last,current_visit,current__,MMSE,MMREAD,MMSE__MMREAD,binary,binary_identity,cognitive_item_or_measure,identity,1419,1366,0.9626497533474278,50,True,distinct_fit_participants_with_original_feature_observed_before_imputation_and_encoding
longitudinal_previous_last,current_visit,current__,MMSE,MMREPEAT,MMSE__MMREPEAT,binary,binary_identity,cognitive_item_or_measure,identity,1419,1366,0.9626497533474278,50,True,distinct_fit_participants_with_original_feature_observed_before_imputation_and_encoding
longitudinal_previous_last,current_visit,current__,MMSE,MMSCORE,MMSE__MMSCORE,numeric,numeric_standardized,official_summary_score,numeric_identity,1419,1364,0.9612403100775194,50,True,distinct_fit_participants_with_original_feature_observed_before_imputation_and_encoding
longitudinal_previous_last,current_visit,current__,MMSE,MMSEASON,MMSE__MMSEASON,binary,binary_identity,cognitive_item_or_measure,identity,1419,1366,0.9626497533474278,50,True,distinct_fit_participants_with_original_feature_observed_before_imputation_and_encoding
longitudinal_previous_last,current_visit,current__,MMSE,MMSTATE,MMSE__MMSTATE,binary,binary_identity,cognitive_item_or_measure,identity,1419,1366,0.9626497533474278,50,True,distinct_fit_participants_with_original_feature_observed_before_imputation_and_encoding
longitudinal_previous_last,current_visit,current__,MMSE,MMTRIALS,MMSE__MMTRIALS,numeric,numeric_standardized,cognitive_item_or_measure,identity,1419,795,0.5602536997885835,50,True,distinct_fit_participants_with_original_feature_observed_before_imputation_and_encoding
longitudinal_previous_last,current_visit,current__,MMSE,MMWATCH,MMSE__MMWATCH,binary,binary_identity,cognitive_item_or_measure,identity,1419,1366,0.9626497533474278,50,True,distinct_fit_participants_with_original_feature_observed_before_imputation_and_encoding
longitudinal_previous_last,current_visit,current__,MMSE,MMWRITE,MMSE__MMWRITE,binary,binary_identity,cognitive_item_or_measure,identity,1419,1366,0.9626497533474278,50,True,distinct_fit_participants_with_original_feature_observed_before_imputation_and_encoding
longitudinal_previous_last,current_visit,current__,MMSE,MMYEAR,MMSE__MMYEAR,binary,binary_identity,cognitive_item_or_measure,identity,1419,1366,0.9626497533474278,50,True,distinct_fit_participants_with_original_feature_observed_before_imputation_and_encoding
longitudinal_previous_last,current_visit,current__,MMSE,MM_WORLD_SCORE,MMSE__MM_WORLD_SCORE,numeric,numeric_standardized,harmonized_world_backwards_score,numeric_identity,1419,1364,0.9612403100775194,50,True,distinct_fit_participants_with_original_feature_observed_before_imputation_and_encoding
longitudinal_previous_last,current_visit,current__,MMSE,WORD1,MMSE__WORD1,binary,binary_identity,cognitive_item_or_measure,binary_zero_one_identity,1419,1366,0.9626497533474278,50,True,distinct_fit_participants_with_original_feature_observed_before_imputation_and_encoding
longitudinal_previous_last,current_visit,current__,MMSE,WORD1DL,MMSE__WORD1DL,binary,binary_identity,cognitive_item_or_measure,binary_zero_one_identity,1419,1366,0.9626497533474278,50,True,distinct_fit_participants_with_original_feature_observed_before_imputation_and_encoding
longitudinal_previous_last,current_visit,current__,MMSE,WORD2,MMSE__WORD2,binary,binary_identity,cognitive_item_or_measure,binary_zero_one_identity,1419,1366,0.9626497533474278,50,True,distinct_fit_participants_with_original_feature_observed_before_imputation_and_encoding
longitudinal_previous_last,current_visit,current__,MMSE,WORD2DL,MMSE__WORD2DL,binary,binary_identity,cognitive_item_or_measure,binary_zero_one_identity,1419,1366,0.9626497533474278,50,True,distinct_fit_participants_with_original_feature_observed_before_imputation_and_encoding
longitudinal_previous_last,current_visit,current__,MMSE,WORD3,MMSE__WORD3,binary,binary_identity,cognitive_item_or_measure,binary_zero_one_identity,1419,1366,0.9626497533474278,50,True,distinct_fit_participants_with_original_feature_observed_before_imputation_and_encoding
longitudinal_previous_last,current_visit,current__,MMSE,WORD3DL,MMSE__WORD3DL,binary,binary_identity,cognitive_item_or_measure,binary_zero_one_identity,1419,1366,0.9626497533474278,50,True,distinct_fit_participants_with_original_feature_observed_before_imputation_and_encoding
longitudinal_previous_last,current_visit,current__,MOCA,ABSMEAS,MOCA__ABSMEAS,binary,binary_identity,cognitive_item_or_measure,identity,1419,1009,0.7110641296687809,50,True,distinct_fit_participants_with_original_feature_observed_before_imputation_and_encoding
longitudinal_previous_last,current_visit,current__,MOCA,ABSTRAN,MOCA__ABSTRAN,binary,binary_identity,cognitive_item_or_measure,identity,1419,1009,0.7110641296687809,50,True,distinct_fit_participants_with_original_feature_observed_before_imputation_and_encoding
longitudinal_previous_last,current_visit,current__,MOCA,CAMEL,MOCA__CAMEL,binary,binary_identity,cognitive_item_or_measure,identity,1419,1012,0.7131782945736435,50,True,distinct_fit_participants_with_original_feature_observed_before_imputation_and_encoding
longitudinal_previous_last,current_visit,current__,MOCA,CITY,MOCA__CITY,binary,binary_identity,cognitive_item_or_measure,identity,1419,1005,0.7082452431289641,50,True,distinct_fit_participants_with_original_feature_observed_before_imputation_and_encoding
longitudinal_previous_last,current_visit,current__,MOCA,CLOCKCON,MOCA__CLOCKCON,binary,binary_identity,cognitive_item_or_measure,identity,1419,1010,0.711768851303735,50,True,distinct_fit_participants_with_original_feature_observed_before_imputation_and_encoding
longitudinal_previous_last,current_visit,current__,MOCA,CLOCKHAN,MOCA__CLOCKHAN,binary,binary_identity,cognitive_item_or_measure,identity,1419,1010,0.711768851303735,50,True,distinct_fit_participants_with_original_feature_observed_before_imputation_and_encoding
longitudinal_previous_last,current_visit,current__,MOCA,CLOCKNO,MOCA__CLOCKNO,binary,binary_identity,cognitive_item_or_measure,identity,1419,1010,0.711768851303735,50,True,distinct_fit_participants_with_original_feature_observed_before_imputation_and_encoding
longitudinal_previous_last,current_visit,current__,MOCA,CUBE,MOCA__CUBE,binary,binary_identity,cognitive_item_or_measure,identity,1419,1012,0.7131782945736435,50,True,distinct_fit_participants_with_original_feature_observed_before_imputation_and_encoding
longitudinal_previous_last,current_visit,current__,MOCA,DATE,MOCA__DATE,binary,binary_identity,cognitive_item_or_measure,identity,1419,1005,0.7082452431289641,50,True,distinct_fit_participants_with_original_feature_observed_before_imputation_and_encoding
longitudinal_previous_last,current_visit,current__,MOCA,DAY,MOCA__DAY,binary,binary_identity,cognitive_item_or_measure,identity,1419,1005,0.7082452431289641,50,True,distinct_fit_participants_with_original_feature_observed_before_imputation_and_encoding
longitudinal_previous_last,current_visit,current__,MOCA,DELW1,MOCA__DELW1,categorical,categorical_one_hot,delayed_recall_response_or_cue_mode,categorical_identity,1419,1004,0.7075405214940098,50,True,distinct_fit_participants_with_original_feature_observed_before_imputation_and_encoding
longitudinal_previous_last,current_visit,current__,MOCA,DELW2,MOCA__DELW2,categorical,categorical_one_hot,delayed_recall_response_or_cue_mode,categorical_identity,1419,1006,0.7089499647639183,50,True,distinct_fit_participants_with_original_feature_observed_before_imputation_and_encoding
longitudinal_previous_last,current_visit,current__,MOCA,DELW3,MOCA__DELW3,categorical,categorical_one_hot,delayed_recall_response_or_cue_mode,categorical_identity,1419,1006,0.7089499647639183,50,True,distinct_fit_participants_with_original_feature_observed_before_imputation_and_encoding
longitudinal_previous_last,current_visit,current__,MOCA,DELW4,MOCA__DELW4,categorical,categorical_one_hot,delayed_recall_response_or_cue_mode,categorical_identity,1419,1003,0.7068357998590556,50,True,distinct_fit_participants_with_original_feature_observed_before_imputation_and_encoding
longitudinal_previous_last,current_visit,current__,MOCA,DELW5,MOCA__DELW5,categorical,categorical_one_hot,delayed_recall_response_or_cue_mode,categorical_identity,1419,1003,0.7068357998590556,50,True,distinct_fit_participants_with_original_feature_observed_before_imputation_and_encoding
longitudinal_previous_last,current_visit,current__,MOCA,DIGBACK,MOCA__DIGBACK,binary,binary_identity,cognitive_item_or_measure,identity,1419,1012,0.7131782945736435,50,True,distinct_fit_participants_with_original_feature_observed_before_imputation_and_encoding
longitudinal_previous_last,current_visit,current__,MOCA,DIGFOR,MOCA__DIGFOR,binary,binary_identity,cognitive_item_or_measure,identity,1419,1012,0.7131782945736435,50,True,distinct_fit_participants_with_original_feature_observed_before_imputation_and_encoding
longitudinal_previous_last,current_visit,current__,MOCA,FFLUENCY,MOCA__FFLUENCY,numeric,numeric_standardized,cognitive_item_or_measure,numeric_identity,1419,1009,0.7110641296687809,50,True,distinct_fit_participants_with_original_feature_observed_before_imputation_and_encoding
longitudinal_previous_last,current_visit,current__,MOCA,IMMT1W1,MOCA__IMMT1W1,binary,binary_identity,cognitive_item_or_measure,identity,1419,1008,0.7103594080338267,50,True,distinct_fit_participants_with_original_feature_observed_before_imputation_and_encoding
longitudinal_previous_last,current_visit,current__,MOCA,IMMT1W2,MOCA__IMMT1W2,binary,binary_identity,cognitive_item_or_measure,identity,1419,1007,0.7096546863988724,50,True,distinct_fit_participants_with_original_feature_observed_before_imputation_and_encoding
longitudinal_previous_last,current_visit,current__,MOCA,IMMT1W3,MOCA__IMMT1W3,binary,binary_identity,cognitive_item_or_measure,identity,1419,1007,0.7096546863988724,50,True,distinct_fit_participants_with_original_feature_observed_before_imputation_and_encoding
longitudinal_previous_last,current_visit,current__,MOCA,IMMT1W4,MOCA__IMMT1W4,binary,binary_identity,cognitive_item_or_measure,identity,1419,1005,0.7082452431289641,50,True,distinct_fit_participants_with_original_feature_observed_before_imputation_and_encoding
longitudinal_previous_last,current_visit,current__,MOCA,IMMT1W5,MOCA__IMMT1W5,binary,binary_identity,cognitive_item_or_measure,identity,1419,1010,0.711768851303735,50,True,distinct_fit_participants_with_original_feature_observed_before_imputation_and_encoding
longitudinal_previous_last,current_visit,current__,MOCA,IMMT2W1,MOCA__IMMT2W1,binary,binary_identity,cognitive_item_or_measure,identity,1419,1006,0.7089499647639183,50,True,distinct_fit_participants_with_original_feature_observed_before_imputation_and_encoding
longitudinal_previous_last,current_visit,current__,MOCA,IMMT2W2,MOCA__IMMT2W2,binary,binary_identity,cognitive_item_or_measure,identity,1419,1007,0.7096546863988724,50,True,distinct_fit_participants_with_original_feature_observed_before_imputation_and_encoding
longitudinal_previous_last,current_visit,current__,MOCA,IMMT2W3,MOCA__IMMT2W3,binary,binary_identity,cognitive_item_or_measure,identity,1419,1007,0.7096546863988724,50,True,distinct_fit_participants_with_original_feature_observed_before_imputation_and_encoding
longitudinal_previous_last,current_visit,current__,MOCA,IMMT2W4,MOCA__IMMT2W4,binary,binary_identity,cognitive_item_or_measure,identity,1419,1006,0.7089499647639183,50,True,distinct_fit_participants_with_original_feature_observed_before_imputation_and_encoding
longitudinal_previous_last,current_visit,current__,MOCA,IMMT2W5,MOCA__IMMT2W5,binary,binary_identity,cognitive_item_or_measure,identity,1419,1010,0.711768851303735,50,True,distinct_fit_participants_with_original_feature_observed_before_imputation_and_encoding
longitudinal_previous_last,current_visit,current__,MOCA,LETTERS,MOCA__LETTERS,numeric,numeric_standardized,cognitive_item_or_measure,numeric_identity,1419,1007,0.7096546863988724,50,True,distinct_fit_participants_with_original_feature_observed_before_imputation_and_encoding
longitudinal_previous_last,current_visit,current__,MOCA,LION,MOCA__LION,binary,binary_identity,cognitive_item_or_measure,identity,1419,1012,0.7131782945736435,50,True,distinct_fit_participants_with_original_feature_observed_before_imputation_and_encoding
longitudinal_previous_last,current_visit,current__,MOCA,MOCA,MOCA__MOCA,numeric,numeric_standardized,official_summary_score,numeric_identity,1419,556,0.3918252290345314,50,True,distinct_fit_participants_with_original_feature_observed_before_imputation_and_encoding
longitudinal_previous_last,current_visit,current__,MOCA,MONTH,MOCA__MONTH,binary,binary_identity,cognitive_item_or_measure,identity,1419,1005,0.7082452431289641,50,True,distinct_fit_participants_with_original_feature_observed_before_imputation_and_encoding
longitudinal_previous_last,current_visit,current__,MOCA,PLACE,MOCA__PLACE,binary,binary_identity,cognitive_item_or_measure,identity,1419,1004,0.7075405214940098,50,True,distinct_fit_participants_with_original_feature_observed_before_imputation_and_encoding
longitudinal_previous_last,current_visit,current__,MOCA,REPEAT1,MOCA__REPEAT1,binary,binary_identity,cognitive_item_or_measure,identity,1419,1011,0.7124735729386892,50,True,distinct_fit_participants_with_original_feature_observed_before_imputation_and_encoding
longitudinal_previous_last,current_visit,current__,MOCA,REPEAT2,MOCA__REPEAT2,binary,binary_identity,cognitive_item_or_measure,identity,1419,1011,0.7124735729386892,50,True,distinct_fit_participants_with_original_feature_observed_before_imputation_and_encoding
longitudinal_previous_last,current_visit,current__,MOCA,RHINO,MOCA__RHINO,binary,binary_identity,cognitive_item_or_measure,identity,1419,1012,0.7131782945736435,50,True,distinct_fit_participants_with_original_feature_observed_before_imputation_and_encoding
longitudinal_previous_last,current_visit,current__,MOCA,SERIAL1,MOCA__SERIAL1,binary,binary_identity,cognitive_item_or_measure,identity,1419,1009,0.7110641296687809,50,True,distinct_fit_participants_with_original_feature_observed_before_imputation_and_encoding
longitudinal_previous_last,current_visit,current__,MOCA,SERIAL2,MOCA__SERIAL2,binary,binary_identity,cognitive_item_or_measure,identity,1419,1006,0.7089499647639183,50,True,distinct_fit_participants_with_original_feature_observed_before_imputation_and_encoding
longitudinal_previous_last,current_visit,current__,MOCA,SERIAL3,MOCA__SERIAL3,binary,binary_identity,cognitive_item_or_measure,identity,1419,1002,0.7061310782241015,50,True,distinct_fit_participants_with_original_feature_observed_before_imputation_and_encoding
longitudinal_previous_last,current_visit,current__,MOCA,SERIAL4,MOCA__SERIAL4,binary,binary_identity,cognitive_item_or_measure,identity,1419,1002,0.7061310782241015,50,True,distinct_fit_participants_with_original_feature_observed_before_imputation_and_encoding
longitudinal_previous_last,current_visit,current__,MOCA,SERIAL5,MOCA__SERIAL5,binary,binary_identity,cognitive_item_or_measure,identity,1419,1002,0.7061310782241015,50,True,distinct_fit_participants_with_original_feature_observed_before_imputation_and_encoding
longitudinal_previous_last,current_visit,current__,MOCA,TRAILS,MOCA__TRAILS,binary,binary_identity,cognitive_item_or_measure,identity,1419,1011,0.7124735729386892,50,True,distinct_fit_participants_with_original_feature_observed_before_imputation_and_encoding
longitudinal_previous_last,current_visit,current__,MOCA,YEAR,MOCA__YEAR,binary,binary_identity,cognitive_item_or_measure,identity,1419,1006,0.7089499647639183,50,True,distinct_fit_participants_with_original_feature_observed_before_imputation_and_encoding
longitudinal_previous_last,current_visit,current__,NEUROBAT,ANARTERR,NEUROBAT__ANARTERR,numeric,numeric_standardized,cognitive_item_or_measure,numeric_identity,1419,0,0.0,50,False,distinct_fit_participants_with_original_feature_observed_before_imputation_and_encoding
longitudinal_previous_last,current_visit,current__,NEUROBAT,AVDEL30MIN,NEUROBAT__AVDEL30MIN,numeric,numeric_standardized,cognitive_item_or_measure,numeric_identity,1419,1335,0.9408033826638478,50,True,distinct_fit_participants_with_original_feature_observed_before_imputation_and_encoding
longitudinal_previous_last,current_visit,current__,NEUROBAT,AVDELERR1,NEUROBAT__AVDELERR1,numeric,numeric_standardized,cognitive_item_or_measure,identity,1419,1335,0.9408033826638478,50,True,distinct_fit_participants_with_original_feature_observed_before_imputation_and_encoding
longitudinal_previous_last,current_visit,current__,NEUROBAT,AVDELERR2,NEUROBAT__AVDELERR2,numeric,numeric_standardized,cognitive_item_or_measure,identity,1419,1331,0.937984496124031,50,True,distinct_fit_participants_with_original_feature_observed_before_imputation_and_encoding
longitudinal_previous_last,current_visit,current__,NEUROBAT,AVDELTOT,NEUROBAT__AVDELTOT,numeric,numeric_standardized,cognitive_item_or_measure,numeric_identity,1419,1331,0.937984496124031,50,True,distinct_fit_participants_with_original_feature_observed_before_imputation_and_encoding
longitudinal_previous_last,current_visit,current__,NEUROBAT,AVERR1,NEUROBAT__AVERR1,numeric,numeric_standardized,cognitive_item_or_measure,identity,1419,1346,0.9485553206483439,50,True,distinct_fit_participants_with_original_feature_observed_before_imputation_and_encoding
longitudinal_previous_last,current_visit,current__,NEUROBAT,AVERR2,NEUROBAT__AVERR2,numeric,numeric_standardized,cognitive_item_or_measure,identity,1419,1343,0.9464411557434813,50,True,distinct_fit_participants_with_original_feature_observed_before_imputation_and_encoding
longitudinal_previous_last,current_visit,current__,NEUROBAT,AVERR3,NEUROBAT__AVERR3,numeric,numeric_standardized,cognitive_item_or_measure,identity,1419,1342,0.9457364341085271,50,True,distinct_fit_participants_with_original_feature_observed_before_imputation_and_encoding
longitudinal_previous_last,current_visit,current__,NEUROBAT,AVERR4,NEUROBAT__AVERR4,numeric,numeric_standardized,cognitive_item_or_measure,identity,1419,1337,0.9422128259337562,50,True,distinct_fit_participants_with_original_feature_observed_before_imputation_and_encoding
longitudinal_previous_last,current_visit,current__,NEUROBAT,AVERR5,NEUROBAT__AVERR5,numeric,numeric_standardized,cognitive_item_or_measure,identity,1419,1337,0.9422128259337562,50,True,distinct_fit_participants_with_original_feature_observed_before_imputation_and_encoding
longitudinal_previous_last,current_visit,current__,NEUROBAT,AVERR6,NEUROBAT__AVERR6,numeric,numeric_standardized,cognitive_item_or_measure,identity,1419,1332,0.9386892177589852,50,True,distinct_fit_participants_with_original_feature_observed_before_imputation_and_encoding
longitudinal_previous_last,current_visit,current__,NEUROBAT,AVERRB,NEUROBAT__AVERRB,numeric,numeric_standardized,cognitive_item_or_measure,identity,1419,1337,0.9422128259337562,50,True,distinct_fit_participants_with_original_feature_observed_before_imputation_and_encoding
longitudinal_previous_last,current_visit,current__,NEUROBAT,AVTOT1,NEUROBAT__AVTOT1,numeric,numeric_standardized,cognitive_item_or_measure,numeric_identity,1419,1346,0.9485553206483439,50,True,distinct_fit_participants_with_original_feature_observed_before_imputation_and_encoding
longitudinal_previous_last,current_visit,current__,NEUROBAT,AVTOT2,NEUROBAT__AVTOT2,numeric,numeric_standardized,cognitive_item_or_measure,numeric_identity,1419,1344,0.9471458773784355,50,True,distinct_fit_participants_with_original_feature_observed_before_imputation_and_encoding
longitudinal_previous_last,current_visit,current__,NEUROBAT,AVTOT3,NEUROBAT__AVTOT3,numeric,numeric_standardized,cognitive_item_or_measure,numeric_identity,1419,1343,0.9464411557434813,50,True,distinct_fit_participants_with_original_feature_observed_before_imputation_and_encoding
longitudinal_previous_last,current_visit,current__,NEUROBAT,AVTOT4,NEUROBAT__AVTOT4,numeric,numeric_standardized,cognitive_item_or_measure,numeric_identity,1419,1339,0.9436222692036645,50,True,distinct_fit_participants_with_original_feature_observed_before_imputation_and_encoding
longitudinal_previous_last,current_visit,current__,NEUROBAT,AVTOT5,NEUROBAT__AVTOT5,numeric,numeric_standardized,cognitive_item_or_measure,numeric_identity,1419,1339,0.9436222692036645,50,True,distinct_fit_participants_with_original_feature_observed_before_imputation_and_encoding
longitudinal_previous_last,current_visit,current__,NEUROBAT,AVTOT6,NEUROBAT__AVTOT6,numeric,numeric_standardized,cognitive_item_or_measure,numeric_identity,1419,1334,0.9400986610288936,50,True,distinct_fit_participants_with_original_feature_observed_before_imputation_and_encoding
longitudinal_previous_last,current_visit,current__,NEUROBAT,AVTOTB,NEUROBAT__AVTOTB,numeric,numeric_standardized,cognitive_item_or_measure,numeric_identity,1419,1338,0.9429175475687104,50,True,distinct_fit_participants_with_original_feature_observed_before_imputation_and_encoding
longitudinal_previous_last,current_visit,current__,NEUROBAT,BNTCPHON,NEUROBAT__BNTCPHON,numeric,numeric_standardized,cognitive_item_or_measure,identity,1419,780,0.5496828752642706,50,True,distinct_fit_participants_with_original_feature_observed_before_imputation_and_encoding
longitudinal_previous_last,current_visit,current__,NEUROBAT,BNTCSTIM,NEUROBAT__BNTCSTIM,numeric,numeric_standardized,cognitive_item_or_measure,identity,1419,780,0.5496828752642706,50,True,distinct_fit_participants_with_original_feature_observed_before_imputation_and_encoding
longitudinal_previous_last,current_visit,current__,NEUROBAT,BNTPHON,NEUROBAT__BNTPHON,numeric,numeric_standardized,cognitive_item_or_measure,identity,1419,780,0.5496828752642706,50,True,distinct_fit_participants_with_original_feature_observed_before_imputation_and_encoding
longitudinal_previous_last,current_visit,current__,NEUROBAT,BNTSPONT,NEUROBAT__BNTSPONT,numeric,numeric_standardized,cognitive_item_or_measure,identity,1419,780,0.5496828752642706,50,True,distinct_fit_participants_with_original_feature_observed_before_imputation_and_encoding
longitudinal_previous_last,current_visit,current__,NEUROBAT,BNTSTIM,NEUROBAT__BNTSTIM,numeric,numeric_standardized,cognitive_item_or_measure,identity,1419,780,0.5496828752642706,50,True,distinct_fit_participants_with_original_feature_observed_before_imputation_and_encoding
longitudinal_previous_last,current_visit,current__,NEUROBAT,BNTTOTAL,NEUROBAT__BNTTOTAL,numeric,numeric_standardized,official_or_documented_summary_score,numeric_identity,1419,780,0.5496828752642706,50,True,distinct_fit_participants_with_original_feature_observed_before_imputation_and_encoding
longitudinal_previous_last,current_visit,current__,NEUROBAT,CATANIMSC,NEUROBAT__CATANIMSC,numeric,numeric_standardized,cognitive_item_or_measure,numeric_identity,1419,1358,0.9570119802677942,50,True,distinct_fit_participants_with_original_feature_observed_before_imputation_and_encoding
longitudinal_previous_last,current_visit,current__,NEUROBAT,CATANINTR,NEUROBAT__CATANINTR,numeric,numeric_standardized,cognitive_item_or_measure,numeric_identity,1419,1355,0.9548978153629316,50,True,distinct_fit_participants_with_original_feature_observed_before_imputation_and_encoding
longitudinal_previous_last,current_visit,current__,NEUROBAT,CATANPERS,NEUROBAT__CATANPERS,numeric,numeric_standardized,cognitive_item_or_measure,numeric_identity,1419,1355,0.9548978153629316,50,True,distinct_fit_participants_with_original_feature_observed_before_imputation_and_encoding
longitudinal_previous_last,current_visit,current__,NEUROBAT,CATVEGESC,NEUROBAT__CATVEGESC,numeric,numeric_standardized,cognitive_item_or_measure,identity,1419,348,0.2452431289640592,50,True,distinct_fit_participants_with_original_feature_observed_before_imputation_and_encoding
longitudinal_previous_last,current_visit,current__,NEUROBAT,CATVGINTR,NEUROBAT__CATVGINTR,numeric,numeric_standardized,cognitive_item_or_measure,identity,1419,348,0.2452431289640592,50,True,distinct_fit_participants_with_original_feature_observed_before_imputation_and_encoding
longitudinal_previous_last,current_visit,current__,NEUROBAT,CATVGPERS,NEUROBAT__CATVGPERS,numeric,numeric_standardized,cognitive_item_or_measure,identity,1419,348,0.2452431289640592,50,True,distinct_fit_participants_with_original_feature_observed_before_imputation_and_encoding
longitudinal_previous_last,current_visit,current__,NEUROBAT,CLOCKCIRC,NEUROBAT__CLOCKCIRC,binary,binary_identity,cognitive_item_or_measure,identity,1419,1351,0.9520789288231148,50,True,distinct_fit_participants_with_original_feature_observed_before_imputation_and_encoding
longitudinal_previous_last,current_visit,current__,NEUROBAT,CLOCKHAND,NEUROBAT__CLOCKHAND,binary,binary_identity,cognitive_item_or_measure,identity,1419,1351,0.9520789288231148,50,True,distinct_fit_participants_with_original_feature_observed_before_imputation_and_encoding
longitudinal_previous_last,current_visit,current__,NEUROBAT,CLOCKNUM,NEUROBAT__CLOCKNUM,binary,binary_identity,cognitive_item_or_measure,identity,1419,1351,0.9520789288231148,50,True,distinct_fit_participants_with_original_feature_observed_before_imputation_and_encoding
longitudinal_previous_last,current_visit,current__,NEUROBAT,CLOCKSCOR,NEUROBAT__CLOCKSCOR,numeric,numeric_standardized,official_or_documented_summary_score,numeric_identity,1419,1352,0.952783650458069,50,True,distinct_fit_participants_with_original_feature_observed_before_imputation_and_encoding
longitudinal_previous_last,current_visit,current__,NEUROBAT,CLOCKSYM,NEUROBAT__CLOCKSYM,binary,binary_identity,cognitive_item_or_measure,identity,1419,1351,0.9520789288231148,50,True,distinct_fit_participants_with_original_feature_observed_before_imputation_and_encoding
longitudinal_previous_last,current_visit,current__,NEUROBAT,CLOCKTIME,NEUROBAT__CLOCKTIME,binary,binary_identity,cognitive_item_or_measure,identity,1419,1351,0.9520789288231148,50,True,distinct_fit_participants_with_original_feature_observed_before_imputation_and_encoding
longitudinal_previous_last,current_visit,current__,NEUROBAT,COPYCIRC,NEUROBAT__COPYCIRC,binary,binary_identity,copy_component_correctness,binary_zero_one_identity,1419,1352,0.952783650458069,50,True,distinct_fit_participants_with_original_feature_observed_before_imputation_and_encoding
longitudinal_previous_last,current_visit,current__,NEUROBAT,COPYHAND,NEUROBAT__COPYHAND,binary,binary_identity,copy_component_correctness,binary_zero_one_identity,1419,1352,0.952783650458069,50,True,distinct_fit_participants_with_original_feature_observed_before_imputation_and_encoding
longitudinal_previous_last,current_visit,current__,NEUROBAT,COPYNUM,NEUROBAT__COPYNUM,binary,binary_identity,copy_component_correctness,binary_zero_one_identity,1419,1352,0.952783650458069,50,True,distinct_fit_participants_with_original_feature_observed_before_imputation_and_encoding
longitudinal_previous_last,current_visit,current__,NEUROBAT,COPYSCOR,NEUROBAT__COPYSCOR,numeric,numeric_standardized,official_or_documented_summary_score,numeric_identity,1419,1353,0.9534883720930233,50,True,distinct_fit_participants_with_original_feature_observed_before_imputation_and_encoding
longitudinal_previous_last,current_visit,current__,NEUROBAT,COPYSYM,NEUROBAT__COPYSYM,binary,binary_identity,copy_component_correctness,binary_zero_one_identity,1419,1352,0.952783650458069,50,True,distinct_fit_participants_with_original_feature_observed_before_imputation_and_encoding
longitudinal_previous_last,current_visit,current__,NEUROBAT,COPYTIME,NEUROBAT__COPYTIME,binary,binary_identity,copy_component_correctness,binary_zero_one_identity,1419,1352,0.952783650458069,50,True,distinct_fit_participants_with_original_feature_observed_before_imputation_and_encoding
longitudinal_previous_last,current_visit,current__,NEUROBAT,DIGITSCOR,NEUROBAT__DIGITSCOR,numeric,numeric_standardized,cognitive_item_or_measure,identity,1419,341,0.24031007751937986,50,True,distinct_fit_participants_with_original_feature_observed_before_imputation_and_encoding
longitudinal_previous_last,current_visit,current__,NEUROBAT,DSPANBAC,NEUROBAT__DSPANBAC,numeric,numeric_standardized,cognitive_item_or_measure,identity,1419,340,0.23960535588442566,50,True,distinct_fit_participants_with_original_feature_observed_before_imputation_and_encoding
longitudinal_previous_last,current_visit,current__,NEUROBAT,DSPANBLTH,NEUROBAT__DSPANBLTH,numeric,numeric_standardized,cognitive_item_or_measure,identity,1419,340,0.23960535588442566,50,True,distinct_fit_participants_with_original_feature_observed_before_imputation_and_encoding
longitudinal_previous_last,current_visit,current__,NEUROBAT,DSPANFLTH,NEUROBAT__DSPANFLTH,numeric,numeric_standardized,cognitive_item_or_measure,identity,1419,348,0.2452431289640592,50,True,distinct_fit_participants_with_original_feature_observed_before_imputation_and_encoding
longitudinal_previous_last,current_visit,current__,NEUROBAT,DSPANFOR,NEUROBAT__DSPANFOR,numeric,numeric_standardized,cognitive_item_or_measure,identity,1419,349,0.2459478505990134,50,True,distinct_fit_participants_with_original_feature_observed_before_imputation_and_encoding
longitudinal_previous_last,current_visit,current__,NEUROBAT,LDELCUE,NEUROBAT__LDELCUE,binary,binary_identity,cognitive_item_or_measure,identity,1419,1237,0.8717406624383368,50,True,distinct_fit_participants_with_original_feature_observed_before_imputation_and_encoding
longitudinal_previous_last,current_visit,current__,NEUROBAT,LDELTOTAL,NEUROBAT__LDELTOTAL,numeric,numeric_standardized,cognitive_item_or_measure,numeric_identity,1419,1242,0.8752642706131079,50,True,distinct_fit_participants_with_original_feature_observed_before_imputation_and_encoding
longitudinal_previous_last,current_visit,current__,NEUROBAT,LIMMTOTAL,NEUROBAT__LIMMTOTAL,numeric,numeric_standardized,cognitive_item_or_measure,numeric_identity,1419,1250,0.8809020436927414,50,True,distinct_fit_participants_with_original_feature_observed_before_imputation_and_encoding
longitudinal_previous_last,current_visit,current__,NEUROBAT,MINTSEMCUE,NEUROBAT__MINTSEMCUE,numeric,numeric_standardized,cognitive_item_or_measure,identity,1419,555,0.39112050739957716,50,True,distinct_fit_participants_with_original_feature_observed_before_imputation_and_encoding
longitudinal_previous_last,current_visit,current__,NEUROBAT,MINTTOTAL,NEUROBAT__MINTTOTAL,numeric,numeric_standardized,official_or_documented_summary_score,numeric_identity,1419,561,0.3953488372093023,50,True,distinct_fit_participants_with_original_feature_observed_before_imputation_and_encoding
longitudinal_previous_last,current_visit,current__,NEUROBAT,MINTUNCUED,NEUROBAT__MINTUNCUED,numeric,numeric_standardized,cognitive_item_or_measure,identity,1419,561,0.3953488372093023,50,True,distinct_fit_participants_with_original_feature_observed_before_imputation_and_encoding
longitudinal_previous_last,current_visit,current__,NEUROBAT,TRAAERRCOM,NEUROBAT__TRAAERRCOM,numeric,numeric_standardized,cognitive_item_or_measure,identity,1419,1345,0.9478505990133897,50,True,distinct_fit_participants_with_original_feature_observed_before_imputation_and_encoding
longitudinal_previous_last,current_visit,current__,NEUROBAT,TRAAERROM,NEUROBAT__TRAAERROM,numeric,numeric_standardized,cognitive_item_or_measure,numeric_identity,1419,1346,0.9485553206483439,50,True,distinct_fit_participants_with_original_feature_observed_before_imputation_and_encoding
longitudinal_previous_last,current_visit,current__,NEUROBAT,TRAASCOR,NEUROBAT__TRAASCOR,numeric,numeric_standardized,cognitive_item_or_measure,numeric_identity,1419,1344,0.9471458773784355,50,True,distinct_fit_participants_with_original_feature_observed_before_imputation_and_encoding
longitudinal_previous_last,current_visit,current__,NEUROBAT,TRABERRCOM,NEUROBAT__TRABERRCOM,numeric,numeric_standardized,cognitive_item_or_measure,identity,1419,1284,0.904862579281184,50,True,distinct_fit_participants_with_original_feature_observed_before_imputation_and_encoding
longitudinal_previous_last,current_visit,current__,NEUROBAT,TRABERROM,NEUROBAT__TRABERROM,numeric,numeric_standardized,cognitive_item_or_measure,numeric_identity,1419,1284,0.904862579281184,50,True,distinct_fit_participants_with_original_feature_observed_before_imputation_and_encoding
longitudinal_previous_last,current_visit,current__,NEUROBAT,TRABSCOR,NEUROBAT__TRABSCOR,numeric,numeric_standardized,cognitive_item_or_measure,numeric_identity,1419,1288,0.9076814658210007,50,True,distinct_fit_participants_with_original_feature_observed_before_imputation_and_encoding
longitudinal_previous_last,participant_static,,APOERES,GENOTYPE,APOERES__GENOTYPE,categorical,categorical_one_hot,apoe_genotype_category,categorical_identity,1419,1415,0.9971811134601832,50,True,distinct_fit_participants_with_original_feature_observed_before_imputation_and_encoding
longitudinal_previous_last,participant_static,,PTDEMOG,PTEDUCAT,PTDEMOG__PTEDUCAT,numeric,numeric_standardized,cross_phase_common_core_demographic,numeric_identity,1419,1419,1.0,50,True,distinct_fit_participants_with_original_feature_observed_before_imputation_and_encoding
longitudinal_previous_last,participant_static,,PTDEMOG,PTETHCAT,PTDEMOG__PTETHCAT,categorical,categorical_one_hot,cross_phase_common_core_demographic,categorical_identity,1419,1419,1.0,50,True,distinct_fit_participants_with_original_feature_observed_before_imputation_and_encoding
longitudinal_previous_last,participant_static,,PTDEMOG,PTGENDER,PTDEMOG__PTGENDER,categorical,categorical_one_hot,cross_phase_common_core_demographic,categorical_identity,1419,1419,1.0,50,True,distinct_fit_participants_with_original_feature_observed_before_imputation_and_encoding
longitudinal_previous_last,participant_static,,PTDEMOG,PTHAND,PTDEMOG__PTHAND,categorical,categorical_one_hot,cross_phase_common_core_demographic,categorical_identity,1419,1419,1.0,50,True,distinct_fit_participants_with_original_feature_observed_before_imputation_and_encoding
longitudinal_previous_last,participant_static,,PTDEMOG,PTHOME,PTDEMOG__PTHOME,categorical,categorical_one_hot,cross_phase_common_core_demographic,ptdemog_pthome_harmonization,1419,1419,1.0,50,True,distinct_fit_participants_with_original_feature_observed_before_imputation_and_encoding
longitudinal_previous_last,participant_static,,PTDEMOG,PTMARRY,PTDEMOG__PTMARRY,categorical,categorical_one_hot,cross_phase_common_core_demographic,categorical_identity,1419,1418,0.9992952783650458,50,True,distinct_fit_participants_with_original_feature_observed_before_imputation_and_encoding
longitudinal_previous_last,participant_static,,PTDEMOG,PTNOTRT,PTDEMOG__PTNOTRT,categorical,categorical_one_hot,cross_phase_common_core_demographic,categorical_identity,1419,1419,1.0,50,True,distinct_fit_participants_with_original_feature_observed_before_imputation_and_encoding
longitudinal_previous_last,participant_static,,PTDEMOG,PTPLANG,PTDEMOG__PTPLANG,categorical,categorical_one_hot,cross_phase_common_core_demographic,categorical_identity,1419,1419,1.0,50,True,distinct_fit_participants_with_original_feature_observed_before_imputation_and_encoding
longitudinal_previous_last,participant_static,,PTDEMOG,PTRACCAT,PTDEMOG__PTRACCAT,categorical,categorical_one_hot,cross_phase_common_core_demographic,categorical_identity,1419,1419,1.0,50,True,distinct_fit_participants_with_original_feature_observed_before_imputation_and_encoding
longitudinal_previous_last,previous_visit,previous__,ADAS,Q10SCORE,ADAS__Q10SCORE,categorical,categorical_one_hot,ordinal_clinical_severity_score,categorical_identity,1419,1382,0.9739252995066948,50,True,distinct_fit_participants_with_original_feature_observed_before_imputation_and_encoding
longitudinal_previous_last,previous_visit,previous__,ADAS,Q11SCORE,ADAS__Q11SCORE,categorical,categorical_one_hot,ordinal_clinical_severity_score,categorical_identity,1419,1382,0.9739252995066948,50,True,distinct_fit_participants_with_original_feature_observed_before_imputation_and_encoding
longitudinal_previous_last,previous_visit,previous__,ADAS,Q12SCORE,ADAS__Q12SCORE,categorical,categorical_one_hot,ordinal_clinical_severity_score,categorical_identity,1419,1382,0.9739252995066948,50,True,distinct_fit_participants_with_original_feature_observed_before_imputation_and_encoding
longitudinal_previous_last,previous_visit,previous__,ADAS,Q13SCORE,ADAS__Q13SCORE,numeric,numeric_standardized,cognitive_summary_score,numeric_identity,1419,1373,0.9675828047921071,50,True,distinct_fit_participants_with_original_feature_observed_before_imputation_and_encoding
longitudinal_previous_last,previous_visit,previous__,ADAS,Q13TASKA,ADAS__Q13TASKA,numeric,numeric_standardized,cognitive_item_or_measure,numeric_identity,1419,1378,0.971106412966878,50,True,distinct_fit_participants_with_original_feature_observed_before_imputation_and_encoding
longitudinal_previous_last,previous_visit,previous__,ADAS,Q13TASKB,ADAS__Q13TASKB,numeric,numeric_standardized,cognitive_item_or_measure,numeric_identity,1419,1378,0.971106412966878,50,True,distinct_fit_participants_with_original_feature_observed_before_imputation_and_encoding
longitudinal_previous_last,previous_visit,previous__,ADAS,Q13TASKC,ADAS__Q13TASKC,numeric,numeric_standardized,cognitive_item_or_measure,numeric_identity,1419,1378,0.971106412966878,50,True,distinct_fit_participants_with_original_feature_observed_before_imputation_and_encoding
longitudinal_previous_last,previous_visit,previous__,ADAS,Q13UNABLE,ADAS__Q13UNABLE,categorical,categorical_one_hot,assessment_completion_state,categorical_identity,1419,1385,0.9760394644115574,50,True,distinct_fit_participants_with_original_feature_observed_before_imputation_and_encoding
longitudinal_previous_last,previous_visit,previous__,ADAS,Q1SCORE,ADAS__Q1SCORE,numeric,numeric_standardized,cognitive_summary_score,numeric_identity,1419,1382,0.9739252995066948,50,True,distinct_fit_participants_with_original_feature_observed_before_imputation_and_encoding
longitudinal_previous_last,previous_visit,previous__,ADAS,Q1TR2T,ADAS__Q1TR2T,numeric,numeric_standardized,cognitive_item_or_measure,identity,1419,885,0.6236786469344608,50,True,distinct_fit_participants_with_original_feature_observed_before_imputation_and_encoding
longitudinal_previous_last,previous_visit,previous__,ADAS,Q1TRIT,ADAS__Q1TRIT,numeric,numeric_standardized,cognitive_item_or_measure,identity,1419,885,0.6236786469344608,50,True,distinct_fit_participants_with_original_feature_observed_before_imputation_and_encoding
longitudinal_previous_last,previous_visit,previous__,ADAS,Q1TRT,ADAS__Q1TRT,numeric,numeric_standardized,cognitive_item_or_measure,identity,1419,885,0.6236786469344608,50,True,distinct_fit_participants_with_original_feature_observed_before_imputation_and_encoding
longitudinal_previous_last,previous_visit,previous__,ADAS,Q1UNABLE,ADAS__Q1UNABLE,categorical,categorical_one_hot,assessment_completion_state,categorical_identity,1419,1385,0.9760394644115574,50,True,distinct_fit_participants_with_original_feature_observed_before_imputation_and_encoding
longitudinal_previous_last,previous_visit,previous__,ADAS,Q2SCORE,ADAS__Q2SCORE,numeric,numeric_standardized,cognitive_summary_score,numeric_identity,1419,1382,0.9739252995066948,50,True,distinct_fit_participants_with_original_feature_observed_before_imputation_and_encoding
longitudinal_previous_last,previous_visit,previous__,ADAS,Q2TASK,ADAS__Q2TASK,multi_response,multi_hot,documented_task_component_set,dictionary_multi_response_tokens,1419,1384,0.9753347427766033,50,True,distinct_fit_participants_with_original_feature_observed_before_imputation_and_encoding
longitudinal_previous_last,previous_visit,previous__,ADAS,Q2UNABLE,ADAS__Q2UNABLE,categorical,categorical_one_hot,assessment_completion_state,categorical_identity,1419,1385,0.9760394644115574,50,True,distinct_fit_participants_with_original_feature_observed_before_imputation_and_encoding
longitudinal_previous_last,previous_visit,previous__,ADAS,Q3SCORE,ADAS__Q3SCORE,numeric,numeric_standardized,cognitive_summary_score,numeric_identity,1419,1382,0.9739252995066948,50,True,distinct_fit_participants_with_original_feature_observed_before_imputation_and_encoding
longitudinal_previous_last,previous_visit,previous__,ADAS,Q3TASK1,ADAS__Q3TASK1,categorical,categorical_one_hot,constructional_praxis_response_state,categorical_identity,1419,1380,0.9725158562367865,50,True,distinct_fit_participants_with_original_feature_observed_before_imputation_and_encoding
longitudinal_previous_last,previous_visit,previous__,ADAS,Q3TASK2,ADAS__Q3TASK2,categorical,categorical_one_hot,constructional_praxis_response_state,categorical_identity,1419,1369,0.9647639182522904,50,True,distinct_fit_participants_with_original_feature_observed_before_imputation_and_encoding
longitudinal_previous_last,previous_visit,previous__,ADAS,Q3TASK3,ADAS__Q3TASK3,categorical,categorical_one_hot,constructional_praxis_response_state,categorical_identity,1419,1359,0.9577167019027484,50,True,distinct_fit_participants_with_original_feature_observed_before_imputation_and_encoding
longitudinal_previous_last,previous_visit,previous__,ADAS,Q3TASK4,ADAS__Q3TASK4,categorical,categorical_one_hot,constructional_praxis_response_state,categorical_identity,1419,1178,0.8301620859760395,50,True,distinct_fit_participants_with_original_feature_observed_before_imputation_and_encoding
longitudinal_previous_last,previous_visit,previous__,ADAS,Q3UNABLE,ADAS__Q3UNABLE,categorical,categorical_one_hot,assessment_completion_state,categorical_identity,1419,1385,0.9760394644115574,50,True,distinct_fit_participants_with_original_feature_observed_before_imputation_and_encoding
longitudinal_previous_last,previous_visit,previous__,ADAS,Q4SCORE,ADAS__Q4SCORE,numeric,numeric_standardized,cognitive_summary_score,numeric_identity,1419,1381,0.9732205778717407,50,True,distinct_fit_participants_with_original_feature_observed_before_imputation_and_encoding
longitudinal_previous_last,previous_visit,previous__,ADAS,Q4UNABLE,ADAS__Q4UNABLE,categorical,categorical_one_hot,assessment_completion_state,categorical_identity,1419,1385,0.9760394644115574,50,True,distinct_fit_participants_with_original_feature_observed_before_imputation_and_encoding
longitudinal_previous_last,previous_visit,previous__,ADAS,Q5FINGER,ADAS__Q5FINGER,multi_response,multi_hot,documented_task_component_set,dictionary_multi_response_tokens,1419,1383,0.9746300211416491,50,True,distinct_fit_participants_with_original_feature_observed_before_imputation_and_encoding
longitudinal_previous_last,previous_visit,previous__,ADAS,Q5NAME1,ADAS__Q5NAME1,categorical,categorical_one_hot,item_response_and_cue_state,categorical_identity,1419,1383,0.9746300211416491,50,True,distinct_fit_participants_with_original_feature_observed_before_imputation_and_encoding
longitudinal_previous_last,previous_visit,previous__,ADAS,Q5NAME10,ADAS__Q5NAME10,categorical,categorical_one_hot,item_response_and_cue_state,categorical_identity,1419,1383,0.9746300211416491,50,True,distinct_fit_participants_with_original_feature_observed_before_imputation_and_encoding
longitudinal_previous_last,previous_visit,previous__,ADAS,Q5NAME11,ADAS__Q5NAME11,categorical,categorical_one_hot,item_response_and_cue_state,categorical_identity,1419,1383,0.9746300211416491,50,True,distinct_fit_participants_with_original_feature_observed_before_imputation_and_encoding
longitudinal_previous_last,previous_visit,previous__,ADAS,Q5NAME12,ADAS__Q5NAME12,categorical,categorical_one_hot,item_response_and_cue_state,categorical_identity,1419,1383,0.9746300211416491,50,True,distinct_fit_participants_with_original_feature_observed_before_imputation_and_encoding
longitudinal_previous_last,previous_visit,previous__,ADAS,Q5NAME2,ADAS__Q5NAME2,categorical,categorical_one_hot,item_response_and_cue_state,categorical_identity,1419,1383,0.9746300211416491,50,True,distinct_fit_participants_with_original_feature_observed_before_imputation_and_encoding
longitudinal_previous_last,previous_visit,previous__,ADAS,Q5NAME3,ADAS__Q5NAME3,categorical,categorical_one_hot,item_response_and_cue_state,categorical_identity,1419,1383,0.9746300211416491,50,True,distinct_fit_participants_with_original_feature_observed_before_imputation_and_encoding
longitudinal_previous_last,previous_visit,previous__,ADAS,Q5NAME4,ADAS__Q5NAME4,categorical,categorical_one_hot,item_response_and_cue_state,categorical_identity,1419,1383,0.9746300211416491,50,True,distinct_fit_participants_with_original_feature_observed_before_imputation_and_encoding
longitudinal_previous_last,previous_visit,previous__,ADAS,Q5NAME5,ADAS__Q5NAME5,categorical,categorical_one_hot,item_response_and_cue_state,categorical_identity,1419,1383,0.9746300211416491,50,True,distinct_fit_participants_with_original_feature_observed_before_imputation_and_encoding
longitudinal_previous_last,previous_visit,previous__,ADAS,Q5NAME6,ADAS__Q5NAME6,categorical,categorical_one_hot,item_response_and_cue_state,categorical_identity,1419,1383,0.9746300211416491,50,True,distinct_fit_participants_with_original_feature_observed_before_imputation_and_encoding
longitudinal_previous_last,previous_visit,previous__,ADAS,Q5NAME7,ADAS__Q5NAME7,categorical,categorical_one_hot,item_response_and_cue_state,categorical_identity,1419,1383,0.9746300211416491,50,True,distinct_fit_participants_with_original_feature_observed_before_imputation_and_encoding
longitudinal_previous_last,previous_visit,previous__,ADAS,Q5NAME8,ADAS__Q5NAME8,categorical,categorical_one_hot,item_response_and_cue_state,categorical_identity,1419,1383,0.9746300211416491,50,True,distinct_fit_participants_with_original_feature_observed_before_imputation_and_encoding
longitudinal_previous_last,previous_visit,previous__,ADAS,Q5NAME9,ADAS__Q5NAME9,categorical,categorical_one_hot,item_response_and_cue_state,categorical_identity,1419,1383,0.9746300211416491,50,True,distinct_fit_participants_with_original_feature_observed_before_imputation_and_encoding
longitudinal_previous_last,previous_visit,previous__,ADAS,Q5SCORE,ADAS__Q5SCORE,numeric,numeric_standardized,cognitive_summary_score,numeric_identity,1419,1381,0.9732205778717407,50,True,distinct_fit_participants_with_original_feature_observed_before_imputation_and_encoding
longitudinal_previous_last,previous_visit,previous__,ADAS,Q5SCORE_CUE,ADAS__Q5SCORE_CUE,numeric,numeric_standardized,cognitive_summary_score,numeric_identity,1419,480,0.3382663847780127,50,True,distinct_fit_participants_with_original_feature_observed_before_imputation_and_encoding
longitudinal_previous_last,previous_visit,previous__,ADAS,Q5UNABLE,ADAS__Q5UNABLE,categorical,categorical_one_hot,assessment_completion_state,categorical_identity,1419,1385,0.9760394644115574,50,True,distinct_fit_participants_with_original_feature_observed_before_imputation_and_encoding
longitudinal_previous_last,previous_visit,previous__,ADAS,Q6SCORE,ADAS__Q6SCORE,numeric,numeric_standardized,cognitive_summary_score,numeric_identity,1419,1382,0.9739252995066948,50,True,distinct_fit_participants_with_original_feature_observed_before_imputation_and_encoding
longitudinal_previous_last,previous_visit,previous__,ADAS,Q6TASK,ADAS__Q6TASK,multi_response,multi_hot,documented_task_component_set,dictionary_multi_response_tokens,1419,1384,0.9753347427766033,50,True,distinct_fit_participants_with_original_feature_observed_before_imputation_and_encoding
longitudinal_previous_last,previous_visit,previous__,ADAS,Q6UNABLE,ADAS__Q6UNABLE,categorical,categorical_one_hot,assessment_completion_state,categorical_identity,1419,1385,0.9760394644115574,50,True,distinct_fit_participants_with_original_feature_observed_before_imputation_and_encoding
longitudinal_previous_last,previous_visit,previous__,ADAS,Q7SCORE,ADAS__Q7SCORE,numeric,numeric_standardized,cognitive_summary_score,numeric_identity,1419,1382,0.9739252995066948,50,True,distinct_fit_participants_with_original_feature_observed_before_imputation_and_encoding
longitudinal_previous_last,previous_visit,previous__,ADAS,Q7TASK,ADAS__Q7TASK,multi_response,multi_hot,documented_task_component_set,dictionary_multi_response_tokens,1419,1384,0.9753347427766033,50,True,distinct_fit_participants_with_original_feature_observed_before_imputation_and_encoding
longitudinal_previous_last,previous_visit,previous__,ADAS,Q7UNABLE,ADAS__Q7UNABLE,categorical,categorical_one_hot,assessment_completion_state,categorical_identity,1419,1385,0.9760394644115574,50,True,distinct_fit_participants_with_original_feature_observed_before_imputation_and_encoding
longitudinal_previous_last,previous_visit,previous__,ADAS,Q8SCORE,ADAS__Q8SCORE,numeric,numeric_standardized,cognitive_summary_score,numeric_identity,1419,1382,0.9739252995066948,50,True,distinct_fit_participants_with_original_feature_observed_before_imputation_and_encoding
longitudinal_previous_last,previous_visit,previous__,ADAS,Q8UNABLE,ADAS__Q8UNABLE,categorical,categorical_one_hot,assessment_completion_state,categorical_identity,1419,1385,0.9760394644115574,50,True,distinct_fit_participants_with_original_feature_observed_before_imputation_and_encoding
longitudinal_previous_last,previous_visit,previous__,ADAS,Q9SCORE,ADAS__Q9SCORE,categorical,categorical_one_hot,ordinal_clinical_severity_score,categorical_identity,1419,1382,0.9739252995066948,50,True,distinct_fit_participants_with_original_feature_observed_before_imputation_and_encoding
longitudinal_previous_last,previous_visit,previous__,ADAS,TOTAL13,ADAS__TOTAL13,numeric,numeric_standardized,cognitive_summary_score,numeric_identity,1419,1370,0.9654686398872445,50,True,distinct_fit_participants_with_original_feature_observed_before_imputation_and_encoding
longitudinal_previous_last,previous_visit,previous__,ADAS,TOTSCORE,ADAS__TOTSCORE,numeric,numeric_standardized,cognitive_summary_score,numeric_identity,1419,1380,0.9725158562367865,50,True,distinct_fit_participants_with_original_feature_observed_before_imputation_and_encoding
longitudinal_previous_last,previous_visit,previous__,CDR,CDCARE,CDR__CDCARE,categorical,categorical_one_hot,ordered_clinical_stage,categorical_identity,1419,1152,0.8118393234672304,50,True,distinct_fit_participants_with_original_feature_observed_before_imputation_and_encoding
longitudinal_previous_last,previous_visit,previous__,CDR,CDCOMMUN,CDR__CDCOMMUN,categorical,categorical_one_hot,ordered_clinical_stage,categorical_identity,1419,1152,0.8118393234672304,50,True,distinct_fit_participants_with_original_feature_observed_before_imputation_and_encoding
longitudinal_previous_last,previous_visit,previous__,CDR,CDGLOBAL,CDR__CDGLOBAL,categorical,categorical_one_hot,ordered_clinical_stage,categorical_identity,1419,1150,0.8104298801973221,50,True,distinct_fit_participants_with_original_feature_observed_before_imputation_and_encoding
longitudinal_previous_last,previous_visit,previous__,CDR,CDHOME,CDR__CDHOME,categorical,categorical_one_hot,ordered_clinical_stage,categorical_identity,1419,1152,0.8118393234672304,50,True,distinct_fit_participants_with_original_feature_observed_before_imputation_and_encoding
longitudinal_previous_last,previous_visit,previous__,CDR,CDJUDGE,CDR__CDJUDGE,categorical,categorical_one_hot,ordered_clinical_stage,categorical_identity,1419,1152,0.8118393234672304,50,True,distinct_fit_participants_with_original_feature_observed_before_imputation_and_encoding
longitudinal_previous_last,previous_visit,previous__,CDR,CDMEMORY,CDR__CDMEMORY,categorical,categorical_one_hot,ordered_clinical_stage,categorical_identity,1419,1152,0.8118393234672304,50,True,distinct_fit_participants_with_original_feature_observed_before_imputation_and_encoding
longitudinal_previous_last,previous_visit,previous__,CDR,CDORIENT,CDR__CDORIENT,categorical,categorical_one_hot,ordered_clinical_stage,categorical_identity,1419,1152,0.8118393234672304,50,True,distinct_fit_participants_with_original_feature_observed_before_imputation_and_encoding
longitudinal_previous_last,previous_visit,previous__,CDR,CDRSB,CDR__CDRSB,numeric,numeric_standardized,official_sum_of_boxes_score,numeric_identity,1419,1142,0.8047921071176886,50,True,distinct_fit_participants_with_original_feature_observed_before_imputation_and_encoding
longitudinal_previous_last,previous_visit,previous__,FAQ,FAQBEVG,FAQ__FAQBEVG,categorical,categorical_one_hot,officially_scored_functional_item,faq_official_item_score_map,1419,1399,0.9859055673009162,50,True,distinct_fit_participants_with_original_feature_observed_before_imputation_and_encoding
longitudinal_previous_last,previous_visit,previous__,FAQ,FAQEVENT,FAQ__FAQEVENT,categorical,categorical_one_hot,officially_scored_functional_item,faq_official_item_score_map,1419,1400,0.9866102889358703,50,True,distinct_fit_participants_with_original_feature_observed_before_imputation_and_encoding
longitudinal_previous_last,previous_visit,previous__,FAQ,FAQFINAN,FAQ__FAQFINAN,categorical,categorical_one_hot,officially_scored_functional_item,faq_official_item_score_map,1419,1399,0.9859055673009162,50,True,distinct_fit_participants_with_original_feature_observed_before_imputation_and_encoding
longitudinal_previous_last,previous_visit,previous__,FAQ,FAQFORM,FAQ__FAQFORM,categorical,categorical_one_hot,officially_scored_functional_item,faq_official_item_score_map,1419,1399,0.9859055673009162,50,True,distinct_fit_participants_with_original_feature_observed_before_imputation_and_encoding
longitudinal_previous_last,previous_visit,previous__,FAQ,FAQGAME,FAQ__FAQGAME,categorical,categorical_one_hot,officially_scored_functional_item,faq_official_item_score_map,1419,1399,0.9859055673009162,50,True,distinct_fit_participants_with_original_feature_observed_before_imputation_and_encoding
longitudinal_previous_last,previous_visit,previous__,FAQ,FAQMEAL,FAQ__FAQMEAL,categorical,categorical_one_hot,officially_scored_functional_item,faq_official_item_score_map,1419,1398,0.985200845665962,50,True,distinct_fit_participants_with_original_feature_observed_before_imputation_and_encoding
longitudinal_previous_last,previous_visit,previous__,FAQ,FAQREM,FAQ__FAQREM,categorical,categorical_one_hot,officially_scored_functional_item,faq_official_item_score_map,1419,1400,0.9866102889358703,50,True,distinct_fit_participants_with_original_feature_observed_before_imputation_and_encoding
longitudinal_previous_last,previous_visit,previous__,FAQ,FAQSHOP,FAQ__FAQSHOP,categorical,categorical_one_hot,officially_scored_functional_item,faq_official_item_score_map,1419,1400,0.9866102889358703,50,True,distinct_fit_participants_with_original_feature_observed_before_imputation_and_encoding
longitudinal_previous_last,previous_visit,previous__,FAQ,FAQTOTAL,FAQ__FAQTOTAL,numeric,numeric_standardized,official_summary_score,numeric_identity,1419,1397,0.9844961240310077,50,True,distinct_fit_participants_with_original_feature_observed_before_imputation_and_encoding
longitudinal_previous_last,previous_visit,previous__,FAQ,FAQTRAVL,FAQ__FAQTRAVL,categorical,categorical_one_hot,officially_scored_functional_item,faq_official_item_score_map,1419,1399,0.9859055673009162,50,True,distinct_fit_participants_with_original_feature_observed_before_imputation_and_encoding
longitudinal_previous_last,previous_visit,previous__,FAQ,FAQTV,FAQ__FAQTV,categorical,categorical_one_hot,officially_scored_functional_item,faq_official_item_score_map,1419,1400,0.9866102889358703,50,True,distinct_fit_participants_with_original_feature_observed_before_imputation_and_encoding
longitudinal_previous_last,previous_visit,previous__,MMSE,MMAREA,MMSE__MMAREA,binary,binary_identity,cognitive_item_or_measure,identity,1419,1130,0.7963354474982381,50,True,distinct_fit_participants_with_original_feature_observed_before_imputation_and_encoding
longitudinal_previous_last,previous_visit,previous__,MMSE,MMCITY,MMSE__MMCITY,binary,binary_identity,cognitive_item_or_measure,identity,1419,1130,0.7963354474982381,50,True,distinct_fit_participants_with_original_feature_observed_before_imputation_and_encoding
longitudinal_previous_last,previous_visit,previous__,MMSE,MMDATE,MMSE__MMDATE,binary,binary_identity,cognitive_item_or_measure,identity,1419,1130,0.7963354474982381,50,True,distinct_fit_participants_with_original_feature_observed_before_imputation_and_encoding
longitudinal_previous_last,previous_visit,previous__,MMSE,MMDAY,MMSE__MMDAY,binary,binary_identity,cognitive_item_or_measure,identity,1419,1130,0.7963354474982381,50,True,distinct_fit_participants_with_original_feature_observed_before_imputation_and_encoding
longitudinal_previous_last,previous_visit,previous__,MMSE,MMDRAW,MMSE__MMDRAW,binary,binary_identity,cognitive_item_or_measure,identity,1419,1129,0.795630725863284,50,True,distinct_fit_participants_with_original_feature_observed_before_imputation_and_encoding
longitudinal_previous_last,previous_visit,previous__,MMSE,MMFLOOR,MMSE__MMFLOOR,binary,binary_identity,cognitive_item_or_measure,identity,1419,1130,0.7963354474982381,50,True,distinct_fit_participants_with_original_feature_observed_before_imputation_and_encoding
longitudinal_previous_last,previous_visit,previous__,MMSE,MMFOLD,MMSE__MMFOLD,binary,binary_identity,cognitive_item_or_measure,identity,1419,1130,0.7963354474982381,50,True,distinct_fit_participants_with_original_feature_observed_before_imputation_and_encoding
longitudinal_previous_last,previous_visit,previous__,MMSE,MMHAND,MMSE__MMHAND,binary,binary_identity,cognitive_item_or_measure,identity,1419,1130,0.7963354474982381,50,True,distinct_fit_participants_with_original_feature_observed_before_imputation_and_encoding
longitudinal_previous_last,previous_visit,previous__,MMSE,MMHOSPIT,MMSE__MMHOSPIT,binary,binary_identity,cognitive_item_or_measure,identity,1419,1130,0.7963354474982381,50,True,distinct_fit_participants_with_original_feature_observed_before_imputation_and_encoding
longitudinal_previous_last,previous_visit,previous__,MMSE,MMMONTH,MMSE__MMMONTH,binary,binary_identity,cognitive_item_or_measure,identity,1419,1129,0.795630725863284,50,True,distinct_fit_participants_with_original_feature_observed_before_imputation_and_encoding
longitudinal_previous_last,previous_visit,previous__,MMSE,MMONFLR,MMSE__MMONFLR,binary,binary_identity,cognitive_item_or_measure,identity,1419,1130,0.7963354474982381,50,True,distinct_fit_participants_with_original_feature_observed_before_imputation_and_encoding
longitudinal_previous_last,previous_visit,previous__,MMSE,MMPENCIL,MMSE__MMPENCIL,binary,binary_identity,cognitive_item_or_measure,identity,1419,1130,0.7963354474982381,50,True,distinct_fit_participants_with_original_feature_observed_before_imputation_and_encoding
longitudinal_previous_last,previous_visit,previous__,MMSE,MMREAD,MMSE__MMREAD,binary,binary_identity,cognitive_item_or_measure,identity,1419,1130,0.7963354474982381,50,True,distinct_fit_participants_with_original_feature_observed_before_imputation_and_encoding
longitudinal_previous_last,previous_visit,previous__,MMSE,MMREPEAT,MMSE__MMREPEAT,binary,binary_identity,cognitive_item_or_measure,identity,1419,1130,0.7963354474982381,50,True,distinct_fit_participants_with_original_feature_observed_before_imputation_and_encoding
longitudinal_previous_last,previous_visit,previous__,MMSE,MMSCORE,MMSE__MMSCORE,numeric,numeric_standardized,official_summary_score,numeric_identity,1419,1130,0.7963354474982381,50,True,distinct_fit_participants_with_original_feature_observed_before_imputation_and_encoding
longitudinal_previous_last,previous_visit,previous__,MMSE,MMSEASON,MMSE__MMSEASON,binary,binary_identity,cognitive_item_or_measure,identity,1419,1130,0.7963354474982381,50,True,distinct_fit_participants_with_original_feature_observed_before_imputation_and_encoding
longitudinal_previous_last,previous_visit,previous__,MMSE,MMSTATE,MMSE__MMSTATE,binary,binary_identity,cognitive_item_or_measure,identity,1419,1130,0.7963354474982381,50,True,distinct_fit_participants_with_original_feature_observed_before_imputation_and_encoding
longitudinal_previous_last,previous_visit,previous__,MMSE,MMTRIALS,MMSE__MMTRIALS,numeric,numeric_standardized,cognitive_item_or_measure,identity,1419,789,0.5560253699788583,50,True,distinct_fit_participants_with_original_feature_observed_before_imputation_and_encoding
longitudinal_previous_last,previous_visit,previous__,MMSE,MMWATCH,MMSE__MMWATCH,binary,binary_identity,cognitive_item_or_measure,identity,1419,1130,0.7963354474982381,50,True,distinct_fit_participants_with_original_feature_observed_before_imputation_and_encoding
longitudinal_previous_last,previous_visit,previous__,MMSE,MMWRITE,MMSE__MMWRITE,binary,binary_identity,cognitive_item_or_measure,identity,1419,1130,0.7963354474982381,50,True,distinct_fit_participants_with_original_feature_observed_before_imputation_and_encoding
longitudinal_previous_last,previous_visit,previous__,MMSE,MMYEAR,MMSE__MMYEAR,binary,binary_identity,cognitive_item_or_measure,identity,1419,1130,0.7963354474982381,50,True,distinct_fit_participants_with_original_feature_observed_before_imputation_and_encoding
longitudinal_previous_last,previous_visit,previous__,MMSE,MM_WORLD_SCORE,MMSE__MM_WORLD_SCORE,numeric,numeric_standardized,harmonized_world_backwards_score,numeric_identity,1419,1128,0.7949260042283298,50,True,distinct_fit_participants_with_original_feature_observed_before_imputation_and_encoding
longitudinal_previous_last,previous_visit,previous__,MMSE,WORD1,MMSE__WORD1,binary,binary_identity,cognitive_item_or_measure,binary_zero_one_identity,1419,1130,0.7963354474982381,50,True,distinct_fit_participants_with_original_feature_observed_before_imputation_and_encoding
longitudinal_previous_last,previous_visit,previous__,MMSE,WORD1DL,MMSE__WORD1DL,binary,binary_identity,cognitive_item_or_measure,binary_zero_one_identity,1419,1130,0.7963354474982381,50,True,distinct_fit_participants_with_original_feature_observed_before_imputation_and_encoding
longitudinal_previous_last,previous_visit,previous__,MMSE,WORD2,MMSE__WORD2,binary,binary_identity,cognitive_item_or_measure,binary_zero_one_identity,1419,1130,0.7963354474982381,50,True,distinct_fit_participants_with_original_feature_observed_before_imputation_and_encoding
longitudinal_previous_last,previous_visit,previous__,MMSE,WORD2DL,MMSE__WORD2DL,binary,binary_identity,cognitive_item_or_measure,binary_zero_one_identity,1419,1128,0.7949260042283298,50,True,distinct_fit_participants_with_original_feature_observed_before_imputation_and_encoding
longitudinal_previous_last,previous_visit,previous__,MMSE,WORD3,MMSE__WORD3,binary,binary_identity,cognitive_item_or_measure,binary_zero_one_identity,1419,1130,0.7963354474982381,50,True,distinct_fit_participants_with_original_feature_observed_before_imputation_and_encoding
longitudinal_previous_last,previous_visit,previous__,MMSE,WORD3DL,MMSE__WORD3DL,binary,binary_identity,cognitive_item_or_measure,binary_zero_one_identity,1419,1128,0.7949260042283298,50,True,distinct_fit_participants_with_original_feature_observed_before_imputation_and_encoding
longitudinal_previous_last,previous_visit,previous__,MOCA,ABSMEAS,MOCA__ABSMEAS,binary,binary_identity,cognitive_item_or_measure,identity,1419,980,0.6906272022551092,50,True,distinct_fit_participants_with_original_feature_observed_before_imputation_and_encoding
longitudinal_previous_last,previous_visit,previous__,MOCA,ABSTRAN,MOCA__ABSTRAN,binary,binary_identity,cognitive_item_or_measure,identity,1419,980,0.6906272022551092,50,True,distinct_fit_participants_with_original_feature_observed_before_imputation_and_encoding
longitudinal_previous_last,previous_visit,previous__,MOCA,CAMEL,MOCA__CAMEL,binary,binary_identity,cognitive_item_or_measure,identity,1419,981,0.6913319238900634,50,True,distinct_fit_participants_with_original_feature_observed_before_imputation_and_encoding
longitudinal_previous_last,previous_visit,previous__,MOCA,CITY,MOCA__CITY,binary,binary_identity,cognitive_item_or_measure,identity,1419,981,0.6913319238900634,50,True,distinct_fit_participants_with_original_feature_observed_before_imputation_and_encoding
longitudinal_previous_last,previous_visit,previous__,MOCA,CLOCKCON,MOCA__CLOCKCON,binary,binary_identity,cognitive_item_or_measure,identity,1419,980,0.6906272022551092,50,True,distinct_fit_participants_with_original_feature_observed_before_imputation_and_encoding
longitudinal_previous_last,previous_visit,previous__,MOCA,CLOCKHAN,MOCA__CLOCKHAN,binary,binary_identity,cognitive_item_or_measure,identity,1419,979,0.689922480620155,50,True,distinct_fit_participants_with_original_feature_observed_before_imputation_and_encoding
longitudinal_previous_last,previous_visit,previous__,MOCA,CLOCKNO,MOCA__CLOCKNO,binary,binary_identity,cognitive_item_or_measure,identity,1419,980,0.6906272022551092,50,True,distinct_fit_participants_with_original_feature_observed_before_imputation_and_encoding
longitudinal_previous_last,previous_visit,previous__,MOCA,CUBE,MOCA__CUBE,binary,binary_identity,cognitive_item_or_measure,identity,1419,981,0.6913319238900634,50,True,distinct_fit_participants_with_original_feature_observed_before_imputation_and_encoding
longitudinal_previous_last,previous_visit,previous__,MOCA,DATE,MOCA__DATE,binary,binary_identity,cognitive_item_or_measure,identity,1419,982,0.6920366455250176,50,True,distinct_fit_participants_with_original_feature_observed_before_imputation_and_encoding
longitudinal_previous_last,previous_visit,previous__,MOCA,DAY,MOCA__DAY,binary,binary_identity,cognitive_item_or_measure,identity,1419,981,0.6913319238900634,50,True,distinct_fit_participants_with_original_feature_observed_before_imputation_and_encoding
longitudinal_previous_last,previous_visit,previous__,MOCA,DELW1,MOCA__DELW1,categorical,categorical_one_hot,delayed_recall_response_or_cue_mode,categorical_identity,1419,978,0.6892177589852009,50,True,distinct_fit_participants_with_original_feature_observed_before_imputation_and_encoding
longitudinal_previous_last,previous_visit,previous__,MOCA,DELW2,MOCA__DELW2,categorical,categorical_one_hot,delayed_recall_response_or_cue_mode,categorical_identity,1419,980,0.6906272022551092,50,True,distinct_fit_participants_with_original_feature_observed_before_imputation_and_encoding
longitudinal_previous_last,previous_visit,previous__,MOCA,DELW3,MOCA__DELW3,categorical,categorical_one_hot,delayed_recall_response_or_cue_mode,categorical_identity,1419,979,0.689922480620155,50,True,distinct_fit_participants_with_original_feature_observed_before_imputation_and_encoding
longitudinal_previous_last,previous_visit,previous__,MOCA,DELW4,MOCA__DELW4,categorical,categorical_one_hot,delayed_recall_response_or_cue_mode,categorical_identity,1419,978,0.6892177589852009,50,True,distinct_fit_participants_with_original_feature_observed_before_imputation_and_encoding
longitudinal_previous_last,previous_visit,previous__,MOCA,DELW5,MOCA__DELW5,categorical,categorical_one_hot,delayed_recall_response_or_cue_mode,categorical_identity,1419,979,0.689922480620155,50,True,distinct_fit_participants_with_original_feature_observed_before_imputation_and_encoding
longitudinal_previous_last,previous_visit,previous__,MOCA,DIGBACK,MOCA__DIGBACK,binary,binary_identity,cognitive_item_or_measure,identity,1419,982,0.6920366455250176,50,True,distinct_fit_participants_with_original_feature_observed_before_imputation_and_encoding
longitudinal_previous_last,previous_visit,previous__,MOCA,DIGFOR,MOCA__DIGFOR,binary,binary_identity,cognitive_item_or_measure,identity,1419,982,0.6920366455250176,50,True,distinct_fit_participants_with_original_feature_observed_before_imputation_and_encoding
longitudinal_previous_last,previous_visit,previous__,MOCA,FFLUENCY,MOCA__FFLUENCY,numeric,numeric_standardized,cognitive_item_or_measure,numeric_identity,1419,979,0.689922480620155,50,True,distinct_fit_participants_with_original_feature_observed_before_imputation_and_encoding
longitudinal_previous_last,previous_visit,previous__,MOCA,IMMT1W1,MOCA__IMMT1W1,binary,binary_identity,cognitive_item_or_measure,identity,1419,978,0.6892177589852009,50,True,distinct_fit_participants_with_original_feature_observed_before_imputation_and_encoding
longitudinal_previous_last,previous_visit,previous__,MOCA,IMMT1W2,MOCA__IMMT1W2,binary,binary_identity,cognitive_item_or_measure,identity,1419,979,0.689922480620155,50,True,distinct_fit_participants_with_original_feature_observed_before_imputation_and_encoding
longitudinal_previous_last,previous_visit,previous__,MOCA,IMMT1W3,MOCA__IMMT1W3,binary,binary_identity,cognitive_item_or_measure,identity,1419,974,0.6863988724453841,50,True,distinct_fit_participants_with_original_feature_observed_before_imputation_and_encoding
longitudinal_previous_last,previous_visit,previous__,MOCA,IMMT1W4,MOCA__IMMT1W4,binary,binary_identity,cognitive_item_or_measure,identity,1419,976,0.6878083157152924,50,True,distinct_fit_participants_with_original_feature_observed_before_imputation_and_encoding
longitudinal_previous_last,previous_visit,previous__,MOCA,IMMT1W5,MOCA__IMMT1W5,binary,binary_identity,cognitive_item_or_measure,identity,1419,979,0.689922480620155,50,True,distinct_fit_participants_with_original_feature_observed_before_imputation_and_encoding
longitudinal_previous_last,previous_visit,previous__,MOCA,IMMT2W1,MOCA__IMMT2W1,binary,binary_identity,cognitive_item_or_measure,identity,1419,977,0.6885130373502466,50,True,distinct_fit_participants_with_original_feature_observed_before_imputation_and_encoding
longitudinal_previous_last,previous_visit,previous__,MOCA,IMMT2W2,MOCA__IMMT2W2,binary,binary_identity,cognitive_item_or_measure,identity,1419,978,0.6892177589852009,50,True,distinct_fit_participants_with_original_feature_observed_before_imputation_and_encoding
longitudinal_previous_last,previous_visit,previous__,MOCA,IMMT2W3,MOCA__IMMT2W3,binary,binary_identity,cognitive_item_or_measure,identity,1419,976,0.6878083157152924,50,True,distinct_fit_participants_with_original_feature_observed_before_imputation_and_encoding
longitudinal_previous_last,previous_visit,previous__,MOCA,IMMT2W4,MOCA__IMMT2W4,binary,binary_identity,cognitive_item_or_measure,identity,1419,974,0.6863988724453841,50,True,distinct_fit_participants_with_original_feature_observed_before_imputation_and_encoding
longitudinal_previous_last,previous_visit,previous__,MOCA,IMMT2W5,MOCA__IMMT2W5,binary,binary_identity,cognitive_item_or_measure,identity,1419,977,0.6885130373502466,50,True,distinct_fit_participants_with_original_feature_observed_before_imputation_and_encoding
longitudinal_previous_last,previous_visit,previous__,MOCA,LETTERS,MOCA__LETTERS,numeric,numeric_standardized,cognitive_item_or_measure,numeric_identity,1419,978,0.6892177589852009,50,True,distinct_fit_participants_with_original_feature_observed_before_imputation_and_encoding
longitudinal_previous_last,previous_visit,previous__,MOCA,LION,MOCA__LION,binary,binary_identity,cognitive_item_or_measure,identity,1419,981,0.6913319238900634,50,True,distinct_fit_participants_with_original_feature_observed_before_imputation_and_encoding
longitudinal_previous_last,previous_visit,previous__,MOCA,MOCA,MOCA__MOCA,numeric,numeric_standardized,official_summary_score,numeric_identity,1419,478,0.3368569415081043,50,True,distinct_fit_participants_with_original_feature_observed_before_imputation_and_encoding
longitudinal_previous_last,previous_visit,previous__,MOCA,MONTH,MOCA__MONTH,binary,binary_identity,cognitive_item_or_measure,identity,1419,982,0.6920366455250176,50,True,distinct_fit_participants_with_original_feature_observed_before_imputation_and_encoding
longitudinal_previous_last,previous_visit,previous__,MOCA,PLACE,MOCA__PLACE,binary,binary_identity,cognitive_item_or_measure,identity,1419,981,0.6913319238900634,50,True,distinct_fit_participants_with_original_feature_observed_before_imputation_and_encoding
longitudinal_previous_last,previous_visit,previous__,MOCA,REPEAT1,MOCA__REPEAT1,binary,binary_identity,cognitive_item_or_measure,identity,1419,981,0.6913319238900634,50,True,distinct_fit_participants_with_original_feature_observed_before_imputation_and_encoding
longitudinal_previous_last,previous_visit,previous__,MOCA,REPEAT2,MOCA__REPEAT2,binary,binary_identity,cognitive_item_or_measure,identity,1419,981,0.6913319238900634,50,True,distinct_fit_participants_with_original_feature_observed_before_imputation_and_encoding
longitudinal_previous_last,previous_visit,previous__,MOCA,RHINO,MOCA__RHINO,binary,binary_identity,cognitive_item_or_measure,identity,1419,981,0.6913319238900634,50,True,distinct_fit_participants_with_original_feature_observed_before_imputation_and_encoding
longitudinal_previous_last,previous_visit,previous__,MOCA,SERIAL1,MOCA__SERIAL1,binary,binary_identity,cognitive_item_or_measure,identity,1419,976,0.6878083157152924,50,True,distinct_fit_participants_with_original_feature_observed_before_imputation_and_encoding
longitudinal_previous_last,previous_visit,previous__,MOCA,SERIAL2,MOCA__SERIAL2,binary,binary_identity,cognitive_item_or_measure,identity,1419,975,0.6871035940803383,50,True,distinct_fit_participants_with_original_feature_observed_before_imputation_and_encoding
longitudinal_previous_last,previous_visit,previous__,MOCA,SERIAL3,MOCA__SERIAL3,binary,binary_identity,cognitive_item_or_measure,identity,1419,974,0.6863988724453841,50,True,distinct_fit_participants_with_original_feature_observed_before_imputation_and_encoding
longitudinal_previous_last,previous_visit,previous__,MOCA,SERIAL4,MOCA__SERIAL4,binary,binary_identity,cognitive_item_or_measure,identity,1419,974,0.6863988724453841,50,True,distinct_fit_participants_with_original_feature_observed_before_imputation_and_encoding
longitudinal_previous_last,previous_visit,previous__,MOCA,SERIAL5,MOCA__SERIAL5,binary,binary_identity,cognitive_item_or_measure,identity,1419,974,0.6863988724453841,50,True,distinct_fit_participants_with_original_feature_observed_before_imputation_and_encoding
longitudinal_previous_last,previous_visit,previous__,MOCA,TRAILS,MOCA__TRAILS,binary,binary_identity,cognitive_item_or_measure,identity,1419,982,0.6920366455250176,50,True,distinct_fit_participants_with_original_feature_observed_before_imputation_and_encoding
longitudinal_previous_last,previous_visit,previous__,MOCA,YEAR,MOCA__YEAR,binary,binary_identity,cognitive_item_or_measure,identity,1419,981,0.6913319238900634,50,True,distinct_fit_participants_with_original_feature_observed_before_imputation_and_encoding
longitudinal_previous_last,previous_visit,previous__,NEUROBAT,ANARTERR,NEUROBAT__ANARTERR,numeric,numeric_standardized,cognitive_item_or_measure,numeric_identity,1419,241,0.16983791402396053,50,True,distinct_fit_participants_with_original_feature_observed_before_imputation_and_encoding
longitudinal_previous_last,previous_visit,previous__,NEUROBAT,AVDEL30MIN,NEUROBAT__AVDEL30MIN,numeric,numeric_standardized,cognitive_item_or_measure,numeric_identity,1419,1375,0.9689922480620154,50,True,distinct_fit_participants_with_original_feature_observed_before_imputation_and_encoding
longitudinal_previous_last,previous_visit,previous__,NEUROBAT,AVDELERR1,NEUROBAT__AVDELERR1,numeric,numeric_standardized,cognitive_item_or_measure,identity,1419,1376,0.9696969696969697,50,True,distinct_fit_participants_with_original_feature_observed_before_imputation_and_encoding
longitudinal_previous_last,previous_visit,previous__,NEUROBAT,AVDELERR2,NEUROBAT__AVDELERR2,numeric,numeric_standardized,cognitive_item_or_measure,identity,1419,1372,0.966878083157153,50,True,distinct_fit_participants_with_original_feature_observed_before_imputation_and_encoding
longitudinal_previous_last,previous_visit,previous__,NEUROBAT,AVDELTOT,NEUROBAT__AVDELTOT,numeric,numeric_standardized,cognitive_item_or_measure,numeric_identity,1419,1373,0.9675828047921071,50,True,distinct_fit_participants_with_original_feature_observed_before_imputation_and_encoding
longitudinal_previous_last,previous_visit,previous__,NEUROBAT,AVERR1,NEUROBAT__AVERR1,numeric,numeric_standardized,cognitive_item_or_measure,identity,1419,1382,0.9739252995066948,50,True,distinct_fit_participants_with_original_feature_observed_before_imputation_and_encoding
longitudinal_previous_last,previous_visit,previous__,NEUROBAT,AVERR2,NEUROBAT__AVERR2,numeric,numeric_standardized,cognitive_item_or_measure,identity,1419,1380,0.9725158562367865,50,True,distinct_fit_participants_with_original_feature_observed_before_imputation_and_encoding
longitudinal_previous_last,previous_visit,previous__,NEUROBAT,AVERR3,NEUROBAT__AVERR3,numeric,numeric_standardized,cognitive_item_or_measure,identity,1419,1377,0.9704016913319239,50,True,distinct_fit_participants_with_original_feature_observed_before_imputation_and_encoding
longitudinal_previous_last,previous_visit,previous__,NEUROBAT,AVERR4,NEUROBAT__AVERR4,numeric,numeric_standardized,cognitive_item_or_measure,identity,1419,1378,0.971106412966878,50,True,distinct_fit_participants_with_original_feature_observed_before_imputation_and_encoding
longitudinal_previous_last,previous_visit,previous__,NEUROBAT,AVERR5,NEUROBAT__AVERR5,numeric,numeric_standardized,cognitive_item_or_measure,identity,1419,1377,0.9704016913319239,50,True,distinct_fit_participants_with_original_feature_observed_before_imputation_and_encoding
longitudinal_previous_last,previous_visit,previous__,NEUROBAT,AVERR6,NEUROBAT__AVERR6,numeric,numeric_standardized,cognitive_item_or_measure,identity,1419,1373,0.9675828047921071,50,True,distinct_fit_participants_with_original_feature_observed_before_imputation_and_encoding
longitudinal_previous_last,previous_visit,previous__,NEUROBAT,AVERRB,NEUROBAT__AVERRB,numeric,numeric_standardized,cognitive_item_or_measure,identity,1419,1377,0.9704016913319239,50,True,distinct_fit_participants_with_original_feature_observed_before_imputation_and_encoding
longitudinal_previous_last,previous_visit,previous__,NEUROBAT,AVTOT1,NEUROBAT__AVTOT1,numeric,numeric_standardized,cognitive_item_or_measure,numeric_identity,1419,1383,0.9746300211416491,50,True,distinct_fit_participants_with_original_feature_observed_before_imputation_and_encoding
longitudinal_previous_last,previous_visit,previous__,NEUROBAT,AVTOT2,NEUROBAT__AVTOT2,numeric,numeric_standardized,cognitive_item_or_measure,numeric_identity,1419,1381,0.9732205778717407,50,True,distinct_fit_participants_with_original_feature_observed_before_imputation_and_encoding
longitudinal_previous_last,previous_visit,previous__,NEUROBAT,AVTOT3,NEUROBAT__AVTOT3,numeric,numeric_standardized,cognitive_item_or_measure,numeric_identity,1419,1379,0.9718111346018323,50,True,distinct_fit_participants_with_original_feature_observed_before_imputation_and_encoding
longitudinal_previous_last,previous_visit,previous__,NEUROBAT,AVTOT4,NEUROBAT__AVTOT4,numeric,numeric_standardized,cognitive_item_or_measure,numeric_identity,1419,1379,0.9718111346018323,50,True,distinct_fit_participants_with_original_feature_observed_before_imputation_and_encoding
longitudinal_previous_last,previous_visit,previous__,NEUROBAT,AVTOT5,NEUROBAT__AVTOT5,numeric,numeric_standardized,cognitive_item_or_measure,numeric_identity,1419,1378,0.971106412966878,50,True,distinct_fit_participants_with_original_feature_observed_before_imputation_and_encoding
longitudinal_previous_last,previous_visit,previous__,NEUROBAT,AVTOT6,NEUROBAT__AVTOT6,numeric,numeric_standardized,cognitive_item_or_measure,numeric_identity,1419,1375,0.9689922480620154,50,True,distinct_fit_participants_with_original_feature_observed_before_imputation_and_encoding
longitudinal_previous_last,previous_visit,previous__,NEUROBAT,AVTOTB,NEUROBAT__AVTOTB,numeric,numeric_standardized,cognitive_item_or_measure,numeric_identity,1419,1378,0.971106412966878,50,True,distinct_fit_participants_with_original_feature_observed_before_imputation_and_encoding
longitudinal_previous_last,previous_visit,previous__,NEUROBAT,BNTCPHON,NEUROBAT__BNTCPHON,numeric,numeric_standardized,cognitive_item_or_measure,identity,1419,895,0.6307258632840028,50,True,distinct_fit_participants_with_original_feature_observed_before_imputation_and_encoding
longitudinal_previous_last,previous_visit,previous__,NEUROBAT,BNTCSTIM,NEUROBAT__BNTCSTIM,numeric,numeric_standardized,cognitive_item_or_measure,identity,1419,895,0.6307258632840028,50,True,distinct_fit_participants_with_original_feature_observed_before_imputation_and_encoding
longitudinal_previous_last,previous_visit,previous__,NEUROBAT,BNTPHON,NEUROBAT__BNTPHON,numeric,numeric_standardized,cognitive_item_or_measure,identity,1419,895,0.6307258632840028,50,True,distinct_fit_participants_with_original_feature_observed_before_imputation_and_encoding
longitudinal_previous_last,previous_visit,previous__,NEUROBAT,BNTSPONT,NEUROBAT__BNTSPONT,numeric,numeric_standardized,cognitive_item_or_measure,identity,1419,895,0.6307258632840028,50,True,distinct_fit_participants_with_original_feature_observed_before_imputation_and_encoding
longitudinal_previous_last,previous_visit,previous__,NEUROBAT,BNTSTIM,NEUROBAT__BNTSTIM,numeric,numeric_standardized,cognitive_item_or_measure,identity,1419,895,0.6307258632840028,50,True,distinct_fit_participants_with_original_feature_observed_before_imputation_and_encoding
longitudinal_previous_last,previous_visit,previous__,NEUROBAT,BNTTOTAL,NEUROBAT__BNTTOTAL,numeric,numeric_standardized,official_or_documented_summary_score,numeric_identity,1419,895,0.6307258632840028,50,True,distinct_fit_participants_with_original_feature_observed_before_imputation_and_encoding
longitudinal_previous_last,previous_visit,previous__,NEUROBAT,CATANIMSC,NEUROBAT__CATANIMSC,numeric,numeric_standardized,cognitive_item_or_measure,numeric_identity,1419,1382,0.9739252995066948,50,True,distinct_fit_participants_with_original_feature_observed_before_imputation_and_encoding
longitudinal_previous_last,previous_visit,previous__,NEUROBAT,CATANINTR,NEUROBAT__CATANINTR,numeric,numeric_standardized,cognitive_item_or_measure,numeric_identity,1419,1382,0.9739252995066948,50,True,distinct_fit_participants_with_original_feature_observed_before_imputation_and_encoding
longitudinal_previous_last,previous_visit,previous__,NEUROBAT,CATANPERS,NEUROBAT__CATANPERS,numeric,numeric_standardized,cognitive_item_or_measure,numeric_identity,1419,1382,0.9739252995066948,50,True,distinct_fit_participants_with_original_feature_observed_before_imputation_and_encoding
longitudinal_previous_last,previous_visit,previous__,NEUROBAT,CATVEGESC,NEUROBAT__CATVEGESC,numeric,numeric_standardized,cognitive_item_or_measure,identity,1419,402,0.2832980972515856,50,True,distinct_fit_participants_with_original_feature_observed_before_imputation_and_encoding
longitudinal_previous_last,previous_visit,previous__,NEUROBAT,CATVGINTR,NEUROBAT__CATVGINTR,numeric,numeric_standardized,cognitive_item_or_measure,identity,1419,402,0.2832980972515856,50,True,distinct_fit_participants_with_original_feature_observed_before_imputation_and_encoding
longitudinal_previous_last,previous_visit,previous__,NEUROBAT,CATVGPERS,NEUROBAT__CATVGPERS,numeric,numeric_standardized,cognitive_item_or_measure,identity,1419,402,0.2832980972515856,50,True,distinct_fit_participants_with_original_feature_observed_before_imputation_and_encoding
longitudinal_previous_last,previous_visit,previous__,NEUROBAT,CLOCKCIRC,NEUROBAT__CLOCKCIRC,binary,binary_identity,cognitive_item_or_measure,identity,1419,1381,0.9732205778717407,50,True,distinct_fit_participants_with_original_feature_observed_before_imputation_and_encoding
longitudinal_previous_last,previous_visit,previous__,NEUROBAT,CLOCKHAND,NEUROBAT__CLOCKHAND,binary,binary_identity,cognitive_item_or_measure,identity,1419,1381,0.9732205778717407,50,True,distinct_fit_participants_with_original_feature_observed_before_imputation_and_encoding
longitudinal_previous_last,previous_visit,previous__,NEUROBAT,CLOCKNUM,NEUROBAT__CLOCKNUM,binary,binary_identity,cognitive_item_or_measure,identity,1419,1381,0.9732205778717407,50,True,distinct_fit_participants_with_original_feature_observed_before_imputation_and_encoding
longitudinal_previous_last,previous_visit,previous__,NEUROBAT,CLOCKSCOR,NEUROBAT__CLOCKSCOR,numeric,numeric_standardized,official_or_documented_summary_score,numeric_identity,1419,1382,0.9739252995066948,50,True,distinct_fit_participants_with_original_feature_observed_before_imputation_and_encoding
longitudinal_previous_last,previous_visit,previous__,NEUROBAT,CLOCKSYM,NEUROBAT__CLOCKSYM,binary,binary_identity,cognitive_item_or_measure,identity,1419,1381,0.9732205778717407,50,True,distinct_fit_participants_with_original_feature_observed_before_imputation_and_encoding
longitudinal_previous_last,previous_visit,previous__,NEUROBAT,CLOCKTIME,NEUROBAT__CLOCKTIME,binary,binary_identity,cognitive_item_or_measure,identity,1419,1381,0.9732205778717407,50,True,distinct_fit_participants_with_original_feature_observed_before_imputation_and_encoding
longitudinal_previous_last,previous_visit,previous__,NEUROBAT,COPYCIRC,NEUROBAT__COPYCIRC,binary,binary_identity,copy_component_correctness,binary_zero_one_identity,1419,1381,0.9732205778717407,50,True,distinct_fit_participants_with_original_feature_observed_before_imputation_and_encoding
longitudinal_previous_last,previous_visit,previous__,NEUROBAT,COPYHAND,NEUROBAT__COPYHAND,binary,binary_identity,copy_component_correctness,binary_zero_one_identity,1419,1381,0.9732205778717407,50,True,distinct_fit_participants_with_original_feature_observed_before_imputation_and_encoding
longitudinal_previous_last,previous_visit,previous__,NEUROBAT,COPYNUM,NEUROBAT__COPYNUM,binary,binary_identity,copy_component_correctness,binary_zero_one_identity,1419,1381,0.9732205778717407,50,True,distinct_fit_participants_with_original_feature_observed_before_imputation_and_encoding
longitudinal_previous_last,previous_visit,previous__,NEUROBAT,COPYSCOR,NEUROBAT__COPYSCOR,numeric,numeric_standardized,official_or_documented_summary_score,numeric_identity,1419,1381,0.9732205778717407,50,True,distinct_fit_participants_with_original_feature_observed_before_imputation_and_encoding
longitudinal_previous_last,previous_visit,previous__,NEUROBAT,COPYSYM,NEUROBAT__COPYSYM,binary,binary_identity,copy_component_correctness,binary_zero_one_identity,1419,1381,0.9732205778717407,50,True,distinct_fit_participants_with_original_feature_observed_before_imputation_and_encoding
longitudinal_previous_last,previous_visit,previous__,NEUROBAT,COPYTIME,NEUROBAT__COPYTIME,binary,binary_identity,copy_component_correctness,binary_zero_one_identity,1419,1381,0.9732205778717407,50,True,distinct_fit_participants_with_original_feature_observed_before_imputation_and_encoding
longitudinal_previous_last,previous_visit,previous__,NEUROBAT,DIGITSCOR,NEUROBAT__DIGITSCOR,numeric,numeric_standardized,cognitive_item_or_measure,identity,1419,398,0.28047921071176884,50,True,distinct_fit_participants_with_original_feature_observed_before_imputation_and_encoding
longitudinal_previous_last,previous_visit,previous__,NEUROBAT,DSPANBAC,NEUROBAT__DSPANBAC,numeric,numeric_standardized,cognitive_item_or_measure,identity,1419,398,0.28047921071176884,50,True,distinct_fit_participants_with_original_feature_observed_before_imputation_and_encoding
longitudinal_previous_last,previous_visit,previous__,NEUROBAT,DSPANBLTH,NEUROBAT__DSPANBLTH,numeric,numeric_standardized,cognitive_item_or_measure,identity,1419,398,0.28047921071176884,50,True,distinct_fit_participants_with_original_feature_observed_before_imputation_and_encoding
longitudinal_previous_last,previous_visit,previous__,NEUROBAT,DSPANFLTH,NEUROBAT__DSPANFLTH,numeric,numeric_standardized,cognitive_item_or_measure,identity,1419,401,0.28259337561663145,50,True,distinct_fit_participants_with_original_feature_observed_before_imputation_and_encoding
longitudinal_previous_last,previous_visit,previous__,NEUROBAT,DSPANFOR,NEUROBAT__DSPANFOR,numeric,numeric_standardized,cognitive_item_or_measure,identity,1419,402,0.2832980972515856,50,True,distinct_fit_participants_with_original_feature_observed_before_imputation_and_encoding
longitudinal_previous_last,previous_visit,previous__,NEUROBAT,LDELCUE,NEUROBAT__LDELCUE,binary,binary_identity,cognitive_item_or_measure,identity,1419,889,0.6264975334742776,50,True,distinct_fit_participants_with_original_feature_observed_before_imputation_and_encoding
longitudinal_previous_last,previous_visit,previous__,NEUROBAT,LDELTOTAL,NEUROBAT__LDELTOTAL,numeric,numeric_standardized,cognitive_item_or_measure,numeric_identity,1419,890,0.6272022551092319,50,True,distinct_fit_participants_with_original_feature_observed_before_imputation_and_encoding
longitudinal_previous_last,previous_visit,previous__,NEUROBAT,LIMMTOTAL,NEUROBAT__LIMMTOTAL,numeric,numeric_standardized,cognitive_item_or_measure,numeric_identity,1419,894,0.6300211416490487,50,True,distinct_fit_participants_with_original_feature_observed_before_imputation_and_encoding
longitudinal_previous_last,previous_visit,previous__,NEUROBAT,MINTSEMCUE,NEUROBAT__MINTSEMCUE,numeric,numeric_standardized,cognitive_item_or_measure,identity,1419,481,0.3389711064129669,50,True,distinct_fit_participants_with_original_feature_observed_before_imputation_and_encoding
longitudinal_previous_last,previous_visit,previous__,NEUROBAT,MINTTOTAL,NEUROBAT__MINTTOTAL,numeric,numeric_standardized,official_or_documented_summary_score,numeric_identity,1419,483,0.3403805496828753,50,True,distinct_fit_participants_with_original_feature_observed_before_imputation_and_encoding
longitudinal_previous_last,previous_visit,previous__,NEUROBAT,MINTUNCUED,NEUROBAT__MINTUNCUED,numeric,numeric_standardized,cognitive_item_or_measure,identity,1419,483,0.3403805496828753,50,True,distinct_fit_participants_with_original_feature_observed_before_imputation_and_encoding
longitudinal_previous_last,previous_visit,previous__,NEUROBAT,TRAAERRCOM,NEUROBAT__TRAAERRCOM,numeric,numeric_standardized,cognitive_item_or_measure,identity,1419,1378,0.971106412966878,50,True,distinct_fit_participants_with_original_feature_observed_before_imputation_and_encoding
longitudinal_previous_last,previous_visit,previous__,NEUROBAT,TRAAERROM,NEUROBAT__TRAAERROM,numeric,numeric_standardized,cognitive_item_or_measure,numeric_identity,1419,1378,0.971106412966878,50,True,distinct_fit_participants_with_original_feature_observed_before_imputation_and_encoding
longitudinal_previous_last,previous_visit,previous__,NEUROBAT,TRAASCOR,NEUROBAT__TRAASCOR,numeric,numeric_standardized,cognitive_item_or_measure,numeric_identity,1419,1376,0.9696969696969697,50,True,distinct_fit_participants_with_original_feature_observed_before_imputation_and_encoding
longitudinal_previous_last,previous_visit,previous__,NEUROBAT,TRABERRCOM,NEUROBAT__TRABERRCOM,numeric,numeric_standardized,cognitive_item_or_measure,identity,1419,1345,0.9478505990133897,50,True,distinct_fit_participants_with_original_feature_observed_before_imputation_and_encoding
longitudinal_previous_last,previous_visit,previous__,NEUROBAT,TRABERROM,NEUROBAT__TRABERROM,numeric,numeric_standardized,cognitive_item_or_measure,numeric_identity,1419,1345,0.9478505990133897,50,True,distinct_fit_participants_with_original_feature_observed_before_imputation_and_encoding
longitudinal_previous_last,previous_visit,previous__,NEUROBAT,TRABSCOR,NEUROBAT__TRABSCOR,numeric,numeric_standardized,cognitive_item_or_measure,numeric_identity,1419,1345,0.9478505990133897,50,True,distinct_fit_participants_with_original_feature_observed_before_imputation_and_encoding
snapshot_all,current_derived,,PTDEMOG,AGE_AT_TARGET,PTDEMOG__AGE_AT_TARGET,numeric,numeric_standardized,visit_specific_age_covariate,derive_age_at_target_from_birth_year_and_current_target_date,1987,1987,1.0,50,True,distinct_fit_participants_with_valid_derived_age_before_imputation_and_encoding
snapshot_all,current_visit,,ADAS,Q10SCORE,ADAS__Q10SCORE,categorical,categorical_one_hot,ordinal_clinical_severity_score,categorical_identity,1987,1421,0.7151484650226472,50,True,distinct_fit_participants_with_original_feature_observed_before_imputation_and_encoding
snapshot_all,current_visit,,ADAS,Q11SCORE,ADAS__Q11SCORE,categorical,categorical_one_hot,ordinal_clinical_severity_score,categorical_identity,1987,1421,0.7151484650226472,50,True,distinct_fit_participants_with_original_feature_observed_before_imputation_and_encoding
snapshot_all,current_visit,,ADAS,Q12SCORE,ADAS__Q12SCORE,categorical,categorical_one_hot,ordinal_clinical_severity_score,categorical_identity,1987,1421,0.7151484650226472,50,True,distinct_fit_participants_with_original_feature_observed_before_imputation_and_encoding
snapshot_all,current_visit,,ADAS,Q13SCORE,ADAS__Q13SCORE,numeric,numeric_standardized,cognitive_summary_score,numeric_identity,1987,1414,0.7116255661801711,50,True,distinct_fit_participants_with_original_feature_observed_before_imputation_and_encoding
snapshot_all,current_visit,,ADAS,Q13TASKA,ADAS__Q13TASKA,numeric,numeric_standardized,cognitive_item_or_measure,numeric_identity,1987,1414,0.7116255661801711,50,True,distinct_fit_participants_with_original_feature_observed_before_imputation_and_encoding
snapshot_all,current_visit,,ADAS,Q13TASKB,ADAS__Q13TASKB,numeric,numeric_standardized,cognitive_item_or_measure,numeric_identity,1987,1414,0.7116255661801711,50,True,distinct_fit_participants_with_original_feature_observed_before_imputation_and_encoding
snapshot_all,current_visit,,ADAS,Q13TASKC,ADAS__Q13TASKC,numeric,numeric_standardized,cognitive_item_or_measure,numeric_identity,1987,1414,0.7116255661801711,50,True,distinct_fit_participants_with_original_feature_observed_before_imputation_and_encoding
snapshot_all,current_visit,,ADAS,Q13UNABLE,ADAS__Q13UNABLE,categorical,categorical_one_hot,assessment_completion_state,categorical_identity,1987,1421,0.7151484650226472,50,True,distinct_fit_participants_with_original_feature_observed_before_imputation_and_encoding
snapshot_all,current_visit,,ADAS,Q1SCORE,ADAS__Q1SCORE,numeric,numeric_standardized,cognitive_summary_score,numeric_identity,1987,1420,0.7146451937594364,50,True,distinct_fit_participants_with_original_feature_observed_before_imputation_and_encoding
snapshot_all,current_visit,,ADAS,Q1TR2T,ADAS__Q1TR2T,numeric,numeric_standardized,cognitive_item_or_measure,identity,1987,1061,0.5339708102667338,50,True,distinct_fit_participants_with_original_feature_observed_before_imputation_and_encoding
snapshot_all,current_visit,,ADAS,Q1TRIT,ADAS__Q1TRIT,numeric,numeric_standardized,cognitive_item_or_measure,identity,1987,1061,0.5339708102667338,50,True,distinct_fit_participants_with_original_feature_observed_before_imputation_and_encoding
snapshot_all,current_visit,,ADAS,Q1TRT,ADAS__Q1TRT,numeric,numeric_standardized,cognitive_item_or_measure,identity,1987,1061,0.5339708102667338,50,True,distinct_fit_participants_with_original_feature_observed_before_imputation_and_encoding
snapshot_all,current_visit,,ADAS,Q1UNABLE,ADAS__Q1UNABLE,categorical,categorical_one_hot,assessment_completion_state,categorical_identity,1987,1421,0.7151484650226472,50,True,distinct_fit_participants_with_original_feature_observed_before_imputation_and_encoding
snapshot_all,current_visit,,ADAS,Q2SCORE,ADAS__Q2SCORE,numeric,numeric_standardized,cognitive_summary_score,numeric_identity,1987,1420,0.7146451937594364,50,True,distinct_fit_participants_with_original_feature_observed_before_imputation_and_encoding
snapshot_all,current_visit,,ADAS,Q2TASK,ADAS__Q2TASK,multi_response,multi_hot,documented_task_component_set,dictionary_multi_response_tokens,1987,1419,0.7141419224962254,50,True,distinct_fit_participants_with_original_feature_observed_before_imputation_and_encoding
snapshot_all,current_visit,,ADAS,Q2UNABLE,ADAS__Q2UNABLE,categorical,categorical_one_hot,assessment_completion_state,categorical_identity,1987,1421,0.7151484650226472,50,True,distinct_fit_participants_with_original_feature_observed_before_imputation_and_encoding
snapshot_all,current_visit,,ADAS,Q3SCORE,ADAS__Q3SCORE,numeric,numeric_standardized,cognitive_summary_score,numeric_identity,1987,1420,0.7146451937594364,50,True,distinct_fit_participants_with_original_feature_observed_before_imputation_and_encoding
snapshot_all,current_visit,,ADAS,Q3TASK1,ADAS__Q3TASK1,categorical,categorical_one_hot,constructional_praxis_response_state,categorical_identity,1987,1416,0.7126321087065929,50,True,distinct_fit_participants_with_original_feature_observed_before_imputation_and_encoding
snapshot_all,current_visit,,ADAS,Q3TASK2,ADAS__Q3TASK2,categorical,categorical_one_hot,constructional_praxis_response_state,categorical_identity,1987,1407,0.708102667337695,50,True,distinct_fit_participants_with_original_feature_observed_before_imputation_and_encoding
snapshot_all,current_visit,,ADAS,Q3TASK3,ADAS__Q3TASK3,categorical,categorical_one_hot,constructional_praxis_response_state,categorical_identity,1987,1408,0.7086059386009059,50,True,distinct_fit_participants_with_original_feature_observed_before_imputation_and_encoding
snapshot_all,current_visit,,ADAS,Q3TASK4,ADAS__Q3TASK4,categorical,categorical_one_hot,constructional_praxis_response_state,categorical_identity,1987,1269,0.6386512330145949,50,True,distinct_fit_participants_with_original_feature_observed_before_imputation_and_encoding
snapshot_all,current_visit,,ADAS,Q3UNABLE,ADAS__Q3UNABLE,categorical,categorical_one_hot,assessment_completion_state,categorical_identity,1987,1421,0.7151484650226472,50,True,distinct_fit_participants_with_original_feature_observed_before_imputation_and_encoding
snapshot_all,current_visit,,ADAS,Q4SCORE,ADAS__Q4SCORE,numeric,numeric_standardized,cognitive_summary_score,numeric_identity,1987,1420,0.7146451937594364,50,True,distinct_fit_participants_with_original_feature_observed_before_imputation_and_encoding
snapshot_all,current_visit,,ADAS,Q4UNABLE,ADAS__Q4UNABLE,categorical,categorical_one_hot,assessment_completion_state,categorical_identity,1987,1421,0.7151484650226472,50,True,distinct_fit_participants_with_original_feature_observed_before_imputation_and_encoding
snapshot_all,current_visit,,ADAS,Q5FINGER,ADAS__Q5FINGER,multi_response,multi_hot,documented_task_component_set,dictionary_multi_response_tokens,1987,1419,0.7141419224962254,50,True,distinct_fit_participants_with_original_feature_observed_before_imputation_and_encoding
snapshot_all,current_visit,,ADAS,Q5NAME1,ADAS__Q5NAME1,categorical,categorical_one_hot,item_response_and_cue_state,categorical_identity,1987,1419,0.7141419224962254,50,True,distinct_fit_participants_with_original_feature_observed_before_imputation_and_encoding
snapshot_all,current_visit,,ADAS,Q5NAME10,ADAS__Q5NAME10,categorical,categorical_one_hot,item_response_and_cue_state,categorical_identity,1987,1419,0.7141419224962254,50,True,distinct_fit_participants_with_original_feature_observed_before_imputation_and_encoding
snapshot_all,current_visit,,ADAS,Q5NAME11,ADAS__Q5NAME11,categorical,categorical_one_hot,item_response_and_cue_state,categorical_identity,1987,1419,0.7141419224962254,50,True,distinct_fit_participants_with_original_feature_observed_before_imputation_and_encoding
snapshot_all,current_visit,,ADAS,Q5NAME12,ADAS__Q5NAME12,categorical,categorical_one_hot,item_response_and_cue_state,categorical_identity,1987,1419,0.7141419224962254,50,True,distinct_fit_participants_with_original_feature_observed_before_imputation_and_encoding
snapshot_all,current_visit,,ADAS,Q5NAME2,ADAS__Q5NAME2,categorical,categorical_one_hot,item_response_and_cue_state,categorical_identity,1987,1419,0.7141419224962254,50,True,distinct_fit_participants_with_original_feature_observed_before_imputation_and_encoding
snapshot_all,current_visit,,ADAS,Q5NAME3,ADAS__Q5NAME3,categorical,categorical_one_hot,item_response_and_cue_state,categorical_identity,1987,1419,0.7141419224962254,50,True,distinct_fit_participants_with_original_feature_observed_before_imputation_and_encoding
snapshot_all,current_visit,,ADAS,Q5NAME4,ADAS__Q5NAME4,categorical,categorical_one_hot,item_response_and_cue_state,categorical_identity,1987,1419,0.7141419224962254,50,True,distinct_fit_participants_with_original_feature_observed_before_imputation_and_encoding
snapshot_all,current_visit,,ADAS,Q5NAME5,ADAS__Q5NAME5,categorical,categorical_one_hot,item_response_and_cue_state,categorical_identity,1987,1419,0.7141419224962254,50,True,distinct_fit_participants_with_original_feature_observed_before_imputation_and_encoding
snapshot_all,current_visit,,ADAS,Q5NAME6,ADAS__Q5NAME6,categorical,categorical_one_hot,item_response_and_cue_state,categorical_identity,1987,1419,0.7141419224962254,50,True,distinct_fit_participants_with_original_feature_observed_before_imputation_and_encoding
snapshot_all,current_visit,,ADAS,Q5NAME7,ADAS__Q5NAME7,categorical,categorical_one_hot,item_response_and_cue_state,categorical_identity,1987,1419,0.7141419224962254,50,True,distinct_fit_participants_with_original_feature_observed_before_imputation_and_encoding
snapshot_all,current_visit,,ADAS,Q5NAME8,ADAS__Q5NAME8,categorical,categorical_one_hot,item_response_and_cue_state,categorical_identity,1987,1419,0.7141419224962254,50,True,distinct_fit_participants_with_original_feature_observed_before_imputation_and_encoding
snapshot_all,current_visit,,ADAS,Q5NAME9,ADAS__Q5NAME9,categorical,categorical_one_hot,item_response_and_cue_state,categorical_identity,1987,1419,0.7141419224962254,50,True,distinct_fit_participants_with_original_feature_observed_before_imputation_and_encoding
snapshot_all,current_visit,,ADAS,Q5SCORE,ADAS__Q5SCORE,numeric,numeric_standardized,cognitive_summary_score,numeric_identity,1987,1420,0.7146451937594364,50,True,distinct_fit_participants_with_original_feature_observed_before_imputation_and_encoding
snapshot_all,current_visit,,ADAS,Q5SCORE_CUE,ADAS__Q5SCORE_CUE,numeric,numeric_standardized,cognitive_summary_score,numeric_identity,1987,587,0.2954202315047811,50,True,distinct_fit_participants_with_original_feature_observed_before_imputation_and_encoding
snapshot_all,current_visit,,ADAS,Q5UNABLE,ADAS__Q5UNABLE,categorical,categorical_one_hot,assessment_completion_state,categorical_identity,1987,1421,0.7151484650226472,50,True,distinct_fit_participants_with_original_feature_observed_before_imputation_and_encoding
snapshot_all,current_visit,,ADAS,Q6SCORE,ADAS__Q6SCORE,numeric,numeric_standardized,cognitive_summary_score,numeric_identity,1987,1419,0.7141419224962254,50,True,distinct_fit_participants_with_original_feature_observed_before_imputation_and_encoding
snapshot_all,current_visit,,ADAS,Q6TASK,ADAS__Q6TASK,multi_response,multi_hot,documented_task_component_set,dictionary_multi_response_tokens,1987,1418,0.7136386512330146,50,True,distinct_fit_participants_with_original_feature_observed_before_imputation_and_encoding
snapshot_all,current_visit,,ADAS,Q6UNABLE,ADAS__Q6UNABLE,categorical,categorical_one_hot,assessment_completion_state,categorical_identity,1987,1421,0.7151484650226472,50,True,distinct_fit_participants_with_original_feature_observed_before_imputation_and_encoding
snapshot_all,current_visit,,ADAS,Q7SCORE,ADAS__Q7SCORE,numeric,numeric_standardized,cognitive_summary_score,numeric_identity,1987,1418,0.7136386512330146,50,True,distinct_fit_participants_with_original_feature_observed_before_imputation_and_encoding
snapshot_all,current_visit,,ADAS,Q7TASK,ADAS__Q7TASK,multi_response,multi_hot,documented_task_component_set,dictionary_multi_response_tokens,1987,1417,0.7131353799698037,50,True,distinct_fit_participants_with_original_feature_observed_before_imputation_and_encoding
snapshot_all,current_visit,,ADAS,Q7UNABLE,ADAS__Q7UNABLE,categorical,categorical_one_hot,assessment_completion_state,categorical_identity,1987,1421,0.7151484650226472,50,True,distinct_fit_participants_with_original_feature_observed_before_imputation_and_encoding
snapshot_all,current_visit,,ADAS,Q8SCORE,ADAS__Q8SCORE,numeric,numeric_standardized,cognitive_summary_score,numeric_identity,1987,1417,0.7131353799698037,50,True,distinct_fit_participants_with_original_feature_observed_before_imputation_and_encoding
snapshot_all,current_visit,,ADAS,Q8UNABLE,ADAS__Q8UNABLE,categorical,categorical_one_hot,assessment_completion_state,categorical_identity,1987,1421,0.7151484650226472,50,True,distinct_fit_participants_with_original_feature_observed_before_imputation_and_encoding
snapshot_all,current_visit,,ADAS,Q9SCORE,ADAS__Q9SCORE,categorical,categorical_one_hot,ordinal_clinical_severity_score,categorical_identity,1987,1417,0.7131353799698037,50,True,distinct_fit_participants_with_original_feature_observed_before_imputation_and_encoding
snapshot_all,current_visit,,ADAS,TOTAL13,ADAS__TOTAL13,numeric,numeric_standardized,cognitive_summary_score,numeric_identity,1987,1411,0.7101157523905385,50,True,distinct_fit_participants_with_original_feature_observed_before_imputation_and_encoding
snapshot_all,current_visit,,ADAS,TOTSCORE,ADAS__TOTSCORE,numeric,numeric_standardized,cognitive_summary_score,numeric_identity,1987,1416,0.7126321087065929,50,True,distinct_fit_participants_with_original_feature_observed_before_imputation_and_encoding
snapshot_all,current_visit,,CDR,CDCARE,CDR__CDCARE,categorical,categorical_one_hot,ordered_clinical_stage,categorical_identity,1987,1856,0.934071464519376,50,True,distinct_fit_participants_with_original_feature_observed_before_imputation_and_encoding
snapshot_all,current_visit,,CDR,CDCOMMUN,CDR__CDCOMMUN,categorical,categorical_one_hot,ordered_clinical_stage,categorical_identity,1987,1857,0.9345747357825868,50,True,distinct_fit_participants_with_original_feature_observed_before_imputation_and_encoding
snapshot_all,current_visit,,CDR,CDGLOBAL,CDR__CDGLOBAL,categorical,categorical_one_hot,ordered_clinical_stage,categorical_identity,1987,1857,0.9345747357825868,50,True,distinct_fit_participants_with_original_feature_observed_before_imputation_and_encoding
snapshot_all,current_visit,,CDR,CDHOME,CDR__CDHOME,categorical,categorical_one_hot,ordered_clinical_stage,categorical_identity,1987,1857,0.9345747357825868,50,True,distinct_fit_participants_with_original_feature_observed_before_imputation_and_encoding
snapshot_all,current_visit,,CDR,CDJUDGE,CDR__CDJUDGE,categorical,categorical_one_hot,ordered_clinical_stage,categorical_identity,1987,1857,0.9345747357825868,50,True,distinct_fit_participants_with_original_feature_observed_before_imputation_and_encoding
snapshot_all,current_visit,,CDR,CDMEMORY,CDR__CDMEMORY,categorical,categorical_one_hot,ordered_clinical_stage,categorical_identity,1987,1857,0.9345747357825868,50,True,distinct_fit_participants_with_original_feature_observed_before_imputation_and_encoding
snapshot_all,current_visit,,CDR,CDORIENT,CDR__CDORIENT,categorical,categorical_one_hot,ordered_clinical_stage,categorical_identity,1987,1857,0.9345747357825868,50,True,distinct_fit_participants_with_original_feature_observed_before_imputation_and_encoding
snapshot_all,current_visit,,CDR,CDRSB,CDR__CDRSB,numeric,numeric_standardized,official_sum_of_boxes_score,numeric_identity,1987,1856,0.934071464519376,50,True,distinct_fit_participants_with_original_feature_observed_before_imputation_and_encoding
snapshot_all,current_visit,,FAQ,FAQBEVG,FAQ__FAQBEVG,categorical,categorical_one_hot,officially_scored_functional_item,faq_official_item_score_map,1987,1414,0.7116255661801711,50,True,distinct_fit_participants_with_original_feature_observed_before_imputation_and_encoding
snapshot_all,current_visit,,FAQ,FAQEVENT,FAQ__FAQEVENT,categorical,categorical_one_hot,officially_scored_functional_item,faq_official_item_score_map,1987,1414,0.7116255661801711,50,True,distinct_fit_participants_with_original_feature_observed_before_imputation_and_encoding
snapshot_all,current_visit,,FAQ,FAQFINAN,FAQ__FAQFINAN,categorical,categorical_one_hot,officially_scored_functional_item,faq_official_item_score_map,1987,1413,0.7111222949169602,50,True,distinct_fit_participants_with_original_feature_observed_before_imputation_and_encoding
snapshot_all,current_visit,,FAQ,FAQFORM,FAQ__FAQFORM,categorical,categorical_one_hot,officially_scored_functional_item,faq_official_item_score_map,1987,1414,0.7116255661801711,50,True,distinct_fit_participants_with_original_feature_observed_before_imputation_and_encoding
snapshot_all,current_visit,,FAQ,FAQGAME,FAQ__FAQGAME,categorical,categorical_one_hot,officially_scored_functional_item,faq_official_item_score_map,1987,1414,0.7116255661801711,50,True,distinct_fit_participants_with_original_feature_observed_before_imputation_and_encoding
snapshot_all,current_visit,,FAQ,FAQMEAL,FAQ__FAQMEAL,categorical,categorical_one_hot,officially_scored_functional_item,faq_official_item_score_map,1987,1414,0.7116255661801711,50,True,distinct_fit_participants_with_original_feature_observed_before_imputation_and_encoding
snapshot_all,current_visit,,FAQ,FAQREM,FAQ__FAQREM,categorical,categorical_one_hot,officially_scored_functional_item,faq_official_item_score_map,1987,1413,0.7111222949169602,50,True,distinct_fit_participants_with_original_feature_observed_before_imputation_and_encoding
snapshot_all,current_visit,,FAQ,FAQSHOP,FAQ__FAQSHOP,categorical,categorical_one_hot,officially_scored_functional_item,faq_official_item_score_map,1987,1414,0.7116255661801711,50,True,distinct_fit_participants_with_original_feature_observed_before_imputation_and_encoding
snapshot_all,current_visit,,FAQ,FAQTOTAL,FAQ__FAQTOTAL,numeric,numeric_standardized,official_summary_score,numeric_identity,1987,1412,0.7106190236537494,50,True,distinct_fit_participants_with_original_feature_observed_before_imputation_and_encoding
snapshot_all,current_visit,,FAQ,FAQTRAVL,FAQ__FAQTRAVL,categorical,categorical_one_hot,officially_scored_functional_item,faq_official_item_score_map,1987,1413,0.7111222949169602,50,True,distinct_fit_participants_with_original_feature_observed_before_imputation_and_encoding
snapshot_all,current_visit,,FAQ,FAQTV,FAQ__FAQTV,categorical,categorical_one_hot,officially_scored_functional_item,faq_official_item_score_map,1987,1414,0.7116255661801711,50,True,distinct_fit_participants_with_original_feature_observed_before_imputation_and_encoding
snapshot_all,current_visit,,MMSE,MMAREA,MMSE__MMAREA,binary,binary_identity,cognitive_item_or_measure,identity,1987,1858,0.9350780070457977,50,True,distinct_fit_participants_with_original_feature_observed_before_imputation_and_encoding
snapshot_all,current_visit,,MMSE,MMCITY,MMSE__MMCITY,binary,binary_identity,cognitive_item_or_measure,identity,1987,1858,0.9350780070457977,50,True,distinct_fit_participants_with_original_feature_observed_before_imputation_and_encoding
snapshot_all,current_visit,,MMSE,MMDATE,MMSE__MMDATE,binary,binary_identity,cognitive_item_or_measure,identity,1987,1858,0.9350780070457977,50,True,distinct_fit_participants_with_original_feature_observed_before_imputation_and_encoding
snapshot_all,current_visit,,MMSE,MMDAY,MMSE__MMDAY,binary,binary_identity,cognitive_item_or_measure,identity,1987,1858,0.9350780070457977,50,True,distinct_fit_participants_with_original_feature_observed_before_imputation_and_encoding
snapshot_all,current_visit,,MMSE,MMDRAW,MMSE__MMDRAW,binary,binary_identity,cognitive_item_or_measure,identity,1987,1858,0.9350780070457977,50,True,distinct_fit_participants_with_original_feature_observed_before_imputation_and_encoding
snapshot_all,current_visit,,MMSE,MMFLOOR,MMSE__MMFLOOR,binary,binary_identity,cognitive_item_or_measure,identity,1987,1858,0.9350780070457977,50,True,distinct_fit_participants_with_original_feature_observed_before_imputation_and_encoding
snapshot_all,current_visit,,MMSE,MMFOLD,MMSE__MMFOLD,binary,binary_identity,cognitive_item_or_measure,identity,1987,1858,0.9350780070457977,50,True,distinct_fit_participants_with_original_feature_observed_before_imputation_and_encoding
snapshot_all,current_visit,,MMSE,MMHAND,MMSE__MMHAND,binary,binary_identity,cognitive_item_or_measure,identity,1987,1858,0.9350780070457977,50,True,distinct_fit_participants_with_original_feature_observed_before_imputation_and_encoding
snapshot_all,current_visit,,MMSE,MMHOSPIT,MMSE__MMHOSPIT,binary,binary_identity,cognitive_item_or_measure,identity,1987,1858,0.9350780070457977,50,True,distinct_fit_participants_with_original_feature_observed_before_imputation_and_encoding
snapshot_all,current_visit,,MMSE,MMMONTH,MMSE__MMMONTH,binary,binary_identity,cognitive_item_or_measure,identity,1987,1858,0.9350780070457977,50,True,distinct_fit_participants_with_original_feature_observed_before_imputation_and_encoding
snapshot_all,current_visit,,MMSE,MMONFLR,MMSE__MMONFLR,binary,binary_identity,cognitive_item_or_measure,identity,1987,1858,0.9350780070457977,50,True,distinct_fit_participants_with_original_feature_observed_before_imputation_and_encoding
snapshot_all,current_visit,,MMSE,MMPENCIL,MMSE__MMPENCIL,binary,binary_identity,cognitive_item_or_measure,identity,1987,1858,0.9350780070457977,50,True,distinct_fit_participants_with_original_feature_observed_before_imputation_and_encoding
snapshot_all,current_visit,,MMSE,MMREAD,MMSE__MMREAD,binary,binary_identity,cognitive_item_or_measure,identity,1987,1858,0.9350780070457977,50,True,distinct_fit_participants_with_original_feature_observed_before_imputation_and_encoding
snapshot_all,current_visit,,MMSE,MMREPEAT,MMSE__MMREPEAT,binary,binary_identity,cognitive_item_or_measure,identity,1987,1858,0.9350780070457977,50,True,distinct_fit_participants_with_original_feature_observed_before_imputation_and_encoding
snapshot_all,current_visit,,MMSE,MMSCORE,MMSE__MMSCORE,numeric,numeric_standardized,official_summary_score,numeric_identity,1987,1858,0.9350780070457977,50,True,distinct_fit_participants_with_original_feature_observed_before_imputation_and_encoding
snapshot_all,current_visit,,MMSE,MMSEASON,MMSE__MMSEASON,binary,binary_identity,cognitive_item_or_measure,identity,1987,1858,0.9350780070457977,50,True,distinct_fit_participants_with_original_feature_observed_before_imputation_and_encoding
snapshot_all,current_visit,,MMSE,MMSTATE,MMSE__MMSTATE,binary,binary_identity,cognitive_item_or_measure,identity,1987,1858,0.9350780070457977,50,True,distinct_fit_participants_with_original_feature_observed_before_imputation_and_encoding
snapshot_all,current_visit,,MMSE,MMTRIALS,MMSE__MMTRIALS,numeric,numeric_standardized,cognitive_item_or_measure,identity,1987,1080,0.5435329642677403,50,True,distinct_fit_participants_with_original_feature_observed_before_imputation_and_encoding
snapshot_all,current_visit,,MMSE,MMWATCH,MMSE__MMWATCH,binary,binary_identity,cognitive_item_or_measure,identity,1987,1858,0.9350780070457977,50,True,distinct_fit_participants_with_original_feature_observed_before_imputation_and_encoding
snapshot_all,current_visit,,MMSE,MMWRITE,MMSE__MMWRITE,binary,binary_identity,cognitive_item_or_measure,identity,1987,1858,0.9350780070457977,50,True,distinct_fit_participants_with_original_feature_observed_before_imputation_and_encoding
snapshot_all,current_visit,,MMSE,MMYEAR,MMSE__MMYEAR,binary,binary_identity,cognitive_item_or_measure,identity,1987,1858,0.9350780070457977,50,True,distinct_fit_participants_with_original_feature_observed_before_imputation_and_encoding
snapshot_all,current_visit,,MMSE,MM_WORLD_SCORE,MMSE__MM_WORLD_SCORE,numeric,numeric_standardized,harmonized_world_backwards_score,numeric_identity,1987,1858,0.9350780070457977,50,True,distinct_fit_participants_with_original_feature_observed_before_imputation_and_encoding
snapshot_all,current_visit,,MMSE,WORD1,MMSE__WORD1,binary,binary_identity,cognitive_item_or_measure,binary_zero_one_identity,1987,1858,0.9350780070457977,50,True,distinct_fit_participants_with_original_feature_observed_before_imputation_and_encoding
snapshot_all,current_visit,,MMSE,WORD1DL,MMSE__WORD1DL,binary,binary_identity,cognitive_item_or_measure,binary_zero_one_identity,1987,1858,0.9350780070457977,50,True,distinct_fit_participants_with_original_feature_observed_before_imputation_and_encoding
snapshot_all,current_visit,,MMSE,WORD2,MMSE__WORD2,binary,binary_identity,cognitive_item_or_measure,binary_zero_one_identity,1987,1858,0.9350780070457977,50,True,distinct_fit_participants_with_original_feature_observed_before_imputation_and_encoding
snapshot_all,current_visit,,MMSE,WORD2DL,MMSE__WORD2DL,binary,binary_identity,cognitive_item_or_measure,binary_zero_one_identity,1987,1858,0.9350780070457977,50,True,distinct_fit_participants_with_original_feature_observed_before_imputation_and_encoding
snapshot_all,current_visit,,MMSE,WORD3,MMSE__WORD3,binary,binary_identity,cognitive_item_or_measure,binary_zero_one_identity,1987,1858,0.9350780070457977,50,True,distinct_fit_participants_with_original_feature_observed_before_imputation_and_encoding
snapshot_all,current_visit,,MMSE,WORD3DL,MMSE__WORD3DL,binary,binary_identity,cognitive_item_or_measure,binary_zero_one_identity,1987,1858,0.9350780070457977,50,True,distinct_fit_participants_with_original_feature_observed_before_imputation_and_encoding
snapshot_all,current_visit,,MOCA,ABSMEAS,MOCA__ABSMEAS,binary,binary_identity,cognitive_item_or_measure,identity,1987,1038,0.5223955712128837,50,True,distinct_fit_participants_with_original_feature_observed_before_imputation_and_encoding
snapshot_all,current_visit,,MOCA,ABSTRAN,MOCA__ABSTRAN,binary,binary_identity,cognitive_item_or_measure,identity,1987,1038,0.5223955712128837,50,True,distinct_fit_participants_with_original_feature_observed_before_imputation_and_encoding
snapshot_all,current_visit,,MOCA,CAMEL,MOCA__CAMEL,binary,binary_identity,cognitive_item_or_measure,identity,1987,1038,0.5223955712128837,50,True,distinct_fit_participants_with_original_feature_observed_before_imputation_and_encoding
snapshot_all,current_visit,,MOCA,CITY,MOCA__CITY,binary,binary_identity,cognitive_item_or_measure,identity,1987,1039,0.5228988424760946,50,True,distinct_fit_participants_with_original_feature_observed_before_imputation_and_encoding
snapshot_all,current_visit,,MOCA,CLOCKCON,MOCA__CLOCKCON,binary,binary_identity,cognitive_item_or_measure,identity,1987,1035,0.5208857574232512,50,True,distinct_fit_participants_with_original_feature_observed_before_imputation_and_encoding
snapshot_all,current_visit,,MOCA,CLOCKHAN,MOCA__CLOCKHAN,binary,binary_identity,cognitive_item_or_measure,identity,1987,1035,0.5208857574232512,50,True,distinct_fit_participants_with_original_feature_observed_before_imputation_and_encoding
snapshot_all,current_visit,,MOCA,CLOCKNO,MOCA__CLOCKNO,binary,binary_identity,cognitive_item_or_measure,identity,1987,1035,0.5208857574232512,50,True,distinct_fit_participants_with_original_feature_observed_before_imputation_and_encoding
snapshot_all,current_visit,,MOCA,CUBE,MOCA__CUBE,binary,binary_identity,cognitive_item_or_measure,identity,1987,1039,0.5228988424760946,50,True,distinct_fit_participants_with_original_feature_observed_before_imputation_and_encoding
snapshot_all,current_visit,,MOCA,DATE,MOCA__DATE,binary,binary_identity,cognitive_item_or_measure,identity,1987,1039,0.5228988424760946,50,True,distinct_fit_participants_with_original_feature_observed_before_imputation_and_encoding
snapshot_all,current_visit,,MOCA,DAY,MOCA__DAY,binary,binary_identity,cognitive_item_or_measure,identity,1987,1039,0.5228988424760946,50,True,distinct_fit_participants_with_original_feature_observed_before_imputation_and_encoding
snapshot_all,current_visit,,MOCA,DELW1,MOCA__DELW1,categorical,categorical_one_hot,delayed_recall_response_or_cue_mode,categorical_identity,1987,1037,0.5218922999496729,50,True,distinct_fit_participants_with_original_feature_observed_before_imputation_and_encoding
snapshot_all,current_visit,,MOCA,DELW2,MOCA__DELW2,categorical,categorical_one_hot,delayed_recall_response_or_cue_mode,categorical_identity,1987,1038,0.5223955712128837,50,True,distinct_fit_participants_with_original_feature_observed_before_imputation_and_encoding
snapshot_all,current_visit,,MOCA,DELW3,MOCA__DELW3,categorical,categorical_one_hot,delayed_recall_response_or_cue_mode,categorical_identity,1987,1038,0.5223955712128837,50,True,distinct_fit_participants_with_original_feature_observed_before_imputation_and_encoding
snapshot_all,current_visit,,MOCA,DELW4,MOCA__DELW4,categorical,categorical_one_hot,delayed_recall_response_or_cue_mode,categorical_identity,1987,1037,0.5218922999496729,50,True,distinct_fit_participants_with_original_feature_observed_before_imputation_and_encoding
snapshot_all,current_visit,,MOCA,DELW5,MOCA__DELW5,categorical,categorical_one_hot,delayed_recall_response_or_cue_mode,categorical_identity,1987,1037,0.5218922999496729,50,True,distinct_fit_participants_with_original_feature_observed_before_imputation_and_encoding
snapshot_all,current_visit,,MOCA,DIGBACK,MOCA__DIGBACK,binary,binary_identity,cognitive_item_or_measure,identity,1987,1039,0.5228988424760946,50,True,distinct_fit_participants_with_original_feature_observed_before_imputation_and_encoding
snapshot_all,current_visit,,MOCA,DIGFOR,MOCA__DIGFOR,binary,binary_identity,cognitive_item_or_measure,identity,1987,1039,0.5228988424760946,50,True,distinct_fit_participants_with_original_feature_observed_before_imputation_and_encoding
snapshot_all,current_visit,,MOCA,FFLUENCY,MOCA__FFLUENCY,numeric,numeric_standardized,cognitive_item_or_measure,numeric_identity,1987,1038,0.5223955712128837,50,True,distinct_fit_participants_with_original_feature_observed_before_imputation_and_encoding
snapshot_all,current_visit,,MOCA,IMMT1W1,MOCA__IMMT1W1,binary,binary_identity,cognitive_item_or_measure,identity,1987,1036,0.521389028686462,50,True,distinct_fit_participants_with_original_feature_observed_before_imputation_and_encoding
snapshot_all,current_visit,,MOCA,IMMT1W2,MOCA__IMMT1W2,binary,binary_identity,cognitive_item_or_measure,identity,1987,1037,0.5218922999496729,50,True,distinct_fit_participants_with_original_feature_observed_before_imputation_and_encoding
snapshot_all,current_visit,,MOCA,IMMT1W3,MOCA__IMMT1W3,binary,binary_identity,cognitive_item_or_measure,identity,1987,1037,0.5218922999496729,50,True,distinct_fit_participants_with_original_feature_observed_before_imputation_and_encoding
snapshot_all,current_visit,,MOCA,IMMT1W4,MOCA__IMMT1W4,binary,binary_identity,cognitive_item_or_measure,identity,1987,1036,0.521389028686462,50,True,distinct_fit_participants_with_original_feature_observed_before_imputation_and_encoding
snapshot_all,current_visit,,MOCA,IMMT1W5,MOCA__IMMT1W5,binary,binary_identity,cognitive_item_or_measure,identity,1987,1038,0.5223955712128837,50,True,distinct_fit_participants_with_original_feature_observed_before_imputation_and_encoding
snapshot_all,current_visit,,MOCA,IMMT2W1,MOCA__IMMT2W1,binary,binary_identity,cognitive_item_or_measure,identity,1987,1035,0.5208857574232512,50,True,distinct_fit_participants_with_original_feature_observed_before_imputation_and_encoding
snapshot_all,current_visit,,MOCA,IMMT2W2,MOCA__IMMT2W2,binary,binary_identity,cognitive_item_or_measure,identity,1987,1035,0.5208857574232512,50,True,distinct_fit_participants_with_original_feature_observed_before_imputation_and_encoding
snapshot_all,current_visit,,MOCA,IMMT2W3,MOCA__IMMT2W3,binary,binary_identity,cognitive_item_or_measure,identity,1987,1037,0.5218922999496729,50,True,distinct_fit_participants_with_original_feature_observed_before_imputation_and_encoding
snapshot_all,current_visit,,MOCA,IMMT2W4,MOCA__IMMT2W4,binary,binary_identity,cognitive_item_or_measure,identity,1987,1037,0.5218922999496729,50,True,distinct_fit_participants_with_original_feature_observed_before_imputation_and_encoding
snapshot_all,current_visit,,MOCA,IMMT2W5,MOCA__IMMT2W5,binary,binary_identity,cognitive_item_or_measure,identity,1987,1037,0.5218922999496729,50,True,distinct_fit_participants_with_original_feature_observed_before_imputation_and_encoding
snapshot_all,current_visit,,MOCA,LETTERS,MOCA__LETTERS,numeric,numeric_standardized,cognitive_item_or_measure,numeric_identity,1987,1037,0.5218922999496729,50,True,distinct_fit_participants_with_original_feature_observed_before_imputation_and_encoding
snapshot_all,current_visit,,MOCA,LION,MOCA__LION,binary,binary_identity,cognitive_item_or_measure,identity,1987,1038,0.5223955712128837,50,True,distinct_fit_participants_with_original_feature_observed_before_imputation_and_encoding
snapshot_all,current_visit,,MOCA,MOCA,MOCA__MOCA,numeric,numeric_standardized,official_summary_score,numeric_identity,1987,581,0.29240060392551587,50,True,distinct_fit_participants_with_original_feature_observed_before_imputation_and_encoding
snapshot_all,current_visit,,MOCA,MONTH,MOCA__MONTH,binary,binary_identity,cognitive_item_or_measure,identity,1987,1039,0.5228988424760946,50,True,distinct_fit_participants_with_original_feature_observed_before_imputation_and_encoding
snapshot_all,current_visit,,MOCA,PLACE,MOCA__PLACE,binary,binary_identity,cognitive_item_or_measure,identity,1987,1039,0.5228988424760946,50,True,distinct_fit_participants_with_original_feature_observed_before_imputation_and_encoding
snapshot_all,current_visit,,MOCA,REPEAT1,MOCA__REPEAT1,binary,binary_identity,cognitive_item_or_measure,identity,1987,1038,0.5223955712128837,50,True,distinct_fit_participants_with_original_feature_observed_before_imputation_and_encoding
snapshot_all,current_visit,,MOCA,REPEAT2,MOCA__REPEAT2,binary,binary_identity,cognitive_item_or_measure,identity,1987,1038,0.5223955712128837,50,True,distinct_fit_participants_with_original_feature_observed_before_imputation_and_encoding
snapshot_all,current_visit,,MOCA,RHINO,MOCA__RHINO,binary,binary_identity,cognitive_item_or_measure,identity,1987,1038,0.5223955712128837,50,True,distinct_fit_participants_with_original_feature_observed_before_imputation_and_encoding
snapshot_all,current_visit,,MOCA,SERIAL1,MOCA__SERIAL1,binary,binary_identity,cognitive_item_or_measure,identity,1987,1037,0.5218922999496729,50,True,distinct_fit_participants_with_original_feature_observed_before_imputation_and_encoding
snapshot_all,current_visit,,MOCA,SERIAL2,MOCA__SERIAL2,binary,binary_identity,cognitive_item_or_measure,identity,1987,1035,0.5208857574232512,50,True,distinct_fit_participants_with_original_feature_observed_before_imputation_and_encoding
snapshot_all,current_visit,,MOCA,SERIAL3,MOCA__SERIAL3,binary,binary_identity,cognitive_item_or_measure,identity,1987,1033,0.5198792148968294,50,True,distinct_fit_participants_with_original_feature_observed_before_imputation_and_encoding
snapshot_all,current_visit,,MOCA,SERIAL4,MOCA__SERIAL4,binary,binary_identity,cognitive_item_or_measure,identity,1987,1033,0.5198792148968294,50,True,distinct_fit_participants_with_original_feature_observed_before_imputation_and_encoding
snapshot_all,current_visit,,MOCA,SERIAL5,MOCA__SERIAL5,binary,binary_identity,cognitive_item_or_measure,identity,1987,1033,0.5198792148968294,50,True,distinct_fit_participants_with_original_feature_observed_before_imputation_and_encoding
snapshot_all,current_visit,,MOCA,TRAILS,MOCA__TRAILS,binary,binary_identity,cognitive_item_or_measure,identity,1987,1037,0.5218922999496729,50,True,distinct_fit_participants_with_original_feature_observed_before_imputation_and_encoding
snapshot_all,current_visit,,MOCA,YEAR,MOCA__YEAR,binary,binary_identity,cognitive_item_or_measure,identity,1987,1039,0.5228988424760946,50,True,distinct_fit_participants_with_original_feature_observed_before_imputation_and_encoding
snapshot_all,current_visit,,NEUROBAT,ANARTERR,NEUROBAT__ANARTERR,numeric,numeric_standardized,cognitive_item_or_measure,numeric_identity,1987,78,0.03925515853044791,50,True,distinct_fit_participants_with_original_feature_observed_before_imputation_and_encoding
snapshot_all,current_visit,,NEUROBAT,AVDEL30MIN,NEUROBAT__AVDEL30MIN,numeric,numeric_standardized,cognitive_item_or_measure,numeric_identity,1987,1413,0.7111222949169602,50,True,distinct_fit_participants_with_original_feature_observed_before_imputation_and_encoding
snapshot_all,current_visit,,NEUROBAT,AVDELERR1,NEUROBAT__AVDELERR1,numeric,numeric_standardized,cognitive_item_or_measure,identity,1987,1413,0.7111222949169602,50,True,distinct_fit_participants_with_original_feature_observed_before_imputation_and_encoding
snapshot_all,current_visit,,NEUROBAT,AVDELERR2,NEUROBAT__AVDELERR2,numeric,numeric_standardized,cognitive_item_or_measure,identity,1987,1412,0.7106190236537494,50,True,distinct_fit_participants_with_original_feature_observed_before_imputation_and_encoding
snapshot_all,current_visit,,NEUROBAT,AVDELTOT,NEUROBAT__AVDELTOT,numeric,numeric_standardized,cognitive_item_or_measure,numeric_identity,1987,1412,0.7106190236537494,50,True,distinct_fit_participants_with_original_feature_observed_before_imputation_and_encoding
snapshot_all,current_visit,,NEUROBAT,AVERR1,NEUROBAT__AVERR1,numeric,numeric_standardized,cognitive_item_or_measure,identity,1987,1414,0.7116255661801711,50,True,distinct_fit_participants_with_original_feature_observed_before_imputation_and_encoding
snapshot_all,current_visit,,NEUROBAT,AVERR2,NEUROBAT__AVERR2,numeric,numeric_standardized,cognitive_item_or_measure,identity,1987,1413,0.7111222949169602,50,True,distinct_fit_participants_with_original_feature_observed_before_imputation_and_encoding
snapshot_all,current_visit,,NEUROBAT,AVERR3,NEUROBAT__AVERR3,numeric,numeric_standardized,cognitive_item_or_measure,identity,1987,1413,0.7111222949169602,50,True,distinct_fit_participants_with_original_feature_observed_before_imputation_and_encoding
snapshot_all,current_visit,,NEUROBAT,AVERR4,NEUROBAT__AVERR4,numeric,numeric_standardized,cognitive_item_or_measure,identity,1987,1412,0.7106190236537494,50,True,distinct_fit_participants_with_original_feature_observed_before_imputation_and_encoding
snapshot_all,current_visit,,NEUROBAT,AVERR5,NEUROBAT__AVERR5,numeric,numeric_standardized,cognitive_item_or_measure,identity,1987,1412,0.7106190236537494,50,True,distinct_fit_participants_with_original_feature_observed_before_imputation_and_encoding
snapshot_all,current_visit,,NEUROBAT,AVERR6,NEUROBAT__AVERR6,numeric,numeric_standardized,cognitive_item_or_measure,identity,1987,1411,0.7101157523905385,50,True,distinct_fit_participants_with_original_feature_observed_before_imputation_and_encoding
snapshot_all,current_visit,,NEUROBAT,AVERRB,NEUROBAT__AVERRB,numeric,numeric_standardized,cognitive_item_or_measure,identity,1987,1413,0.7111222949169602,50,True,distinct_fit_participants_with_original_feature_observed_before_imputation_and_encoding
snapshot_all,current_visit,,NEUROBAT,AVTOT1,NEUROBAT__AVTOT1,numeric,numeric_standardized,cognitive_item_or_measure,numeric_identity,1987,1414,0.7116255661801711,50,True,distinct_fit_participants_with_original_feature_observed_before_imputation_and_encoding
snapshot_all,current_visit,,NEUROBAT,AVTOT2,NEUROBAT__AVTOT2,numeric,numeric_standardized,cognitive_item_or_measure,numeric_identity,1987,1413,0.7111222949169602,50,True,distinct_fit_participants_with_original_feature_observed_before_imputation_and_encoding
snapshot_all,current_visit,,NEUROBAT,AVTOT3,NEUROBAT__AVTOT3,numeric,numeric_standardized,cognitive_item_or_measure,numeric_identity,1987,1413,0.7111222949169602,50,True,distinct_fit_participants_with_original_feature_observed_before_imputation_and_encoding
snapshot_all,current_visit,,NEUROBAT,AVTOT4,NEUROBAT__AVTOT4,numeric,numeric_standardized,cognitive_item_or_measure,numeric_identity,1987,1413,0.7111222949169602,50,True,distinct_fit_participants_with_original_feature_observed_before_imputation_and_encoding
snapshot_all,current_visit,,NEUROBAT,AVTOT5,NEUROBAT__AVTOT5,numeric,numeric_standardized,cognitive_item_or_measure,numeric_identity,1987,1413,0.7111222949169602,50,True,distinct_fit_participants_with_original_feature_observed_before_imputation_and_encoding
snapshot_all,current_visit,,NEUROBAT,AVTOT6,NEUROBAT__AVTOT6,numeric,numeric_standardized,cognitive_item_or_measure,numeric_identity,1987,1412,0.7106190236537494,50,True,distinct_fit_participants_with_original_feature_observed_before_imputation_and_encoding
snapshot_all,current_visit,,NEUROBAT,AVTOTB,NEUROBAT__AVTOTB,numeric,numeric_standardized,cognitive_item_or_measure,numeric_identity,1987,1413,0.7111222949169602,50,True,distinct_fit_participants_with_original_feature_observed_before_imputation_and_encoding
snapshot_all,current_visit,,NEUROBAT,BNTCPHON,NEUROBAT__BNTCPHON,numeric,numeric_standardized,cognitive_item_or_measure,identity,1987,1041,0.5239053850025164,50,True,distinct_fit_participants_with_original_feature_observed_before_imputation_and_encoding
snapshot_all,current_visit,,NEUROBAT,BNTCSTIM,NEUROBAT__BNTCSTIM,numeric,numeric_standardized,cognitive_item_or_measure,identity,1987,1041,0.5239053850025164,50,True,distinct_fit_participants_with_original_feature_observed_before_imputation_and_encoding
snapshot_all,current_visit,,NEUROBAT,BNTPHON,NEUROBAT__BNTPHON,numeric,numeric_standardized,cognitive_item_or_measure,identity,1987,1041,0.5239053850025164,50,True,distinct_fit_participants_with_original_feature_observed_before_imputation_and_encoding
snapshot_all,current_visit,,NEUROBAT,BNTSPONT,NEUROBAT__BNTSPONT,numeric,numeric_standardized,cognitive_item_or_measure,identity,1987,1041,0.5239053850025164,50,True,distinct_fit_participants_with_original_feature_observed_before_imputation_and_encoding
snapshot_all,current_visit,,NEUROBAT,BNTSTIM,NEUROBAT__BNTSTIM,numeric,numeric_standardized,cognitive_item_or_measure,identity,1987,1041,0.5239053850025164,50,True,distinct_fit_participants_with_original_feature_observed_before_imputation_and_encoding
snapshot_all,current_visit,,NEUROBAT,BNTTOTAL,NEUROBAT__BNTTOTAL,numeric,numeric_standardized,official_or_documented_summary_score,numeric_identity,1987,1041,0.5239053850025164,50,True,distinct_fit_participants_with_original_feature_observed_before_imputation_and_encoding
snapshot_all,current_visit,,NEUROBAT,CATANIMSC,NEUROBAT__CATANIMSC,numeric,numeric_standardized,cognitive_item_or_measure,numeric_identity,1987,1417,0.7131353799698037,50,True,distinct_fit_participants_with_original_feature_observed_before_imputation_and_encoding
snapshot_all,current_visit,,NEUROBAT,CATANINTR,NEUROBAT__CATANINTR,numeric,numeric_standardized,cognitive_item_or_measure,numeric_identity,1987,1416,0.7126321087065929,50,True,distinct_fit_participants_with_original_feature_observed_before_imputation_and_encoding
snapshot_all,current_visit,,NEUROBAT,CATANPERS,NEUROBAT__CATANPERS,numeric,numeric_standardized,cognitive_item_or_measure,numeric_identity,1987,1417,0.7131353799698037,50,True,distinct_fit_participants_with_original_feature_observed_before_imputation_and_encoding
snapshot_all,current_visit,,NEUROBAT,CATVEGESC,NEUROBAT__CATVEGESC,numeric,numeric_standardized,cognitive_item_or_measure,identity,1987,512,0.25767488676396577,50,True,distinct_fit_participants_with_original_feature_observed_before_imputation_and_encoding
snapshot_all,current_visit,,NEUROBAT,CATVGINTR,NEUROBAT__CATVGINTR,numeric,numeric_standardized,cognitive_item_or_measure,identity,1987,512,0.25767488676396577,50,True,distinct_fit_participants_with_original_feature_observed_before_imputation_and_encoding
snapshot_all,current_visit,,NEUROBAT,CATVGPERS,NEUROBAT__CATVGPERS,numeric,numeric_standardized,cognitive_item_or_measure,identity,1987,512,0.25767488676396577,50,True,distinct_fit_participants_with_original_feature_observed_before_imputation_and_encoding
snapshot_all,current_visit,,NEUROBAT,CLOCKCIRC,NEUROBAT__CLOCKCIRC,binary,binary_identity,cognitive_item_or_measure,identity,1987,1417,0.7131353799698037,50,True,distinct_fit_participants_with_original_feature_observed_before_imputation_and_encoding
snapshot_all,current_visit,,NEUROBAT,CLOCKHAND,NEUROBAT__CLOCKHAND,binary,binary_identity,cognitive_item_or_measure,identity,1987,1417,0.7131353799698037,50,True,distinct_fit_participants_with_original_feature_observed_before_imputation_and_encoding
snapshot_all,current_visit,,NEUROBAT,CLOCKNUM,NEUROBAT__CLOCKNUM,binary,binary_identity,cognitive_item_or_measure,identity,1987,1417,0.7131353799698037,50,True,distinct_fit_participants_with_original_feature_observed_before_imputation_and_encoding
snapshot_all,current_visit,,NEUROBAT,CLOCKSCOR,NEUROBAT__CLOCKSCOR,numeric,numeric_standardized,official_or_documented_summary_score,numeric_identity,1987,1417,0.7131353799698037,50,True,distinct_fit_participants_with_original_feature_observed_before_imputation_and_encoding
snapshot_all,current_visit,,NEUROBAT,CLOCKSYM,NEUROBAT__CLOCKSYM,binary,binary_identity,cognitive_item_or_measure,identity,1987,1417,0.7131353799698037,50,True,distinct_fit_participants_with_original_feature_observed_before_imputation_and_encoding
snapshot_all,current_visit,,NEUROBAT,CLOCKTIME,NEUROBAT__CLOCKTIME,binary,binary_identity,cognitive_item_or_measure,identity,1987,1417,0.7131353799698037,50,True,distinct_fit_participants_with_original_feature_observed_before_imputation_and_encoding
snapshot_all,current_visit,,NEUROBAT,COPYCIRC,NEUROBAT__COPYCIRC,binary,binary_identity,copy_component_correctness,binary_zero_one_identity,1987,1417,0.7131353799698037,50,True,distinct_fit_participants_with_original_feature_observed_before_imputation_and_encoding
snapshot_all,current_visit,,NEUROBAT,COPYHAND,NEUROBAT__COPYHAND,binary,binary_identity,copy_component_correctness,binary_zero_one_identity,1987,1417,0.7131353799698037,50,True,distinct_fit_participants_with_original_feature_observed_before_imputation_and_encoding
snapshot_all,current_visit,,NEUROBAT,COPYNUM,NEUROBAT__COPYNUM,binary,binary_identity,copy_component_correctness,binary_zero_one_identity,1987,1417,0.7131353799698037,50,True,distinct_fit_participants_with_original_feature_observed_before_imputation_and_encoding
snapshot_all,current_visit,,NEUROBAT,COPYSCOR,NEUROBAT__COPYSCOR,numeric,numeric_standardized,official_or_documented_summary_score,numeric_identity,1987,1417,0.7131353799698037,50,True,distinct_fit_participants_with_original_feature_observed_before_imputation_and_encoding
snapshot_all,current_visit,,NEUROBAT,COPYSYM,NEUROBAT__COPYSYM,binary,binary_identity,copy_component_correctness,binary_zero_one_identity,1987,1417,0.7131353799698037,50,True,distinct_fit_participants_with_original_feature_observed_before_imputation_and_encoding
snapshot_all,current_visit,,NEUROBAT,COPYTIME,NEUROBAT__COPYTIME,binary,binary_identity,copy_component_correctness,binary_zero_one_identity,1987,1417,0.7131353799698037,50,True,distinct_fit_participants_with_original_feature_observed_before_imputation_and_encoding
snapshot_all,current_visit,,NEUROBAT,DIGITSCOR,NEUROBAT__DIGITSCOR,numeric,numeric_standardized,cognitive_item_or_measure,identity,1987,510,0.25666834423754403,50,True,distinct_fit_participants_with_original_feature_observed_before_imputation_and_encoding
snapshot_all,current_visit,,NEUROBAT,DSPANBAC,NEUROBAT__DSPANBAC,numeric,numeric_standardized,cognitive_item_or_measure,identity,1987,508,0.2556618017111223,50,True,distinct_fit_participants_with_original_feature_observed_before_imputation_and_encoding
snapshot_all,current_visit,,NEUROBAT,DSPANBLTH,NEUROBAT__DSPANBLTH,numeric,numeric_standardized,cognitive_item_or_measure,identity,1987,508,0.2556618017111223,50,True,distinct_fit_participants_with_original_feature_observed_before_imputation_and_encoding
snapshot_all,current_visit,,NEUROBAT,DSPANFLTH,NEUROBAT__DSPANFLTH,numeric,numeric_standardized,cognitive_item_or_measure,identity,1987,512,0.25767488676396577,50,True,distinct_fit_participants_with_original_feature_observed_before_imputation_and_encoding
snapshot_all,current_visit,,NEUROBAT,DSPANFOR,NEUROBAT__DSPANFOR,numeric,numeric_standardized,cognitive_item_or_measure,identity,1987,512,0.25767488676396577,50,True,distinct_fit_participants_with_original_feature_observed_before_imputation_and_encoding
snapshot_all,current_visit,,NEUROBAT,LDELCUE,NEUROBAT__LDELCUE,binary,binary_identity,cognitive_item_or_measure,identity,1987,1820,0.9159536990437847,50,True,distinct_fit_participants_with_original_feature_observed_before_imputation_and_encoding
snapshot_all,current_visit,,NEUROBAT,LDELTOTAL,NEUROBAT__LDELTOTAL,numeric,numeric_standardized,cognitive_item_or_measure,numeric_identity,1987,1819,0.9154504277805737,50,True,distinct_fit_participants_with_original_feature_observed_before_imputation_and_encoding
snapshot_all,current_visit,,NEUROBAT,LIMMTOTAL,NEUROBAT__LIMMTOTAL,numeric,numeric_standardized,cognitive_item_or_measure,numeric_identity,1987,1819,0.9154504277805737,50,True,distinct_fit_participants_with_original_feature_observed_before_imputation_and_encoding
snapshot_all,current_visit,,NEUROBAT,MINTSEMCUE,NEUROBAT__MINTSEMCUE,numeric,numeric_standardized,cognitive_item_or_measure,identity,1987,582,0.29290387518872674,50,True,distinct_fit_participants_with_original_feature_observed_before_imputation_and_encoding
snapshot_all,current_visit,,NEUROBAT,MINTTOTAL,NEUROBAT__MINTTOTAL,numeric,numeric_standardized,official_or_documented_summary_score,numeric_identity,1987,584,0.2939104177151485,50,True,distinct_fit_participants_with_original_feature_observed_before_imputation_and_encoding
snapshot_all,current_visit,,NEUROBAT,MINTUNCUED,NEUROBAT__MINTUNCUED,numeric,numeric_standardized,cognitive_item_or_measure,identity,1987,584,0.2939104177151485,50,True,distinct_fit_participants_with_original_feature_observed_before_imputation_and_encoding
snapshot_all,current_visit,,NEUROBAT,TRAAERRCOM,NEUROBAT__TRAAERRCOM,numeric,numeric_standardized,cognitive_item_or_measure,identity,1987,1411,0.7101157523905385,50,True,distinct_fit_participants_with_original_feature_observed_before_imputation_and_encoding
snapshot_all,current_visit,,NEUROBAT,TRAAERROM,NEUROBAT__TRAAERROM,numeric,numeric_standardized,cognitive_item_or_measure,numeric_identity,1987,1411,0.7101157523905385,50,True,distinct_fit_participants_with_original_feature_observed_before_imputation_and_encoding
snapshot_all,current_visit,,NEUROBAT,TRAASCOR,NEUROBAT__TRAASCOR,numeric,numeric_standardized,cognitive_item_or_measure,numeric_identity,1987,1411,0.7101157523905385,50,True,distinct_fit_participants_with_original_feature_observed_before_imputation_and_encoding
snapshot_all,current_visit,,NEUROBAT,TRABERRCOM,NEUROBAT__TRABERRCOM,numeric,numeric_standardized,cognitive_item_or_measure,identity,1987,1386,0.6975339708102667,50,True,distinct_fit_participants_with_original_feature_observed_before_imputation_and_encoding
snapshot_all,current_visit,,NEUROBAT,TRABERROM,NEUROBAT__TRABERROM,numeric,numeric_standardized,cognitive_item_or_measure,numeric_identity,1987,1386,0.6975339708102667,50,True,distinct_fit_participants_with_original_feature_observed_before_imputation_and_encoding
snapshot_all,current_visit,,NEUROBAT,TRABSCOR,NEUROBAT__TRABSCOR,numeric,numeric_standardized,cognitive_item_or_measure,numeric_identity,1987,1387,0.6980372420734776,50,True,distinct_fit_participants_with_original_feature_observed_before_imputation_and_encoding
snapshot_all,participant_static,,APOERES,GENOTYPE,APOERES__GENOTYPE,categorical,categorical_one_hot,apoe_genotype_category,categorical_identity,1987,1814,0.9129340714645193,50,True,distinct_fit_participants_with_original_feature_observed_before_imputation_and_encoding
snapshot_all,participant_static,,PTDEMOG,PTEDUCAT,PTDEMOG__PTEDUCAT,numeric,numeric_standardized,cross_phase_common_core_demographic,numeric_identity,1987,1987,1.0,50,True,distinct_fit_participants_with_original_feature_observed_before_imputation_and_encoding
snapshot_all,participant_static,,PTDEMOG,PTETHCAT,PTDEMOG__PTETHCAT,categorical,categorical_one_hot,cross_phase_common_core_demographic,categorical_identity,1987,1987,1.0,50,True,distinct_fit_participants_with_original_feature_observed_before_imputation_and_encoding
snapshot_all,participant_static,,PTDEMOG,PTGENDER,PTDEMOG__PTGENDER,categorical,categorical_one_hot,cross_phase_common_core_demographic,categorical_identity,1987,1987,1.0,50,True,distinct_fit_participants_with_original_feature_observed_before_imputation_and_encoding
snapshot_all,participant_static,,PTDEMOG,PTHAND,PTDEMOG__PTHAND,categorical,categorical_one_hot,cross_phase_common_core_demographic,categorical_identity,1987,1986,0.9994967287367891,50,True,distinct_fit_participants_with_original_feature_observed_before_imputation_and_encoding
snapshot_all,participant_static,,PTDEMOG,PTHOME,PTDEMOG__PTHOME,categorical,categorical_one_hot,cross_phase_common_core_demographic,ptdemog_pthome_harmonization,1987,1987,1.0,50,True,distinct_fit_participants_with_original_feature_observed_before_imputation_and_encoding
snapshot_all,participant_static,,PTDEMOG,PTMARRY,PTDEMOG__PTMARRY,categorical,categorical_one_hot,cross_phase_common_core_demographic,categorical_identity,1987,1986,0.9994967287367891,50,True,distinct_fit_participants_with_original_feature_observed_before_imputation_and_encoding
snapshot_all,participant_static,,PTDEMOG,PTNOTRT,PTDEMOG__PTNOTRT,categorical,categorical_one_hot,cross_phase_common_core_demographic,categorical_identity,1987,1987,1.0,50,True,distinct_fit_participants_with_original_feature_observed_before_imputation_and_encoding
snapshot_all,participant_static,,PTDEMOG,PTPLANG,PTDEMOG__PTPLANG,categorical,categorical_one_hot,cross_phase_common_core_demographic,categorical_identity,1987,1987,1.0,50,True,distinct_fit_participants_with_original_feature_observed_before_imputation_and_encoding
snapshot_all,participant_static,,PTDEMOG,PTRACCAT,PTDEMOG__PTRACCAT,categorical,categorical_one_hot,cross_phase_common_core_demographic,categorical_identity,1987,1987,1.0,50,True,distinct_fit_participants_with_original_feature_observed_before_imputation_and_encoding
snapshot_matched_last,current_derived,,PTDEMOG,AGE_AT_TARGET,PTDEMOG__AGE_AT_TARGET,numeric,numeric_standardized,visit_specific_age_covariate,derive_age_at_target_from_birth_year_and_current_target_date,1419,1419,1.0,50,True,distinct_fit_participants_with_valid_derived_age_before_imputation_and_encoding
snapshot_matched_last,current_visit,,ADAS,Q10SCORE,ADAS__Q10SCORE,categorical,categorical_one_hot,ordinal_clinical_severity_score,categorical_identity,1419,1371,0.9661733615221987,50,True,distinct_fit_participants_with_original_feature_observed_before_imputation_and_encoding
snapshot_matched_last,current_visit,,ADAS,Q11SCORE,ADAS__Q11SCORE,categorical,categorical_one_hot,ordinal_clinical_severity_score,categorical_identity,1419,1371,0.9661733615221987,50,True,distinct_fit_participants_with_original_feature_observed_before_imputation_and_encoding
snapshot_matched_last,current_visit,,ADAS,Q12SCORE,ADAS__Q12SCORE,categorical,categorical_one_hot,ordinal_clinical_severity_score,categorical_identity,1419,1371,0.9661733615221987,50,True,distinct_fit_participants_with_original_feature_observed_before_imputation_and_encoding
snapshot_matched_last,current_visit,,ADAS,Q13SCORE,ADAS__Q13SCORE,numeric,numeric_standardized,cognitive_summary_score,numeric_identity,1419,1359,0.9577167019027484,50,True,distinct_fit_participants_with_original_feature_observed_before_imputation_and_encoding
snapshot_matched_last,current_visit,,ADAS,Q13TASKA,ADAS__Q13TASKA,numeric,numeric_standardized,cognitive_item_or_measure,numeric_identity,1419,1357,0.95630725863284,50,True,distinct_fit_participants_with_original_feature_observed_before_imputation_and_encoding
snapshot_matched_last,current_visit,,ADAS,Q13TASKB,ADAS__Q13TASKB,numeric,numeric_standardized,cognitive_item_or_measure,numeric_identity,1419,1357,0.95630725863284,50,True,distinct_fit_participants_with_original_feature_observed_before_imputation_and_encoding
snapshot_matched_last,current_visit,,ADAS,Q13TASKC,ADAS__Q13TASKC,numeric,numeric_standardized,cognitive_item_or_measure,numeric_identity,1419,1357,0.95630725863284,50,True,distinct_fit_participants_with_original_feature_observed_before_imputation_and_encoding
snapshot_matched_last,current_visit,,ADAS,Q13UNABLE,ADAS__Q13UNABLE,categorical,categorical_one_hot,assessment_completion_state,categorical_identity,1419,1373,0.9675828047921071,50,True,distinct_fit_participants_with_original_feature_observed_before_imputation_and_encoding
snapshot_matched_last,current_visit,,ADAS,Q1SCORE,ADAS__Q1SCORE,numeric,numeric_standardized,cognitive_summary_score,numeric_identity,1419,1372,0.966878083157153,50,True,distinct_fit_participants_with_original_feature_observed_before_imputation_and_encoding
snapshot_matched_last,current_visit,,ADAS,Q1TR2T,ADAS__Q1TR2T,numeric,numeric_standardized,cognitive_item_or_measure,identity,1419,919,0.6476391825229034,50,True,distinct_fit_participants_with_original_feature_observed_before_imputation_and_encoding
snapshot_matched_last,current_visit,,ADAS,Q1TRIT,ADAS__Q1TRIT,numeric,numeric_standardized,cognitive_item_or_measure,identity,1419,919,0.6476391825229034,50,True,distinct_fit_participants_with_original_feature_observed_before_imputation_and_encoding
snapshot_matched_last,current_visit,,ADAS,Q1TRT,ADAS__Q1TRT,numeric,numeric_standardized,cognitive_item_or_measure,identity,1419,919,0.6476391825229034,50,True,distinct_fit_participants_with_original_feature_observed_before_imputation_and_encoding
snapshot_matched_last,current_visit,,ADAS,Q1UNABLE,ADAS__Q1UNABLE,categorical,categorical_one_hot,assessment_completion_state,categorical_identity,1419,1373,0.9675828047921071,50,True,distinct_fit_participants_with_original_feature_observed_before_imputation_and_encoding
snapshot_matched_last,current_visit,,ADAS,Q2SCORE,ADAS__Q2SCORE,numeric,numeric_standardized,cognitive_summary_score,numeric_identity,1419,1370,0.9654686398872445,50,True,distinct_fit_participants_with_original_feature_observed_before_imputation_and_encoding
snapshot_matched_last,current_visit,,ADAS,Q2TASK,ADAS__Q2TASK,multi_response,multi_hot,documented_task_component_set,dictionary_multi_response_tokens,1419,1368,0.9640591966173362,50,True,distinct_fit_participants_with_original_feature_observed_before_imputation_and_encoding
snapshot_matched_last,current_visit,,ADAS,Q2UNABLE,ADAS__Q2UNABLE,categorical,categorical_one_hot,assessment_completion_state,categorical_identity,1419,1373,0.9675828047921071,50,True,distinct_fit_participants_with_original_feature_observed_before_imputation_and_encoding
snapshot_matched_last,current_visit,,ADAS,Q3SCORE,ADAS__Q3SCORE,numeric,numeric_standardized,cognitive_summary_score,numeric_identity,1419,1370,0.9654686398872445,50,True,distinct_fit_participants_with_original_feature_observed_before_imputation_and_encoding
snapshot_matched_last,current_visit,,ADAS,Q3TASK1,ADAS__Q3TASK1,categorical,categorical_one_hot,constructional_praxis_response_state,categorical_identity,1419,1363,0.9605355884425651,50,True,distinct_fit_participants_with_original_feature_observed_before_imputation_and_encoding
snapshot_matched_last,current_visit,,ADAS,Q3TASK2,ADAS__Q3TASK2,categorical,categorical_one_hot,constructional_praxis_response_state,categorical_identity,1419,1343,0.9464411557434813,50,True,distinct_fit_participants_with_original_feature_observed_before_imputation_and_encoding
snapshot_matched_last,current_visit,,ADAS,Q3TASK3,ADAS__Q3TASK3,categorical,categorical_one_hot,constructional_praxis_response_state,categorical_identity,1419,1344,0.9471458773784355,50,True,distinct_fit_participants_with_original_feature_observed_before_imputation_and_encoding
snapshot_matched_last,current_visit,,ADAS,Q3TASK4,ADAS__Q3TASK4,categorical,categorical_one_hot,constructional_praxis_response_state,categorical_identity,1419,1162,0.8188865398167724,50,True,distinct_fit_participants_with_original_feature_observed_before_imputation_and_encoding
snapshot_matched_last,current_visit,,ADAS,Q3UNABLE,ADAS__Q3UNABLE,categorical,categorical_one_hot,assessment_completion_state,categorical_identity,1419,1373,0.9675828047921071,50,True,distinct_fit_participants_with_original_feature_observed_before_imputation_and_encoding
snapshot_matched_last,current_visit,,ADAS,Q4SCORE,ADAS__Q4SCORE,numeric,numeric_standardized,cognitive_summary_score,numeric_identity,1419,1368,0.9640591966173362,50,True,distinct_fit_participants_with_original_feature_observed_before_imputation_and_encoding
snapshot_matched_last,current_visit,,ADAS,Q4UNABLE,ADAS__Q4UNABLE,categorical,categorical_one_hot,assessment_completion_state,categorical_identity,1419,1373,0.9675828047921071,50,True,distinct_fit_participants_with_original_feature_observed_before_imputation_and_encoding
snapshot_matched_last,current_visit,,ADAS,Q5FINGER,ADAS__Q5FINGER,multi_response,multi_hot,documented_task_component_set,dictionary_multi_response_tokens,1419,1367,0.9633544749823819,50,True,distinct_fit_participants_with_original_feature_observed_before_imputation_and_encoding
snapshot_matched_last,current_visit,,ADAS,Q5NAME1,ADAS__Q5NAME1,categorical,categorical_one_hot,item_response_and_cue_state,categorical_identity,1419,1368,0.9640591966173362,50,True,distinct_fit_participants_with_original_feature_observed_before_imputation_and_encoding
snapshot_matched_last,current_visit,,ADAS,Q5NAME10,ADAS__Q5NAME10,categorical,categorical_one_hot,item_response_and_cue_state,categorical_identity,1419,1368,0.9640591966173362,50,True,distinct_fit_participants_with_original_feature_observed_before_imputation_and_encoding
snapshot_matched_last,current_visit,,ADAS,Q5NAME11,ADAS__Q5NAME11,categorical,categorical_one_hot,item_response_and_cue_state,categorical_identity,1419,1368,0.9640591966173362,50,True,distinct_fit_participants_with_original_feature_observed_before_imputation_and_encoding
snapshot_matched_last,current_visit,,ADAS,Q5NAME12,ADAS__Q5NAME12,categorical,categorical_one_hot,item_response_and_cue_state,categorical_identity,1419,1368,0.9640591966173362,50,True,distinct_fit_participants_with_original_feature_observed_before_imputation_and_encoding
snapshot_matched_last,current_visit,,ADAS,Q5NAME2,ADAS__Q5NAME2,categorical,categorical_one_hot,item_response_and_cue_state,categorical_identity,1419,1368,0.9640591966173362,50,True,distinct_fit_participants_with_original_feature_observed_before_imputation_and_encoding
snapshot_matched_last,current_visit,,ADAS,Q5NAME3,ADAS__Q5NAME3,categorical,categorical_one_hot,item_response_and_cue_state,categorical_identity,1419,1368,0.9640591966173362,50,True,distinct_fit_participants_with_original_feature_observed_before_imputation_and_encoding
snapshot_matched_last,current_visit,,ADAS,Q5NAME4,ADAS__Q5NAME4,categorical,categorical_one_hot,item_response_and_cue_state,categorical_identity,1419,1368,0.9640591966173362,50,True,distinct_fit_participants_with_original_feature_observed_before_imputation_and_encoding
snapshot_matched_last,current_visit,,ADAS,Q5NAME5,ADAS__Q5NAME5,categorical,categorical_one_hot,item_response_and_cue_state,categorical_identity,1419,1368,0.9640591966173362,50,True,distinct_fit_participants_with_original_feature_observed_before_imputation_and_encoding
snapshot_matched_last,current_visit,,ADAS,Q5NAME6,ADAS__Q5NAME6,categorical,categorical_one_hot,item_response_and_cue_state,categorical_identity,1419,1368,0.9640591966173362,50,True,distinct_fit_participants_with_original_feature_observed_before_imputation_and_encoding
snapshot_matched_last,current_visit,,ADAS,Q5NAME7,ADAS__Q5NAME7,categorical,categorical_one_hot,item_response_and_cue_state,categorical_identity,1419,1368,0.9640591966173362,50,True,distinct_fit_participants_with_original_feature_observed_before_imputation_and_encoding
snapshot_matched_last,current_visit,,ADAS,Q5NAME8,ADAS__Q5NAME8,categorical,categorical_one_hot,item_response_and_cue_state,categorical_identity,1419,1368,0.9640591966173362,50,True,distinct_fit_participants_with_original_feature_observed_before_imputation_and_encoding
snapshot_matched_last,current_visit,,ADAS,Q5NAME9,ADAS__Q5NAME9,categorical,categorical_one_hot,item_response_and_cue_state,categorical_identity,1419,1368,0.9640591966173362,50,True,distinct_fit_participants_with_original_feature_observed_before_imputation_and_encoding
snapshot_matched_last,current_visit,,ADAS,Q5SCORE,ADAS__Q5SCORE,numeric,numeric_standardized,cognitive_summary_score,numeric_identity,1419,1369,0.9647639182522904,50,True,distinct_fit_participants_with_original_feature_observed_before_imputation_and_encoding
snapshot_matched_last,current_visit,,ADAS,Q5SCORE_CUE,ADAS__Q5SCORE_CUE,numeric,numeric_standardized,cognitive_summary_score,numeric_identity,1419,570,0.40169133192389006,50,True,distinct_fit_participants_with_original_feature_observed_before_imputation_and_encoding
snapshot_matched_last,current_visit,,ADAS,Q5UNABLE,ADAS__Q5UNABLE,categorical,categorical_one_hot,assessment_completion_state,categorical_identity,1419,1373,0.9675828047921071,50,True,distinct_fit_participants_with_original_feature_observed_before_imputation_and_encoding
snapshot_matched_last,current_visit,,ADAS,Q6SCORE,ADAS__Q6SCORE,numeric,numeric_standardized,cognitive_summary_score,numeric_identity,1419,1369,0.9647639182522904,50,True,distinct_fit_participants_with_original_feature_observed_before_imputation_and_encoding
snapshot_matched_last,current_visit,,ADAS,Q6TASK,ADAS__Q6TASK,multi_response,multi_hot,documented_task_component_set,dictionary_multi_response_tokens,1419,1366,0.9626497533474278,50,True,distinct_fit_participants_with_original_feature_observed_before_imputation_and_encoding
snapshot_matched_last,current_visit,,ADAS,Q6UNABLE,ADAS__Q6UNABLE,categorical,categorical_one_hot,assessment_completion_state,categorical_identity,1419,1373,0.9675828047921071,50,True,distinct_fit_participants_with_original_feature_observed_before_imputation_and_encoding
snapshot_matched_last,current_visit,,ADAS,Q7SCORE,ADAS__Q7SCORE,numeric,numeric_standardized,cognitive_summary_score,numeric_identity,1419,1368,0.9640591966173362,50,True,distinct_fit_participants_with_original_feature_observed_before_imputation_and_encoding
snapshot_matched_last,current_visit,,ADAS,Q7TASK,ADAS__Q7TASK,multi_response,multi_hot,documented_task_component_set,dictionary_multi_response_tokens,1419,1365,0.9619450317124736,50,True,distinct_fit_participants_with_original_feature_observed_before_imputation_and_encoding
snapshot_matched_last,current_visit,,ADAS,Q7UNABLE,ADAS__Q7UNABLE,categorical,categorical_one_hot,assessment_completion_state,categorical_identity,1419,1373,0.9675828047921071,50,True,distinct_fit_participants_with_original_feature_observed_before_imputation_and_encoding
snapshot_matched_last,current_visit,,ADAS,Q8SCORE,ADAS__Q8SCORE,numeric,numeric_standardized,cognitive_summary_score,numeric_identity,1419,1364,0.9612403100775194,50,True,distinct_fit_participants_with_original_feature_observed_before_imputation_and_encoding
snapshot_matched_last,current_visit,,ADAS,Q8UNABLE,ADAS__Q8UNABLE,categorical,categorical_one_hot,assessment_completion_state,categorical_identity,1419,1373,0.9675828047921071,50,True,distinct_fit_participants_with_original_feature_observed_before_imputation_and_encoding
snapshot_matched_last,current_visit,,ADAS,Q9SCORE,ADAS__Q9SCORE,categorical,categorical_one_hot,ordinal_clinical_severity_score,categorical_identity,1419,1364,0.9612403100775194,50,True,distinct_fit_participants_with_original_feature_observed_before_imputation_and_encoding
snapshot_matched_last,current_visit,,ADAS,TOTAL13,ADAS__TOTAL13,numeric,numeric_standardized,cognitive_summary_score,numeric_identity,1419,1350,0.9513742071881607,50,True,distinct_fit_participants_with_original_feature_observed_before_imputation_and_encoding
snapshot_matched_last,current_visit,,ADAS,TOTSCORE,ADAS__TOTSCORE,numeric,numeric_standardized,cognitive_summary_score,numeric_identity,1419,1361,0.9591261451726568,50,True,distinct_fit_participants_with_original_feature_observed_before_imputation_and_encoding
snapshot_matched_last,current_visit,,CDR,CDCARE,CDR__CDCARE,categorical,categorical_one_hot,ordered_clinical_stage,categorical_identity,1419,1366,0.9626497533474278,50,True,distinct_fit_participants_with_original_feature_observed_before_imputation_and_encoding
snapshot_matched_last,current_visit,,CDR,CDCOMMUN,CDR__CDCOMMUN,categorical,categorical_one_hot,ordered_clinical_stage,categorical_identity,1419,1366,0.9626497533474278,50,True,distinct_fit_participants_with_original_feature_observed_before_imputation_and_encoding
snapshot_matched_last,current_visit,,CDR,CDGLOBAL,CDR__CDGLOBAL,categorical,categorical_one_hot,ordered_clinical_stage,categorical_identity,1419,1366,0.9626497533474278,50,True,distinct_fit_participants_with_original_feature_observed_before_imputation_and_encoding
snapshot_matched_last,current_visit,,CDR,CDHOME,CDR__CDHOME,categorical,categorical_one_hot,ordered_clinical_stage,categorical_identity,1419,1366,0.9626497533474278,50,True,distinct_fit_participants_with_original_feature_observed_before_imputation_and_encoding
snapshot_matched_last,current_visit,,CDR,CDJUDGE,CDR__CDJUDGE,categorical,categorical_one_hot,ordered_clinical_stage,categorical_identity,1419,1366,0.9626497533474278,50,True,distinct_fit_participants_with_original_feature_observed_before_imputation_and_encoding
snapshot_matched_last,current_visit,,CDR,CDMEMORY,CDR__CDMEMORY,categorical,categorical_one_hot,ordered_clinical_stage,categorical_identity,1419,1366,0.9626497533474278,50,True,distinct_fit_participants_with_original_feature_observed_before_imputation_and_encoding
snapshot_matched_last,current_visit,,CDR,CDORIENT,CDR__CDORIENT,categorical,categorical_one_hot,ordered_clinical_stage,categorical_identity,1419,1366,0.9626497533474278,50,True,distinct_fit_participants_with_original_feature_observed_before_imputation_and_encoding
snapshot_matched_last,current_visit,,CDR,CDRSB,CDR__CDRSB,numeric,numeric_standardized,official_sum_of_boxes_score,numeric_identity,1419,1348,0.9499647639182522,50,True,distinct_fit_participants_with_original_feature_observed_before_imputation_and_encoding
snapshot_matched_last,current_visit,,FAQ,FAQBEVG,FAQ__FAQBEVG,categorical,categorical_one_hot,officially_scored_functional_item,faq_official_item_score_map,1419,1355,0.9548978153629316,50,True,distinct_fit_participants_with_original_feature_observed_before_imputation_and_encoding
snapshot_matched_last,current_visit,,FAQ,FAQEVENT,FAQ__FAQEVENT,categorical,categorical_one_hot,officially_scored_functional_item,faq_official_item_score_map,1419,1355,0.9548978153629316,50,True,distinct_fit_participants_with_original_feature_observed_before_imputation_and_encoding
snapshot_matched_last,current_visit,,FAQ,FAQFINAN,FAQ__FAQFINAN,categorical,categorical_one_hot,officially_scored_functional_item,faq_official_item_score_map,1419,1353,0.9534883720930233,50,True,distinct_fit_participants_with_original_feature_observed_before_imputation_and_encoding
snapshot_matched_last,current_visit,,FAQ,FAQFORM,FAQ__FAQFORM,categorical,categorical_one_hot,officially_scored_functional_item,faq_official_item_score_map,1419,1355,0.9548978153629316,50,True,distinct_fit_participants_with_original_feature_observed_before_imputation_and_encoding
snapshot_matched_last,current_visit,,FAQ,FAQGAME,FAQ__FAQGAME,categorical,categorical_one_hot,officially_scored_functional_item,faq_official_item_score_map,1419,1354,0.9541930937279774,50,True,distinct_fit_participants_with_original_feature_observed_before_imputation_and_encoding
snapshot_matched_last,current_visit,,FAQ,FAQMEAL,FAQ__FAQMEAL,categorical,categorical_one_hot,officially_scored_functional_item,faq_official_item_score_map,1419,1355,0.9548978153629316,50,True,distinct_fit_participants_with_original_feature_observed_before_imputation_and_encoding
snapshot_matched_last,current_visit,,FAQ,FAQREM,FAQ__FAQREM,categorical,categorical_one_hot,officially_scored_functional_item,faq_official_item_score_map,1419,1352,0.952783650458069,50,True,distinct_fit_participants_with_original_feature_observed_before_imputation_and_encoding
snapshot_matched_last,current_visit,,FAQ,FAQSHOP,FAQ__FAQSHOP,categorical,categorical_one_hot,officially_scored_functional_item,faq_official_item_score_map,1419,1355,0.9548978153629316,50,True,distinct_fit_participants_with_original_feature_observed_before_imputation_and_encoding
snapshot_matched_last,current_visit,,FAQ,FAQTOTAL,FAQ__FAQTOTAL,numeric,numeric_standardized,official_summary_score,numeric_identity,1419,1350,0.9513742071881607,50,True,distinct_fit_participants_with_original_feature_observed_before_imputation_and_encoding
snapshot_matched_last,current_visit,,FAQ,FAQTRAVL,FAQ__FAQTRAVL,categorical,categorical_one_hot,officially_scored_functional_item,faq_official_item_score_map,1419,1352,0.952783650458069,50,True,distinct_fit_participants_with_original_feature_observed_before_imputation_and_encoding
snapshot_matched_last,current_visit,,FAQ,FAQTV,FAQ__FAQTV,categorical,categorical_one_hot,officially_scored_functional_item,faq_official_item_score_map,1419,1354,0.9541930937279774,50,True,distinct_fit_participants_with_original_feature_observed_before_imputation_and_encoding
snapshot_matched_last,current_visit,,MMSE,MMAREA,MMSE__MMAREA,binary,binary_identity,cognitive_item_or_measure,identity,1419,1366,0.9626497533474278,50,True,distinct_fit_participants_with_original_feature_observed_before_imputation_and_encoding
snapshot_matched_last,current_visit,,MMSE,MMCITY,MMSE__MMCITY,binary,binary_identity,cognitive_item_or_measure,identity,1419,1366,0.9626497533474278,50,True,distinct_fit_participants_with_original_feature_observed_before_imputation_and_encoding
snapshot_matched_last,current_visit,,MMSE,MMDATE,MMSE__MMDATE,binary,binary_identity,cognitive_item_or_measure,identity,1419,1366,0.9626497533474278,50,True,distinct_fit_participants_with_original_feature_observed_before_imputation_and_encoding
snapshot_matched_last,current_visit,,MMSE,MMDAY,MMSE__MMDAY,binary,binary_identity,cognitive_item_or_measure,identity,1419,1366,0.9626497533474278,50,True,distinct_fit_participants_with_original_feature_observed_before_imputation_and_encoding
snapshot_matched_last,current_visit,,MMSE,MMDRAW,MMSE__MMDRAW,binary,binary_identity,cognitive_item_or_measure,identity,1419,1366,0.9626497533474278,50,True,distinct_fit_participants_with_original_feature_observed_before_imputation_and_encoding
snapshot_matched_last,current_visit,,MMSE,MMFLOOR,MMSE__MMFLOOR,binary,binary_identity,cognitive_item_or_measure,identity,1419,1365,0.9619450317124736,50,True,distinct_fit_participants_with_original_feature_observed_before_imputation_and_encoding
snapshot_matched_last,current_visit,,MMSE,MMFOLD,MMSE__MMFOLD,binary,binary_identity,cognitive_item_or_measure,identity,1419,1366,0.9626497533474278,50,True,distinct_fit_participants_with_original_feature_observed_before_imputation_and_encoding
snapshot_matched_last,current_visit,,MMSE,MMHAND,MMSE__MMHAND,binary,binary_identity,cognitive_item_or_measure,identity,1419,1366,0.9626497533474278,50,True,distinct_fit_participants_with_original_feature_observed_before_imputation_and_encoding
snapshot_matched_last,current_visit,,MMSE,MMHOSPIT,MMSE__MMHOSPIT,binary,binary_identity,cognitive_item_or_measure,identity,1419,1366,0.9626497533474278,50,True,distinct_fit_participants_with_original_feature_observed_before_imputation_and_encoding
snapshot_matched_last,current_visit,,MMSE,MMMONTH,MMSE__MMMONTH,binary,binary_identity,cognitive_item_or_measure,identity,1419,1366,0.9626497533474278,50,True,distinct_fit_participants_with_original_feature_observed_before_imputation_and_encoding
snapshot_matched_last,current_visit,,MMSE,MMONFLR,MMSE__MMONFLR,binary,binary_identity,cognitive_item_or_measure,identity,1419,1365,0.9619450317124736,50,True,distinct_fit_participants_with_original_feature_observed_before_imputation_and_encoding
snapshot_matched_last,current_visit,,MMSE,MMPENCIL,MMSE__MMPENCIL,binary,binary_identity,cognitive_item_or_measure,identity,1419,1366,0.9626497533474278,50,True,distinct_fit_participants_with_original_feature_observed_before_imputation_and_encoding
snapshot_matched_last,current_visit,,MMSE,MMREAD,MMSE__MMREAD,binary,binary_identity,cognitive_item_or_measure,identity,1419,1366,0.9626497533474278,50,True,distinct_fit_participants_with_original_feature_observed_before_imputation_and_encoding
snapshot_matched_last,current_visit,,MMSE,MMREPEAT,MMSE__MMREPEAT,binary,binary_identity,cognitive_item_or_measure,identity,1419,1366,0.9626497533474278,50,True,distinct_fit_participants_with_original_feature_observed_before_imputation_and_encoding
snapshot_matched_last,current_visit,,MMSE,MMSCORE,MMSE__MMSCORE,numeric,numeric_standardized,official_summary_score,numeric_identity,1419,1364,0.9612403100775194,50,True,distinct_fit_participants_with_original_feature_observed_before_imputation_and_encoding
snapshot_matched_last,current_visit,,MMSE,MMSEASON,MMSE__MMSEASON,binary,binary_identity,cognitive_item_or_measure,identity,1419,1366,0.9626497533474278,50,True,distinct_fit_participants_with_original_feature_observed_before_imputation_and_encoding
snapshot_matched_last,current_visit,,MMSE,MMSTATE,MMSE__MMSTATE,binary,binary_identity,cognitive_item_or_measure,identity,1419,1366,0.9626497533474278,50,True,distinct_fit_participants_with_original_feature_observed_before_imputation_and_encoding
snapshot_matched_last,current_visit,,MMSE,MMTRIALS,MMSE__MMTRIALS,numeric,numeric_standardized,cognitive_item_or_measure,identity,1419,795,0.5602536997885835,50,True,distinct_fit_participants_with_original_feature_observed_before_imputation_and_encoding
snapshot_matched_last,current_visit,,MMSE,MMWATCH,MMSE__MMWATCH,binary,binary_identity,cognitive_item_or_measure,identity,1419,1366,0.9626497533474278,50,True,distinct_fit_participants_with_original_feature_observed_before_imputation_and_encoding
snapshot_matched_last,current_visit,,MMSE,MMWRITE,MMSE__MMWRITE,binary,binary_identity,cognitive_item_or_measure,identity,1419,1366,0.9626497533474278,50,True,distinct_fit_participants_with_original_feature_observed_before_imputation_and_encoding
snapshot_matched_last,current_visit,,MMSE,MMYEAR,MMSE__MMYEAR,binary,binary_identity,cognitive_item_or_measure,identity,1419,1366,0.9626497533474278,50,True,distinct_fit_participants_with_original_feature_observed_before_imputation_and_encoding
snapshot_matched_last,current_visit,,MMSE,MM_WORLD_SCORE,MMSE__MM_WORLD_SCORE,numeric,numeric_standardized,harmonized_world_backwards_score,numeric_identity,1419,1364,0.9612403100775194,50,True,distinct_fit_participants_with_original_feature_observed_before_imputation_and_encoding
snapshot_matched_last,current_visit,,MMSE,WORD1,MMSE__WORD1,binary,binary_identity,cognitive_item_or_measure,binary_zero_one_identity,1419,1366,0.9626497533474278,50,True,distinct_fit_participants_with_original_feature_observed_before_imputation_and_encoding
snapshot_matched_last,current_visit,,MMSE,WORD1DL,MMSE__WORD1DL,binary,binary_identity,cognitive_item_or_measure,binary_zero_one_identity,1419,1366,0.9626497533474278,50,True,distinct_fit_participants_with_original_feature_observed_before_imputation_and_encoding
snapshot_matched_last,current_visit,,MMSE,WORD2,MMSE__WORD2,binary,binary_identity,cognitive_item_or_measure,binary_zero_one_identity,1419,1366,0.9626497533474278,50,True,distinct_fit_participants_with_original_feature_observed_before_imputation_and_encoding
snapshot_matched_last,current_visit,,MMSE,WORD2DL,MMSE__WORD2DL,binary,binary_identity,cognitive_item_or_measure,binary_zero_one_identity,1419,1366,0.9626497533474278,50,True,distinct_fit_participants_with_original_feature_observed_before_imputation_and_encoding
snapshot_matched_last,current_visit,,MMSE,WORD3,MMSE__WORD3,binary,binary_identity,cognitive_item_or_measure,binary_zero_one_identity,1419,1366,0.9626497533474278,50,True,distinct_fit_participants_with_original_feature_observed_before_imputation_and_encoding
snapshot_matched_last,current_visit,,MMSE,WORD3DL,MMSE__WORD3DL,binary,binary_identity,cognitive_item_or_measure,binary_zero_one_identity,1419,1366,0.9626497533474278,50,True,distinct_fit_participants_with_original_feature_observed_before_imputation_and_encoding
snapshot_matched_last,current_visit,,MOCA,ABSMEAS,MOCA__ABSMEAS,binary,binary_identity,cognitive_item_or_measure,identity,1419,1009,0.7110641296687809,50,True,distinct_fit_participants_with_original_feature_observed_before_imputation_and_encoding
snapshot_matched_last,current_visit,,MOCA,ABSTRAN,MOCA__ABSTRAN,binary,binary_identity,cognitive_item_or_measure,identity,1419,1009,0.7110641296687809,50,True,distinct_fit_participants_with_original_feature_observed_before_imputation_and_encoding
snapshot_matched_last,current_visit,,MOCA,CAMEL,MOCA__CAMEL,binary,binary_identity,cognitive_item_or_measure,identity,1419,1012,0.7131782945736435,50,True,distinct_fit_participants_with_original_feature_observed_before_imputation_and_encoding
snapshot_matched_last,current_visit,,MOCA,CITY,MOCA__CITY,binary,binary_identity,cognitive_item_or_measure,identity,1419,1005,0.7082452431289641,50,True,distinct_fit_participants_with_original_feature_observed_before_imputation_and_encoding
snapshot_matched_last,current_visit,,MOCA,CLOCKCON,MOCA__CLOCKCON,binary,binary_identity,cognitive_item_or_measure,identity,1419,1010,0.711768851303735,50,True,distinct_fit_participants_with_original_feature_observed_before_imputation_and_encoding
snapshot_matched_last,current_visit,,MOCA,CLOCKHAN,MOCA__CLOCKHAN,binary,binary_identity,cognitive_item_or_measure,identity,1419,1010,0.711768851303735,50,True,distinct_fit_participants_with_original_feature_observed_before_imputation_and_encoding
snapshot_matched_last,current_visit,,MOCA,CLOCKNO,MOCA__CLOCKNO,binary,binary_identity,cognitive_item_or_measure,identity,1419,1010,0.711768851303735,50,True,distinct_fit_participants_with_original_feature_observed_before_imputation_and_encoding
snapshot_matched_last,current_visit,,MOCA,CUBE,MOCA__CUBE,binary,binary_identity,cognitive_item_or_measure,identity,1419,1012,0.7131782945736435,50,True,distinct_fit_participants_with_original_feature_observed_before_imputation_and_encoding
snapshot_matched_last,current_visit,,MOCA,DATE,MOCA__DATE,binary,binary_identity,cognitive_item_or_measure,identity,1419,1005,0.7082452431289641,50,True,distinct_fit_participants_with_original_feature_observed_before_imputation_and_encoding
snapshot_matched_last,current_visit,,MOCA,DAY,MOCA__DAY,binary,binary_identity,cognitive_item_or_measure,identity,1419,1005,0.7082452431289641,50,True,distinct_fit_participants_with_original_feature_observed_before_imputation_and_encoding
snapshot_matched_last,current_visit,,MOCA,DELW1,MOCA__DELW1,categorical,categorical_one_hot,delayed_recall_response_or_cue_mode,categorical_identity,1419,1004,0.7075405214940098,50,True,distinct_fit_participants_with_original_feature_observed_before_imputation_and_encoding
snapshot_matched_last,current_visit,,MOCA,DELW2,MOCA__DELW2,categorical,categorical_one_hot,delayed_recall_response_or_cue_mode,categorical_identity,1419,1006,0.7089499647639183,50,True,distinct_fit_participants_with_original_feature_observed_before_imputation_and_encoding
snapshot_matched_last,current_visit,,MOCA,DELW3,MOCA__DELW3,categorical,categorical_one_hot,delayed_recall_response_or_cue_mode,categorical_identity,1419,1006,0.7089499647639183,50,True,distinct_fit_participants_with_original_feature_observed_before_imputation_and_encoding
snapshot_matched_last,current_visit,,MOCA,DELW4,MOCA__DELW4,categorical,categorical_one_hot,delayed_recall_response_or_cue_mode,categorical_identity,1419,1003,0.7068357998590556,50,True,distinct_fit_participants_with_original_feature_observed_before_imputation_and_encoding
snapshot_matched_last,current_visit,,MOCA,DELW5,MOCA__DELW5,categorical,categorical_one_hot,delayed_recall_response_or_cue_mode,categorical_identity,1419,1003,0.7068357998590556,50,True,distinct_fit_participants_with_original_feature_observed_before_imputation_and_encoding
snapshot_matched_last,current_visit,,MOCA,DIGBACK,MOCA__DIGBACK,binary,binary_identity,cognitive_item_or_measure,identity,1419,1012,0.7131782945736435,50,True,distinct_fit_participants_with_original_feature_observed_before_imputation_and_encoding
snapshot_matched_last,current_visit,,MOCA,DIGFOR,MOCA__DIGFOR,binary,binary_identity,cognitive_item_or_measure,identity,1419,1012,0.7131782945736435,50,True,distinct_fit_participants_with_original_feature_observed_before_imputation_and_encoding
snapshot_matched_last,current_visit,,MOCA,FFLUENCY,MOCA__FFLUENCY,numeric,numeric_standardized,cognitive_item_or_measure,numeric_identity,1419,1009,0.7110641296687809,50,True,distinct_fit_participants_with_original_feature_observed_before_imputation_and_encoding
snapshot_matched_last,current_visit,,MOCA,IMMT1W1,MOCA__IMMT1W1,binary,binary_identity,cognitive_item_or_measure,identity,1419,1008,0.7103594080338267,50,True,distinct_fit_participants_with_original_feature_observed_before_imputation_and_encoding
snapshot_matched_last,current_visit,,MOCA,IMMT1W2,MOCA__IMMT1W2,binary,binary_identity,cognitive_item_or_measure,identity,1419,1007,0.7096546863988724,50,True,distinct_fit_participants_with_original_feature_observed_before_imputation_and_encoding
snapshot_matched_last,current_visit,,MOCA,IMMT1W3,MOCA__IMMT1W3,binary,binary_identity,cognitive_item_or_measure,identity,1419,1007,0.7096546863988724,50,True,distinct_fit_participants_with_original_feature_observed_before_imputation_and_encoding
snapshot_matched_last,current_visit,,MOCA,IMMT1W4,MOCA__IMMT1W4,binary,binary_identity,cognitive_item_or_measure,identity,1419,1005,0.7082452431289641,50,True,distinct_fit_participants_with_original_feature_observed_before_imputation_and_encoding
snapshot_matched_last,current_visit,,MOCA,IMMT1W5,MOCA__IMMT1W5,binary,binary_identity,cognitive_item_or_measure,identity,1419,1010,0.711768851303735,50,True,distinct_fit_participants_with_original_feature_observed_before_imputation_and_encoding
snapshot_matched_last,current_visit,,MOCA,IMMT2W1,MOCA__IMMT2W1,binary,binary_identity,cognitive_item_or_measure,identity,1419,1006,0.7089499647639183,50,True,distinct_fit_participants_with_original_feature_observed_before_imputation_and_encoding
snapshot_matched_last,current_visit,,MOCA,IMMT2W2,MOCA__IMMT2W2,binary,binary_identity,cognitive_item_or_measure,identity,1419,1007,0.7096546863988724,50,True,distinct_fit_participants_with_original_feature_observed_before_imputation_and_encoding
snapshot_matched_last,current_visit,,MOCA,IMMT2W3,MOCA__IMMT2W3,binary,binary_identity,cognitive_item_or_measure,identity,1419,1007,0.7096546863988724,50,True,distinct_fit_participants_with_original_feature_observed_before_imputation_and_encoding
snapshot_matched_last,current_visit,,MOCA,IMMT2W4,MOCA__IMMT2W4,binary,binary_identity,cognitive_item_or_measure,identity,1419,1006,0.7089499647639183,50,True,distinct_fit_participants_with_original_feature_observed_before_imputation_and_encoding
snapshot_matched_last,current_visit,,MOCA,IMMT2W5,MOCA__IMMT2W5,binary,binary_identity,cognitive_item_or_measure,identity,1419,1010,0.711768851303735,50,True,distinct_fit_participants_with_original_feature_observed_before_imputation_and_encoding
snapshot_matched_last,current_visit,,MOCA,LETTERS,MOCA__LETTERS,numeric,numeric_standardized,cognitive_item_or_measure,numeric_identity,1419,1007,0.7096546863988724,50,True,distinct_fit_participants_with_original_feature_observed_before_imputation_and_encoding
snapshot_matched_last,current_visit,,MOCA,LION,MOCA__LION,binary,binary_identity,cognitive_item_or_measure,identity,1419,1012,0.7131782945736435,50,True,distinct_fit_participants_with_original_feature_observed_before_imputation_and_encoding
snapshot_matched_last,current_visit,,MOCA,MOCA,MOCA__MOCA,numeric,numeric_standardized,official_summary_score,numeric_identity,1419,556,0.3918252290345314,50,True,distinct_fit_participants_with_original_feature_observed_before_imputation_and_encoding
snapshot_matched_last,current_visit,,MOCA,MONTH,MOCA__MONTH,binary,binary_identity,cognitive_item_or_measure,identity,1419,1005,0.7082452431289641,50,True,distinct_fit_participants_with_original_feature_observed_before_imputation_and_encoding
snapshot_matched_last,current_visit,,MOCA,PLACE,MOCA__PLACE,binary,binary_identity,cognitive_item_or_measure,identity,1419,1004,0.7075405214940098,50,True,distinct_fit_participants_with_original_feature_observed_before_imputation_and_encoding
snapshot_matched_last,current_visit,,MOCA,REPEAT1,MOCA__REPEAT1,binary,binary_identity,cognitive_item_or_measure,identity,1419,1011,0.7124735729386892,50,True,distinct_fit_participants_with_original_feature_observed_before_imputation_and_encoding
snapshot_matched_last,current_visit,,MOCA,REPEAT2,MOCA__REPEAT2,binary,binary_identity,cognitive_item_or_measure,identity,1419,1011,0.7124735729386892,50,True,distinct_fit_participants_with_original_feature_observed_before_imputation_and_encoding
snapshot_matched_last,current_visit,,MOCA,RHINO,MOCA__RHINO,binary,binary_identity,cognitive_item_or_measure,identity,1419,1012,0.7131782945736435,50,True,distinct_fit_participants_with_original_feature_observed_before_imputation_and_encoding
snapshot_matched_last,current_visit,,MOCA,SERIAL1,MOCA__SERIAL1,binary,binary_identity,cognitive_item_or_measure,identity,1419,1009,0.7110641296687809,50,True,distinct_fit_participants_with_original_feature_observed_before_imputation_and_encoding
snapshot_matched_last,current_visit,,MOCA,SERIAL2,MOCA__SERIAL2,binary,binary_identity,cognitive_item_or_measure,identity,1419,1006,0.7089499647639183,50,True,distinct_fit_participants_with_original_feature_observed_before_imputation_and_encoding
snapshot_matched_last,current_visit,,MOCA,SERIAL3,MOCA__SERIAL3,binary,binary_identity,cognitive_item_or_measure,identity,1419,1002,0.7061310782241015,50,True,distinct_fit_participants_with_original_feature_observed_before_imputation_and_encoding
snapshot_matched_last,current_visit,,MOCA,SERIAL4,MOCA__SERIAL4,binary,binary_identity,cognitive_item_or_measure,identity,1419,1002,0.7061310782241015,50,True,distinct_fit_participants_with_original_feature_observed_before_imputation_and_encoding
snapshot_matched_last,current_visit,,MOCA,SERIAL5,MOCA__SERIAL5,binary,binary_identity,cognitive_item_or_measure,identity,1419,1002,0.7061310782241015,50,True,distinct_fit_participants_with_original_feature_observed_before_imputation_and_encoding
snapshot_matched_last,current_visit,,MOCA,TRAILS,MOCA__TRAILS,binary,binary_identity,cognitive_item_or_measure,identity,1419,1011,0.7124735729386892,50,True,distinct_fit_participants_with_original_feature_observed_before_imputation_and_encoding
snapshot_matched_last,current_visit,,MOCA,YEAR,MOCA__YEAR,binary,binary_identity,cognitive_item_or_measure,identity,1419,1006,0.7089499647639183,50,True,distinct_fit_participants_with_original_feature_observed_before_imputation_and_encoding
snapshot_matched_last,current_visit,,NEUROBAT,ANARTERR,NEUROBAT__ANARTERR,numeric,numeric_standardized,cognitive_item_or_measure,numeric_identity,1419,0,0.0,50,False,distinct_fit_participants_with_original_feature_observed_before_imputation_and_encoding
snapshot_matched_last,current_visit,,NEUROBAT,AVDEL30MIN,NEUROBAT__AVDEL30MIN,numeric,numeric_standardized,cognitive_item_or_measure,numeric_identity,1419,1335,0.9408033826638478,50,True,distinct_fit_participants_with_original_feature_observed_before_imputation_and_encoding
snapshot_matched_last,current_visit,,NEUROBAT,AVDELERR1,NEUROBAT__AVDELERR1,numeric,numeric_standardized,cognitive_item_or_measure,identity,1419,1335,0.9408033826638478,50,True,distinct_fit_participants_with_original_feature_observed_before_imputation_and_encoding
snapshot_matched_last,current_visit,,NEUROBAT,AVDELERR2,NEUROBAT__AVDELERR2,numeric,numeric_standardized,cognitive_item_or_measure,identity,1419,1331,0.937984496124031,50,True,distinct_fit_participants_with_original_feature_observed_before_imputation_and_encoding
snapshot_matched_last,current_visit,,NEUROBAT,AVDELTOT,NEUROBAT__AVDELTOT,numeric,numeric_standardized,cognitive_item_or_measure,numeric_identity,1419,1331,0.937984496124031,50,True,distinct_fit_participants_with_original_feature_observed_before_imputation_and_encoding
snapshot_matched_last,current_visit,,NEUROBAT,AVERR1,NEUROBAT__AVERR1,numeric,numeric_standardized,cognitive_item_or_measure,identity,1419,1346,0.9485553206483439,50,True,distinct_fit_participants_with_original_feature_observed_before_imputation_and_encoding
snapshot_matched_last,current_visit,,NEUROBAT,AVERR2,NEUROBAT__AVERR2,numeric,numeric_standardized,cognitive_item_or_measure,identity,1419,1343,0.9464411557434813,50,True,distinct_fit_participants_with_original_feature_observed_before_imputation_and_encoding
snapshot_matched_last,current_visit,,NEUROBAT,AVERR3,NEUROBAT__AVERR3,numeric,numeric_standardized,cognitive_item_or_measure,identity,1419,1342,0.9457364341085271,50,True,distinct_fit_participants_with_original_feature_observed_before_imputation_and_encoding
snapshot_matched_last,current_visit,,NEUROBAT,AVERR4,NEUROBAT__AVERR4,numeric,numeric_standardized,cognitive_item_or_measure,identity,1419,1337,0.9422128259337562,50,True,distinct_fit_participants_with_original_feature_observed_before_imputation_and_encoding
snapshot_matched_last,current_visit,,NEUROBAT,AVERR5,NEUROBAT__AVERR5,numeric,numeric_standardized,cognitive_item_or_measure,identity,1419,1337,0.9422128259337562,50,True,distinct_fit_participants_with_original_feature_observed_before_imputation_and_encoding
snapshot_matched_last,current_visit,,NEUROBAT,AVERR6,NEUROBAT__AVERR6,numeric,numeric_standardized,cognitive_item_or_measure,identity,1419,1332,0.9386892177589852,50,True,distinct_fit_participants_with_original_feature_observed_before_imputation_and_encoding
snapshot_matched_last,current_visit,,NEUROBAT,AVERRB,NEUROBAT__AVERRB,numeric,numeric_standardized,cognitive_item_or_measure,identity,1419,1337,0.9422128259337562,50,True,distinct_fit_participants_with_original_feature_observed_before_imputation_and_encoding
snapshot_matched_last,current_visit,,NEUROBAT,AVTOT1,NEUROBAT__AVTOT1,numeric,numeric_standardized,cognitive_item_or_measure,numeric_identity,1419,1346,0.9485553206483439,50,True,distinct_fit_participants_with_original_feature_observed_before_imputation_and_encoding
snapshot_matched_last,current_visit,,NEUROBAT,AVTOT2,NEUROBAT__AVTOT2,numeric,numeric_standardized,cognitive_item_or_measure,numeric_identity,1419,1344,0.9471458773784355,50,True,distinct_fit_participants_with_original_feature_observed_before_imputation_and_encoding
snapshot_matched_last,current_visit,,NEUROBAT,AVTOT3,NEUROBAT__AVTOT3,numeric,numeric_standardized,cognitive_item_or_measure,numeric_identity,1419,1343,0.9464411557434813,50,True,distinct_fit_participants_with_original_feature_observed_before_imputation_and_encoding
snapshot_matched_last,current_visit,,NEUROBAT,AVTOT4,NEUROBAT__AVTOT4,numeric,numeric_standardized,cognitive_item_or_measure,numeric_identity,1419,1339,0.9436222692036645,50,True,distinct_fit_participants_with_original_feature_observed_before_imputation_and_encoding
snapshot_matched_last,current_visit,,NEUROBAT,AVTOT5,NEUROBAT__AVTOT5,numeric,numeric_standardized,cognitive_item_or_measure,numeric_identity,1419,1339,0.9436222692036645,50,True,distinct_fit_participants_with_original_feature_observed_before_imputation_and_encoding
snapshot_matched_last,current_visit,,NEUROBAT,AVTOT6,NEUROBAT__AVTOT6,numeric,numeric_standardized,cognitive_item_or_measure,numeric_identity,1419,1334,0.9400986610288936,50,True,distinct_fit_participants_with_original_feature_observed_before_imputation_and_encoding
snapshot_matched_last,current_visit,,NEUROBAT,AVTOTB,NEUROBAT__AVTOTB,numeric,numeric_standardized,cognitive_item_or_measure,numeric_identity,1419,1338,0.9429175475687104,50,True,distinct_fit_participants_with_original_feature_observed_before_imputation_and_encoding
snapshot_matched_last,current_visit,,NEUROBAT,BNTCPHON,NEUROBAT__BNTCPHON,numeric,numeric_standardized,cognitive_item_or_measure,identity,1419,780,0.5496828752642706,50,True,distinct_fit_participants_with_original_feature_observed_before_imputation_and_encoding
snapshot_matched_last,current_visit,,NEUROBAT,BNTCSTIM,NEUROBAT__BNTCSTIM,numeric,numeric_standardized,cognitive_item_or_measure,identity,1419,780,0.5496828752642706,50,True,distinct_fit_participants_with_original_feature_observed_before_imputation_and_encoding
snapshot_matched_last,current_visit,,NEUROBAT,BNTPHON,NEUROBAT__BNTPHON,numeric,numeric_standardized,cognitive_item_or_measure,identity,1419,780,0.5496828752642706,50,True,distinct_fit_participants_with_original_feature_observed_before_imputation_and_encoding
snapshot_matched_last,current_visit,,NEUROBAT,BNTSPONT,NEUROBAT__BNTSPONT,numeric,numeric_standardized,cognitive_item_or_measure,identity,1419,780,0.5496828752642706,50,True,distinct_fit_participants_with_original_feature_observed_before_imputation_and_encoding
snapshot_matched_last,current_visit,,NEUROBAT,BNTSTIM,NEUROBAT__BNTSTIM,numeric,numeric_standardized,cognitive_item_or_measure,identity,1419,780,0.5496828752642706,50,True,distinct_fit_participants_with_original_feature_observed_before_imputation_and_encoding
snapshot_matched_last,current_visit,,NEUROBAT,BNTTOTAL,NEUROBAT__BNTTOTAL,numeric,numeric_standardized,official_or_documented_summary_score,numeric_identity,1419,780,0.5496828752642706,50,True,distinct_fit_participants_with_original_feature_observed_before_imputation_and_encoding
snapshot_matched_last,current_visit,,NEUROBAT,CATANIMSC,NEUROBAT__CATANIMSC,numeric,numeric_standardized,cognitive_item_or_measure,numeric_identity,1419,1358,0.9570119802677942,50,True,distinct_fit_participants_with_original_feature_observed_before_imputation_and_encoding
snapshot_matched_last,current_visit,,NEUROBAT,CATANINTR,NEUROBAT__CATANINTR,numeric,numeric_standardized,cognitive_item_or_measure,numeric_identity,1419,1355,0.9548978153629316,50,True,distinct_fit_participants_with_original_feature_observed_before_imputation_and_encoding
snapshot_matched_last,current_visit,,NEUROBAT,CATANPERS,NEUROBAT__CATANPERS,numeric,numeric_standardized,cognitive_item_or_measure,numeric_identity,1419,1355,0.9548978153629316,50,True,distinct_fit_participants_with_original_feature_observed_before_imputation_and_encoding
snapshot_matched_last,current_visit,,NEUROBAT,CATVEGESC,NEUROBAT__CATVEGESC,numeric,numeric_standardized,cognitive_item_or_measure,identity,1419,348,0.2452431289640592,50,True,distinct_fit_participants_with_original_feature_observed_before_imputation_and_encoding
snapshot_matched_last,current_visit,,NEUROBAT,CATVGINTR,NEUROBAT__CATVGINTR,numeric,numeric_standardized,cognitive_item_or_measure,identity,1419,348,0.2452431289640592,50,True,distinct_fit_participants_with_original_feature_observed_before_imputation_and_encoding
snapshot_matched_last,current_visit,,NEUROBAT,CATVGPERS,NEUROBAT__CATVGPERS,numeric,numeric_standardized,cognitive_item_or_measure,identity,1419,348,0.2452431289640592,50,True,distinct_fit_participants_with_original_feature_observed_before_imputation_and_encoding
snapshot_matched_last,current_visit,,NEUROBAT,CLOCKCIRC,NEUROBAT__CLOCKCIRC,binary,binary_identity,cognitive_item_or_measure,identity,1419,1351,0.9520789288231148,50,True,distinct_fit_participants_with_original_feature_observed_before_imputation_and_encoding
snapshot_matched_last,current_visit,,NEUROBAT,CLOCKHAND,NEUROBAT__CLOCKHAND,binary,binary_identity,cognitive_item_or_measure,identity,1419,1351,0.9520789288231148,50,True,distinct_fit_participants_with_original_feature_observed_before_imputation_and_encoding
snapshot_matched_last,current_visit,,NEUROBAT,CLOCKNUM,NEUROBAT__CLOCKNUM,binary,binary_identity,cognitive_item_or_measure,identity,1419,1351,0.9520789288231148,50,True,distinct_fit_participants_with_original_feature_observed_before_imputation_and_encoding
snapshot_matched_last,current_visit,,NEUROBAT,CLOCKSCOR,NEUROBAT__CLOCKSCOR,numeric,numeric_standardized,official_or_documented_summary_score,numeric_identity,1419,1352,0.952783650458069,50,True,distinct_fit_participants_with_original_feature_observed_before_imputation_and_encoding
snapshot_matched_last,current_visit,,NEUROBAT,CLOCKSYM,NEUROBAT__CLOCKSYM,binary,binary_identity,cognitive_item_or_measure,identity,1419,1351,0.9520789288231148,50,True,distinct_fit_participants_with_original_feature_observed_before_imputation_and_encoding
snapshot_matched_last,current_visit,,NEUROBAT,CLOCKTIME,NEUROBAT__CLOCKTIME,binary,binary_identity,cognitive_item_or_measure,identity,1419,1351,0.9520789288231148,50,True,distinct_fit_participants_with_original_feature_observed_before_imputation_and_encoding
snapshot_matched_last,current_visit,,NEUROBAT,COPYCIRC,NEUROBAT__COPYCIRC,binary,binary_identity,copy_component_correctness,binary_zero_one_identity,1419,1352,0.952783650458069,50,True,distinct_fit_participants_with_original_feature_observed_before_imputation_and_encoding
snapshot_matched_last,current_visit,,NEUROBAT,COPYHAND,NEUROBAT__COPYHAND,binary,binary_identity,copy_component_correctness,binary_zero_one_identity,1419,1352,0.952783650458069,50,True,distinct_fit_participants_with_original_feature_observed_before_imputation_and_encoding
snapshot_matched_last,current_visit,,NEUROBAT,COPYNUM,NEUROBAT__COPYNUM,binary,binary_identity,copy_component_correctness,binary_zero_one_identity,1419,1352,0.952783650458069,50,True,distinct_fit_participants_with_original_feature_observed_before_imputation_and_encoding
snapshot_matched_last,current_visit,,NEUROBAT,COPYSCOR,NEUROBAT__COPYSCOR,numeric,numeric_standardized,official_or_documented_summary_score,numeric_identity,1419,1353,0.9534883720930233,50,True,distinct_fit_participants_with_original_feature_observed_before_imputation_and_encoding
snapshot_matched_last,current_visit,,NEUROBAT,COPYSYM,NEUROBAT__COPYSYM,binary,binary_identity,copy_component_correctness,binary_zero_one_identity,1419,1352,0.952783650458069,50,True,distinct_fit_participants_with_original_feature_observed_before_imputation_and_encoding
snapshot_matched_last,current_visit,,NEUROBAT,COPYTIME,NEUROBAT__COPYTIME,binary,binary_identity,copy_component_correctness,binary_zero_one_identity,1419,1352,0.952783650458069,50,True,distinct_fit_participants_with_original_feature_observed_before_imputation_and_encoding
snapshot_matched_last,current_visit,,NEUROBAT,DIGITSCOR,NEUROBAT__DIGITSCOR,numeric,numeric_standardized,cognitive_item_or_measure,identity,1419,341,0.24031007751937986,50,True,distinct_fit_participants_with_original_feature_observed_before_imputation_and_encoding
snapshot_matched_last,current_visit,,NEUROBAT,DSPANBAC,NEUROBAT__DSPANBAC,numeric,numeric_standardized,cognitive_item_or_measure,identity,1419,340,0.23960535588442566,50,True,distinct_fit_participants_with_original_feature_observed_before_imputation_and_encoding
snapshot_matched_last,current_visit,,NEUROBAT,DSPANBLTH,NEUROBAT__DSPANBLTH,numeric,numeric_standardized,cognitive_item_or_measure,identity,1419,340,0.23960535588442566,50,True,distinct_fit_participants_with_original_feature_observed_before_imputation_and_encoding
snapshot_matched_last,current_visit,,NEUROBAT,DSPANFLTH,NEUROBAT__DSPANFLTH,numeric,numeric_standardized,cognitive_item_or_measure,identity,1419,348,0.2452431289640592,50,True,distinct_fit_participants_with_original_feature_observed_before_imputation_and_encoding
snapshot_matched_last,current_visit,,NEUROBAT,DSPANFOR,NEUROBAT__DSPANFOR,numeric,numeric_standardized,cognitive_item_or_measure,identity,1419,349,0.2459478505990134,50,True,distinct_fit_participants_with_original_feature_observed_before_imputation_and_encoding
snapshot_matched_last,current_visit,,NEUROBAT,LDELCUE,NEUROBAT__LDELCUE,binary,binary_identity,cognitive_item_or_measure,identity,1419,1237,0.8717406624383368,50,True,distinct_fit_participants_with_original_feature_observed_before_imputation_and_encoding
snapshot_matched_last,current_visit,,NEUROBAT,LDELTOTAL,NEUROBAT__LDELTOTAL,numeric,numeric_standardized,cognitive_item_or_measure,numeric_identity,1419,1242,0.8752642706131079,50,True,distinct_fit_participants_with_original_feature_observed_before_imputation_and_encoding
snapshot_matched_last,current_visit,,NEUROBAT,LIMMTOTAL,NEUROBAT__LIMMTOTAL,numeric,numeric_standardized,cognitive_item_or_measure,numeric_identity,1419,1250,0.8809020436927414,50,True,distinct_fit_participants_with_original_feature_observed_before_imputation_and_encoding
snapshot_matched_last,current_visit,,NEUROBAT,MINTSEMCUE,NEUROBAT__MINTSEMCUE,numeric,numeric_standardized,cognitive_item_or_measure,identity,1419,555,0.39112050739957716,50,True,distinct_fit_participants_with_original_feature_observed_before_imputation_and_encoding
snapshot_matched_last,current_visit,,NEUROBAT,MINTTOTAL,NEUROBAT__MINTTOTAL,numeric,numeric_standardized,official_or_documented_summary_score,numeric_identity,1419,561,0.3953488372093023,50,True,distinct_fit_participants_with_original_feature_observed_before_imputation_and_encoding
snapshot_matched_last,current_visit,,NEUROBAT,MINTUNCUED,NEUROBAT__MINTUNCUED,numeric,numeric_standardized,cognitive_item_or_measure,identity,1419,561,0.3953488372093023,50,True,distinct_fit_participants_with_original_feature_observed_before_imputation_and_encoding
snapshot_matched_last,current_visit,,NEUROBAT,TRAAERRCOM,NEUROBAT__TRAAERRCOM,numeric,numeric_standardized,cognitive_item_or_measure,identity,1419,1345,0.9478505990133897,50,True,distinct_fit_participants_with_original_feature_observed_before_imputation_and_encoding
snapshot_matched_last,current_visit,,NEUROBAT,TRAAERROM,NEUROBAT__TRAAERROM,numeric,numeric_standardized,cognitive_item_or_measure,numeric_identity,1419,1346,0.9485553206483439,50,True,distinct_fit_participants_with_original_feature_observed_before_imputation_and_encoding
snapshot_matched_last,current_visit,,NEUROBAT,TRAASCOR,NEUROBAT__TRAASCOR,numeric,numeric_standardized,cognitive_item_or_measure,numeric_identity,1419,1344,0.9471458773784355,50,True,distinct_fit_participants_with_original_feature_observed_before_imputation_and_encoding
snapshot_matched_last,current_visit,,NEUROBAT,TRABERRCOM,NEUROBAT__TRABERRCOM,numeric,numeric_standardized,cognitive_item_or_measure,identity,1419,1284,0.904862579281184,50,True,distinct_fit_participants_with_original_feature_observed_before_imputation_and_encoding
snapshot_matched_last,current_visit,,NEUROBAT,TRABERROM,NEUROBAT__TRABERROM,numeric,numeric_standardized,cognitive_item_or_measure,numeric_identity,1419,1284,0.904862579281184,50,True,distinct_fit_participants_with_original_feature_observed_before_imputation_and_encoding
snapshot_matched_last,current_visit,,NEUROBAT,TRABSCOR,NEUROBAT__TRABSCOR,numeric,numeric_standardized,cognitive_item_or_measure,numeric_identity,1419,1288,0.9076814658210007,50,True,distinct_fit_participants_with_original_feature_observed_before_imputation_and_encoding
snapshot_matched_last,participant_static,,APOERES,GENOTYPE,APOERES__GENOTYPE,categorical,categorical_one_hot,apoe_genotype_category,categorical_identity,1419,1415,0.9971811134601832,50,True,distinct_fit_participants_with_original_feature_observed_before_imputation_and_encoding
snapshot_matched_last,participant_static,,PTDEMOG,PTEDUCAT,PTDEMOG__PTEDUCAT,numeric,numeric_standardized,cross_phase_common_core_demographic,numeric_identity,1419,1419,1.0,50,True,distinct_fit_participants_with_original_feature_observed_before_imputation_and_encoding
snapshot_matched_last,participant_static,,PTDEMOG,PTETHCAT,PTDEMOG__PTETHCAT,categorical,categorical_one_hot,cross_phase_common_core_demographic,categorical_identity,1419,1419,1.0,50,True,distinct_fit_participants_with_original_feature_observed_before_imputation_and_encoding
snapshot_matched_last,participant_static,,PTDEMOG,PTGENDER,PTDEMOG__PTGENDER,categorical,categorical_one_hot,cross_phase_common_core_demographic,categorical_identity,1419,1419,1.0,50,True,distinct_fit_participants_with_original_feature_observed_before_imputation_and_encoding
snapshot_matched_last,participant_static,,PTDEMOG,PTHAND,PTDEMOG__PTHAND,categorical,categorical_one_hot,cross_phase_common_core_demographic,categorical_identity,1419,1419,1.0,50,True,distinct_fit_participants_with_original_feature_observed_before_imputation_and_encoding
snapshot_matched_last,participant_static,,PTDEMOG,PTHOME,PTDEMOG__PTHOME,categorical,categorical_one_hot,cross_phase_common_core_demographic,ptdemog_pthome_harmonization,1419,1419,1.0,50,True,distinct_fit_participants_with_original_feature_observed_before_imputation_and_encoding
snapshot_matched_last,participant_static,,PTDEMOG,PTMARRY,PTDEMOG__PTMARRY,categorical,categorical_one_hot,cross_phase_common_core_demographic,categorical_identity,1419,1418,0.9992952783650458,50,True,distinct_fit_participants_with_original_feature_observed_before_imputation_and_encoding
snapshot_matched_last,participant_static,,PTDEMOG,PTNOTRT,PTDEMOG__PTNOTRT,categorical,categorical_one_hot,cross_phase_common_core_demographic,categorical_identity,1419,1419,1.0,50,True,distinct_fit_participants_with_original_feature_observed_before_imputation_and_encoding
snapshot_matched_last,participant_static,,PTDEMOG,PTPLANG,PTDEMOG__PTPLANG,categorical,categorical_one_hot,cross_phase_common_core_demographic,categorical_identity,1419,1419,1.0,50,True,distinct_fit_participants_with_original_feature_observed_before_imputation_and_encoding
snapshot_matched_last,participant_static,,PTDEMOG,PTRACCAT,PTDEMOG__PTRACCAT,categorical,categorical_one_hot,cross_phase_common_core_demographic,categorical_identity,1419,1419,1.0,50,True,distinct_fit_participants_with_original_feature_observed_before_imputation_and_encoding
