official_schema_version,official_schema_frozen,official_freeze_stage,official_decision_id,source_name,column_name,full_column_name,grain,current_in_crosschecked_inputs,derived_later,feature_position_within_source,official_semantic_include,official_feature_type,official_encoding,official_semantic_role,official_value_transform_id,official_support_threshold_participants,official_support_unit,official_support_application,official_support_filter_removes_visits,official_support_evaluated_before_encoding,official_support_recomputed_at_final_refit,official_statistical_removal_rule,official_decision_origin,official_decision_reason,official_execution_stage,b02_snapshot_train_observed_participants_reference,b02_snapshot_train_support_reference_only,b02_suggested_type_diagnostic,legacy_feature_type_reference,legacy_encoding_reference,legacy_transform_reference
2.0.0-crosschecked-b,True,benchmark04b,af33ab072e44c35c04b442a5,ADAS,Q1TRIT,ADAS__Q1TRIT,visit,True,False,5,True,numeric,numeric_standardized,cognitive_item_or_measure,identity,50,distinct_fit_participants_with_observed_original_feature,recomputed_per_scenario_and_per_temporal_block_on_fit_data,False,True,True,remove_column_if_support_lt_50_or_all_missing_or_effectively_constant_in_fit_never_remove_visits,legacy_schema_preserved_for_unchanged_feature,unchanged_feature_preserves_legacy_frozen_semantic_decision,preserved_from_legacy_schema,1061,True,categorical_numeric_code_candidate,numeric,median_impute+missing_indicator+standardize,identity
2.0.0-crosschecked-b,True,benchmark04b,af33ab072e44c35c04b442a5,ADAS,Q1TR2T,ADAS__Q1TR2T,visit,True,False,6,True,numeric,numeric_standardized,cognitive_item_or_measure,identity,50,distinct_fit_participants_with_observed_original_feature,recomputed_per_scenario_and_per_temporal_block_on_fit_data,False,True,True,remove_column_if_support_lt_50_or_all_missing_or_effectively_constant_in_fit_never_remove_visits,legacy_schema_preserved_for_unchanged_feature,unchanged_feature_preserves_legacy_frozen_semantic_decision,preserved_from_legacy_schema,1061,True,categorical_numeric_code_candidate,numeric,median_impute+missing_indicator+standardize,identity
2.0.0-crosschecked-b,True,benchmark04b,af33ab072e44c35c04b442a5,ADAS,Q1TRT,ADAS__Q1TRT,visit,True,False,7,True,numeric,numeric_standardized,cognitive_item_or_measure,identity,50,distinct_fit_participants_with_observed_original_feature,recomputed_per_scenario_and_per_temporal_block_on_fit_data,False,True,True,remove_column_if_support_lt_50_or_all_missing_or_effectively_constant_in_fit_never_remove_visits,legacy_schema_preserved_for_unchanged_feature,unchanged_feature_preserves_legacy_frozen_semantic_decision,preserved_from_legacy_schema,1061,True,categorical_numeric_code_candidate,numeric,median_impute+missing_indicator+standardize,identity
2.0.0-crosschecked-b,True,benchmark04b,af33ab072e44c35c04b442a5,ADAS,Q1UNABLE,ADAS__Q1UNABLE,visit,True,False,8,True,categorical,categorical_one_hot,assessment_completion_state,categorical_identity,50,distinct_fit_participants_with_observed_original_feature,recomputed_per_scenario_and_per_temporal_block_on_fit_data,False,True,True,remove_column_if_support_lt_50_or_all_missing_or_effectively_constant_in_fit_never_remove_visits,A06_frozen_crosscheck_directive,implicit_and_explicit_conducted_states_harmonized,A06_then_BENCHMARK04C,1421,True,categorical_numeric_code_candidate,categorical,explicit_missing_category+one_hot_ignore_unknown,categorical_identity
2.0.0-crosschecked-b,True,benchmark04b,af33ab072e44c35c04b442a5,ADAS,Q2TASK,ADAS__Q2TASK,visit,True,False,9,True,multi_response,multi_hot,documented_task_component_set,dictionary_multi_response_tokens,50,distinct_fit_participants_with_observed_original_feature,recomputed_per_scenario_and_per_temporal_block_on_fit_data,False,True,True,remove_column_if_support_lt_50_or_all_missing_or_effectively_constant_in_fit_never_remove_visits,legacy_schema_preserved_for_unchanged_feature,unchanged_feature_preserves_legacy_frozen_semantic_decision,preserved_from_legacy_schema,1419,True,multi_response_candidate,multi_response,dictionary_code_tokens+multi_hot+missing_indicator,dictionary_multi_response_tokens
2.0.0-crosschecked-b,True,benchmark04b,af33ab072e44c35c04b442a5,ADAS,Q2UNABLE,ADAS__Q2UNABLE,visit,True,False,10,True,categorical,categorical_one_hot,assessment_completion_state,categorical_identity,50,distinct_fit_participants_with_observed_original_feature,recomputed_per_scenario_and_per_temporal_block_on_fit_data,False,True,True,remove_column_if_support_lt_50_or_all_missing_or_effectively_constant_in_fit_never_remove_visits,A06_frozen_crosscheck_directive,implicit_and_explicit_conducted_states_harmonized,A06_then_BENCHMARK04C,1421,True,categorical_numeric_code_candidate,categorical,explicit_missing_category+one_hot_ignore_unknown,categorical_identity
2.0.0-crosschecked-b,True,benchmark04b,af33ab072e44c35c04b442a5,ADAS,Q3TASK1,ADAS__Q3TASK1,visit,True,False,11,True,categorical,categorical_one_hot,constructional_praxis_response_state,categorical_identity,50,distinct_fit_participants_with_observed_original_feature,recomputed_per_scenario_and_per_temporal_block_on_fit_data,False,True,True,remove_column_if_support_lt_50_or_all_missing_or_effectively_constant_in_fit_never_remove_visits,legacy_schema_preserved_for_unchanged_feature,unchanged_feature_preserves_legacy_frozen_semantic_decision,preserved_from_legacy_schema,1416,True,categorical_numeric_code_candidate,categorical,explicit_missing_category+one_hot_ignore_unknown,categorical_identity
2.0.0-crosschecked-b,True,benchmark04b,af33ab072e44c35c04b442a5,ADAS,Q3TASK2,ADAS__Q3TASK2,visit,True,False,12,True,categorical,categorical_one_hot,constructional_praxis_response_state,categorical_identity,50,distinct_fit_participants_with_observed_original_feature,recomputed_per_scenario_and_per_temporal_block_on_fit_data,False,True,True,remove_column_if_support_lt_50_or_all_missing_or_effectively_constant_in_fit_never_remove_visits,legacy_schema_preserved_for_unchanged_feature,unchanged_feature_preserves_legacy_frozen_semantic_decision,preserved_from_legacy_schema,1407,True,categorical_numeric_code_candidate,categorical,explicit_missing_category+one_hot_ignore_unknown,categorical_identity
2.0.0-crosschecked-b,True,benchmark04b,af33ab072e44c35c04b442a5,ADAS,Q3TASK3,ADAS__Q3TASK3,visit,True,False,13,True,categorical,categorical_one_hot,constructional_praxis_response_state,categorical_identity,50,distinct_fit_participants_with_observed_original_feature,recomputed_per_scenario_and_per_temporal_block_on_fit_data,False,True,True,remove_column_if_support_lt_50_or_all_missing_or_effectively_constant_in_fit_never_remove_visits,legacy_schema_preserved_for_unchanged_feature,unchanged_feature_preserves_legacy_frozen_semantic_decision,preserved_from_legacy_schema,1408,True,categorical_numeric_code_candidate,categorical,explicit_missing_category+one_hot_ignore_unknown,categorical_identity
2.0.0-crosschecked-b,True,benchmark04b,af33ab072e44c35c04b442a5,ADAS,Q3TASK4,ADAS__Q3TASK4,visit,True,False,14,True,categorical,categorical_one_hot,constructional_praxis_response_state,categorical_identity,50,distinct_fit_participants_with_observed_original_feature,recomputed_per_scenario_and_per_temporal_block_on_fit_data,False,True,True,remove_column_if_support_lt_50_or_all_missing_or_effectively_constant_in_fit_never_remove_visits,legacy_schema_preserved_for_unchanged_feature,unchanged_feature_preserves_legacy_frozen_semantic_decision,preserved_from_legacy_schema,1269,True,categorical_numeric_code_candidate,categorical,explicit_missing_category+one_hot_ignore_unknown,categorical_identity
2.0.0-crosschecked-b,True,benchmark04b,af33ab072e44c35c04b442a5,ADAS,Q3UNABLE,ADAS__Q3UNABLE,visit,True,False,16,True,categorical,categorical_one_hot,assessment_completion_state,categorical_identity,50,distinct_fit_participants_with_observed_original_feature,recomputed_per_scenario_and_per_temporal_block_on_fit_data,False,True,True,remove_column_if_support_lt_50_or_all_missing_or_effectively_constant_in_fit_never_remove_visits,A06_frozen_crosscheck_directive,implicit_and_explicit_conducted_states_harmonized,A06_then_BENCHMARK04C,1421,True,categorical_numeric_code_candidate,categorical,explicit_missing_category+one_hot_ignore_unknown,categorical_identity
2.0.0-crosschecked-b,True,benchmark04b,af33ab072e44c35c04b442a5,ADAS,Q4UNABLE,ADAS__Q4UNABLE,visit,True,False,18,True,categorical,categorical_one_hot,assessment_completion_state,categorical_identity,50,distinct_fit_participants_with_observed_original_feature,recomputed_per_scenario_and_per_temporal_block_on_fit_data,False,True,True,remove_column_if_support_lt_50_or_all_missing_or_effectively_constant_in_fit_never_remove_visits,A06_frozen_crosscheck_directive,implicit_and_explicit_conducted_states_harmonized,A06_then_BENCHMARK04C,1421,True,categorical_numeric_code_candidate,categorical,explicit_missing_category+one_hot_ignore_unknown,categorical_identity
2.0.0-crosschecked-b,True,benchmark04b,af33ab072e44c35c04b442a5,ADAS,Q5NAME1,ADAS__Q5NAME1,visit,True,False,19,True,categorical,categorical_one_hot,item_response_and_cue_state,categorical_identity,50,distinct_fit_participants_with_observed_original_feature,recomputed_per_scenario_and_per_temporal_block_on_fit_data,False,True,True,remove_column_if_support_lt_50_or_all_missing_or_effectively_constant_in_fit_never_remove_visits,legacy_schema_preserved_for_unchanged_feature,unchanged_feature_preserves_legacy_frozen_semantic_decision,preserved_from_legacy_schema,1419,True,categorical_numeric_code_candidate,categorical,explicit_missing_category+one_hot_ignore_unknown,categorical_identity
2.0.0-crosschecked-b,True,benchmark04b,af33ab072e44c35c04b442a5,ADAS,Q5NAME2,ADAS__Q5NAME2,visit,True,False,20,True,categorical,categorical_one_hot,item_response_and_cue_state,categorical_identity,50,distinct_fit_participants_with_observed_original_feature,recomputed_per_scenario_and_per_temporal_block_on_fit_data,False,True,True,remove_column_if_support_lt_50_or_all_missing_or_effectively_constant_in_fit_never_remove_visits,legacy_schema_preserved_for_unchanged_feature,unchanged_feature_preserves_legacy_frozen_semantic_decision,preserved_from_legacy_schema,1419,True,categorical_numeric_code_candidate,categorical,explicit_missing_category+one_hot_ignore_unknown,categorical_identity
2.0.0-crosschecked-b,True,benchmark04b,af33ab072e44c35c04b442a5,ADAS,Q5NAME3,ADAS__Q5NAME3,visit,True,False,21,True,categorical,categorical_one_hot,item_response_and_cue_state,categorical_identity,50,distinct_fit_participants_with_observed_original_feature,recomputed_per_scenario_and_per_temporal_block_on_fit_data,False,True,True,remove_column_if_support_lt_50_or_all_missing_or_effectively_constant_in_fit_never_remove_visits,legacy_schema_preserved_for_unchanged_feature,unchanged_feature_preserves_legacy_frozen_semantic_decision,preserved_from_legacy_schema,1419,True,categorical_numeric_code_candidate,categorical,explicit_missing_category+one_hot_ignore_unknown,categorical_identity
2.0.0-crosschecked-b,True,benchmark04b,af33ab072e44c35c04b442a5,ADAS,Q5NAME4,ADAS__Q5NAME4,visit,True,False,22,True,categorical,categorical_one_hot,item_response_and_cue_state,categorical_identity,50,distinct_fit_participants_with_observed_original_feature,recomputed_per_scenario_and_per_temporal_block_on_fit_data,False,True,True,remove_column_if_support_lt_50_or_all_missing_or_effectively_constant_in_fit_never_remove_visits,legacy_schema_preserved_for_unchanged_feature,unchanged_feature_preserves_legacy_frozen_semantic_decision,preserved_from_legacy_schema,1419,True,categorical_numeric_code_candidate,categorical,explicit_missing_category+one_hot_ignore_unknown,categorical_identity
2.0.0-crosschecked-b,True,benchmark04b,af33ab072e44c35c04b442a5,ADAS,Q5NAME5,ADAS__Q5NAME5,visit,True,False,23,True,categorical,categorical_one_hot,item_response_and_cue_state,categorical_identity,50,distinct_fit_participants_with_observed_original_feature,recomputed_per_scenario_and_per_temporal_block_on_fit_data,False,True,True,remove_column_if_support_lt_50_or_all_missing_or_effectively_constant_in_fit_never_remove_visits,legacy_schema_preserved_for_unchanged_feature,unchanged_feature_preserves_legacy_frozen_semantic_decision,preserved_from_legacy_schema,1419,True,categorical_numeric_code_candidate,categorical,explicit_missing_category+one_hot_ignore_unknown,categorical_identity
2.0.0-crosschecked-b,True,benchmark04b,af33ab072e44c35c04b442a5,ADAS,Q5NAME6,ADAS__Q5NAME6,visit,True,False,24,True,categorical,categorical_one_hot,item_response_and_cue_state,categorical_identity,50,distinct_fit_participants_with_observed_original_feature,recomputed_per_scenario_and_per_temporal_block_on_fit_data,False,True,True,remove_column_if_support_lt_50_or_all_missing_or_effectively_constant_in_fit_never_remove_visits,legacy_schema_preserved_for_unchanged_feature,unchanged_feature_preserves_legacy_frozen_semantic_decision,preserved_from_legacy_schema,1419,True,categorical_numeric_code_candidate,categorical,explicit_missing_category+one_hot_ignore_unknown,categorical_identity
2.0.0-crosschecked-b,True,benchmark04b,af33ab072e44c35c04b442a5,ADAS,Q5NAME7,ADAS__Q5NAME7,visit,True,False,25,True,categorical,categorical_one_hot,item_response_and_cue_state,categorical_identity,50,distinct_fit_participants_with_observed_original_feature,recomputed_per_scenario_and_per_temporal_block_on_fit_data,False,True,True,remove_column_if_support_lt_50_or_all_missing_or_effectively_constant_in_fit_never_remove_visits,legacy_schema_preserved_for_unchanged_feature,unchanged_feature_preserves_legacy_frozen_semantic_decision,preserved_from_legacy_schema,1419,True,categorical_numeric_code_candidate,categorical,explicit_missing_category+one_hot_ignore_unknown,categorical_identity
2.0.0-crosschecked-b,True,benchmark04b,af33ab072e44c35c04b442a5,ADAS,Q5NAME8,ADAS__Q5NAME8,visit,True,False,26,True,categorical,categorical_one_hot,item_response_and_cue_state,categorical_identity,50,distinct_fit_participants_with_observed_original_feature,recomputed_per_scenario_and_per_temporal_block_on_fit_data,False,True,True,remove_column_if_support_lt_50_or_all_missing_or_effectively_constant_in_fit_never_remove_visits,legacy_schema_preserved_for_unchanged_feature,unchanged_feature_preserves_legacy_frozen_semantic_decision,preserved_from_legacy_schema,1419,True,categorical_numeric_code_candidate,categorical,explicit_missing_category+one_hot_ignore_unknown,categorical_identity
2.0.0-crosschecked-b,True,benchmark04b,af33ab072e44c35c04b442a5,ADAS,Q5NAME9,ADAS__Q5NAME9,visit,True,False,27,True,categorical,categorical_one_hot,item_response_and_cue_state,categorical_identity,50,distinct_fit_participants_with_observed_original_feature,recomputed_per_scenario_and_per_temporal_block_on_fit_data,False,True,True,remove_column_if_support_lt_50_or_all_missing_or_effectively_constant_in_fit_never_remove_visits,legacy_schema_preserved_for_unchanged_feature,unchanged_feature_preserves_legacy_frozen_semantic_decision,preserved_from_legacy_schema,1419,True,categorical_numeric_code_candidate,categorical,explicit_missing_category+one_hot_ignore_unknown,categorical_identity
2.0.0-crosschecked-b,True,benchmark04b,af33ab072e44c35c04b442a5,ADAS,Q5NAME10,ADAS__Q5NAME10,visit,True,False,28,True,categorical,categorical_one_hot,item_response_and_cue_state,categorical_identity,50,distinct_fit_participants_with_observed_original_feature,recomputed_per_scenario_and_per_temporal_block_on_fit_data,False,True,True,remove_column_if_support_lt_50_or_all_missing_or_effectively_constant_in_fit_never_remove_visits,legacy_schema_preserved_for_unchanged_feature,unchanged_feature_preserves_legacy_frozen_semantic_decision,preserved_from_legacy_schema,1419,True,categorical_numeric_code_candidate,categorical,explicit_missing_category+one_hot_ignore_unknown,categorical_identity
2.0.0-crosschecked-b,True,benchmark04b,af33ab072e44c35c04b442a5,ADAS,Q5NAME11,ADAS__Q5NAME11,visit,True,False,29,True,categorical,categorical_one_hot,item_response_and_cue_state,categorical_identity,50,distinct_fit_participants_with_observed_original_feature,recomputed_per_scenario_and_per_temporal_block_on_fit_data,False,True,True,remove_column_if_support_lt_50_or_all_missing_or_effectively_constant_in_fit_never_remove_visits,legacy_schema_preserved_for_unchanged_feature,unchanged_feature_preserves_legacy_frozen_semantic_decision,preserved_from_legacy_schema,1419,True,categorical_numeric_code_candidate,categorical,explicit_missing_category+one_hot_ignore_unknown,categorical_identity
2.0.0-crosschecked-b,True,benchmark04b,af33ab072e44c35c04b442a5,ADAS,Q5NAME12,ADAS__Q5NAME12,visit,True,False,30,True,categorical,categorical_one_hot,item_response_and_cue_state,categorical_identity,50,distinct_fit_participants_with_observed_original_feature,recomputed_per_scenario_and_per_temporal_block_on_fit_data,False,True,True,remove_column_if_support_lt_50_or_all_missing_or_effectively_constant_in_fit_never_remove_visits,legacy_schema_preserved_for_unchanged_feature,unchanged_feature_preserves_legacy_frozen_semantic_decision,preserved_from_legacy_schema,1419,True,categorical_numeric_code_candidate,categorical,explicit_missing_category+one_hot_ignore_unknown,categorical_identity
2.0.0-crosschecked-b,True,benchmark04b,af33ab072e44c35c04b442a5,ADAS,Q5FINGER,ADAS__Q5FINGER,visit,True,False,31,True,multi_response,multi_hot,documented_task_component_set,dictionary_multi_response_tokens,50,distinct_fit_participants_with_observed_original_feature,recomputed_per_scenario_and_per_temporal_block_on_fit_data,False,True,True,remove_column_if_support_lt_50_or_all_missing_or_effectively_constant_in_fit_never_remove_visits,legacy_schema_preserved_for_unchanged_feature,unchanged_feature_preserves_legacy_frozen_semantic_decision,preserved_from_legacy_schema,1419,True,multi_response_candidate,multi_response,dictionary_code_tokens+multi_hot+missing_indicator,dictionary_multi_response_tokens
2.0.0-crosschecked-b,True,benchmark04b,af33ab072e44c35c04b442a5,ADAS,Q5UNABLE,ADAS__Q5UNABLE,visit,True,False,32,True,categorical,categorical_one_hot,assessment_completion_state,categorical_identity,50,distinct_fit_participants_with_observed_original_feature,recomputed_per_scenario_and_per_temporal_block_on_fit_data,False,True,True,remove_column_if_support_lt_50_or_all_missing_or_effectively_constant_in_fit_never_remove_visits,A06_frozen_crosscheck_directive,implicit_and_explicit_conducted_states_harmonized,A06_then_BENCHMARK04C,1421,True,categorical_numeric_code_candidate,categorical,explicit_missing_category+one_hot_ignore_unknown,categorical_identity
2.0.0-crosschecked-b,True,benchmark04b,af33ab072e44c35c04b442a5,ADAS,Q6TASK,ADAS__Q6TASK,visit,True,False,33,True,multi_response,multi_hot,documented_task_component_set,dictionary_multi_response_tokens,50,distinct_fit_participants_with_observed_original_feature,recomputed_per_scenario_and_per_temporal_block_on_fit_data,False,True,True,remove_column_if_support_lt_50_or_all_missing_or_effectively_constant_in_fit_never_remove_visits,legacy_schema_preserved_for_unchanged_feature,unchanged_feature_preserves_legacy_frozen_semantic_decision,preserved_from_legacy_schema,1418,True,multi_response_candidate,multi_response,dictionary_code_tokens+multi_hot+missing_indicator,dictionary_multi_response_tokens
2.0.0-crosschecked-b,True,benchmark04b,af33ab072e44c35c04b442a5,ADAS,Q6UNABLE,ADAS__Q6UNABLE,visit,True,False,34,True,categorical,categorical_one_hot,assessment_completion_state,categorical_identity,50,distinct_fit_participants_with_observed_original_feature,recomputed_per_scenario_and_per_temporal_block_on_fit_data,False,True,True,remove_column_if_support_lt_50_or_all_missing_or_effectively_constant_in_fit_never_remove_visits,A06_frozen_crosscheck_directive,implicit_and_explicit_conducted_states_harmonized,A06_then_BENCHMARK04C,1421,True,categorical_numeric_code_candidate,categorical,explicit_missing_category+one_hot_ignore_unknown,categorical_identity
2.0.0-crosschecked-b,True,benchmark04b,af33ab072e44c35c04b442a5,ADAS,Q7TASK,ADAS__Q7TASK,visit,True,False,35,True,multi_response,multi_hot,documented_task_component_set,dictionary_multi_response_tokens,50,distinct_fit_participants_with_observed_original_feature,recomputed_per_scenario_and_per_temporal_block_on_fit_data,False,True,True,remove_column_if_support_lt_50_or_all_missing_or_effectively_constant_in_fit_never_remove_visits,legacy_schema_preserved_for_unchanged_feature,unchanged_feature_preserves_legacy_frozen_semantic_decision,preserved_from_legacy_schema,1417,True,multi_response_candidate,multi_response,dictionary_code_tokens+multi_hot+missing_indicator,dictionary_multi_response_tokens
2.0.0-crosschecked-b,True,benchmark04b,af33ab072e44c35c04b442a5,ADAS,Q7UNABLE,ADAS__Q7UNABLE,visit,True,False,36,True,categorical,categorical_one_hot,assessment_completion_state,categorical_identity,50,distinct_fit_participants_with_observed_original_feature,recomputed_per_scenario_and_per_temporal_block_on_fit_data,False,True,True,remove_column_if_support_lt_50_or_all_missing_or_effectively_constant_in_fit_never_remove_visits,A06_frozen_crosscheck_directive,implicit_and_explicit_conducted_states_harmonized,A06_then_BENCHMARK04C,1421,True,categorical_numeric_code_candidate,categorical,explicit_missing_category+one_hot_ignore_unknown,categorical_identity
2.0.0-crosschecked-b,True,benchmark04b,af33ab072e44c35c04b442a5,ADAS,Q8UNABLE,ADAS__Q8UNABLE,visit,True,False,37,True,categorical,categorical_one_hot,assessment_completion_state,categorical_identity,50,distinct_fit_participants_with_observed_original_feature,recomputed_per_scenario_and_per_temporal_block_on_fit_data,False,True,True,remove_column_if_support_lt_50_or_all_missing_or_effectively_constant_in_fit_never_remove_visits,A06_frozen_crosscheck_directive,implicit_and_explicit_conducted_states_harmonized,A06_then_BENCHMARK04C,1421,True,categorical_numeric_code_candidate,categorical,explicit_missing_category+one_hot_ignore_unknown,categorical_identity
2.0.0-crosschecked-b,True,benchmark04b,af33ab072e44c35c04b442a5,ADAS,Q13TASKA,ADAS__Q13TASKA,visit,True,False,38,True,numeric,numeric_standardized,cognitive_item_or_measure,numeric_identity,50,distinct_fit_participants_with_observed_original_feature,recomputed_per_scenario_and_per_temporal_block_on_fit_data,False,True,True,remove_column_if_support_lt_50_or_all_missing_or_effectively_constant_in_fit_never_remove_visits,legacy_schema_preserved_for_unchanged_feature,unchanged_feature_preserves_legacy_frozen_semantic_decision,preserved_from_legacy_schema,1414,True,numeric_candidate,numeric,median_impute+missing_indicator+standardize,numeric_identity
2.0.0-crosschecked-b,True,benchmark04b,af33ab072e44c35c04b442a5,ADAS,Q13TASKB,ADAS__Q13TASKB,visit,True,False,39,True,numeric,numeric_standardized,cognitive_item_or_measure,numeric_identity,50,distinct_fit_participants_with_observed_original_feature,recomputed_per_scenario_and_per_temporal_block_on_fit_data,False,True,True,remove_column_if_support_lt_50_or_all_missing_or_effectively_constant_in_fit_never_remove_visits,legacy_schema_preserved_for_unchanged_feature,unchanged_feature_preserves_legacy_frozen_semantic_decision,preserved_from_legacy_schema,1414,True,numeric_candidate,numeric,median_impute+missing_indicator+standardize,numeric_identity
2.0.0-crosschecked-b,True,benchmark04b,af33ab072e44c35c04b442a5,ADAS,Q13TASKC,ADAS__Q13TASKC,visit,True,False,40,True,numeric,numeric_standardized,cognitive_item_or_measure,numeric_identity,50,distinct_fit_participants_with_observed_original_feature,recomputed_per_scenario_and_per_temporal_block_on_fit_data,False,True,True,remove_column_if_support_lt_50_or_all_missing_or_effectively_constant_in_fit_never_remove_visits,legacy_schema_preserved_for_unchanged_feature,unchanged_feature_preserves_legacy_frozen_semantic_decision,preserved_from_legacy_schema,1414,True,categorical_numeric_code_candidate,numeric,median_impute+missing_indicator+standardize,numeric_identity
2.0.0-crosschecked-b,True,benchmark04b,af33ab072e44c35c04b442a5,ADAS,Q13UNABLE,ADAS__Q13UNABLE,visit,True,False,41,True,categorical,categorical_one_hot,assessment_completion_state,categorical_identity,50,distinct_fit_participants_with_observed_original_feature,recomputed_per_scenario_and_per_temporal_block_on_fit_data,False,True,True,remove_column_if_support_lt_50_or_all_missing_or_effectively_constant_in_fit_never_remove_visits,A06_frozen_crosscheck_directive,implicit_and_explicit_conducted_states_harmonized,A06_then_BENCHMARK04C,1421,True,categorical_numeric_code_candidate,categorical,explicit_missing_category+one_hot_ignore_unknown,categorical_identity
2.0.0-crosschecked-b,True,benchmark04b,af33ab072e44c35c04b442a5,ADAS,Q1SCORE,ADAS__Q1SCORE,visit,True,False,42,True,numeric,numeric_standardized,cognitive_summary_score,numeric_identity,50,distinct_fit_participants_with_observed_original_feature,recomputed_per_scenario_and_per_temporal_block_on_fit_data,False,True,True,remove_column_if_support_lt_50_or_all_missing_or_effectively_constant_in_fit_never_remove_visits,legacy_schema_preserved_for_unchanged_feature,unchanged_feature_preserves_legacy_frozen_semantic_decision,preserved_from_legacy_schema,1420,True,numeric_candidate,numeric,median_impute+missing_indicator+standardize,numeric_identity
2.0.0-crosschecked-b,True,benchmark04b,af33ab072e44c35c04b442a5,ADAS,Q2SCORE,ADAS__Q2SCORE,visit,True,False,43,True,numeric,numeric_standardized,cognitive_summary_score,numeric_identity,50,distinct_fit_participants_with_observed_original_feature,recomputed_per_scenario_and_per_temporal_block_on_fit_data,False,True,True,remove_column_if_support_lt_50_or_all_missing_or_effectively_constant_in_fit_never_remove_visits,legacy_schema_preserved_for_unchanged_feature,unchanged_feature_preserves_legacy_frozen_semantic_decision,preserved_from_legacy_schema,1420,True,categorical_numeric_code_candidate,numeric,median_impute+missing_indicator+standardize,numeric_identity
2.0.0-crosschecked-b,True,benchmark04b,af33ab072e44c35c04b442a5,ADAS,Q3SCORE,ADAS__Q3SCORE,visit,True,False,44,True,numeric,numeric_standardized,cognitive_summary_score,numeric_identity,50,distinct_fit_participants_with_observed_original_feature,recomputed_per_scenario_and_per_temporal_block_on_fit_data,False,True,True,remove_column_if_support_lt_50_or_all_missing_or_effectively_constant_in_fit_never_remove_visits,legacy_schema_preserved_for_unchanged_feature,unchanged_feature_preserves_legacy_frozen_semantic_decision,preserved_from_legacy_schema,1420,True,categorical_numeric_code_candidate,numeric,median_impute+missing_indicator+standardize,numeric_identity
2.0.0-crosschecked-b,True,benchmark04b,af33ab072e44c35c04b442a5,ADAS,Q4SCORE,ADAS__Q4SCORE,visit,True,False,45,True,numeric,numeric_standardized,cognitive_summary_score,numeric_identity,50,distinct_fit_participants_with_observed_original_feature,recomputed_per_scenario_and_per_temporal_block_on_fit_data,False,True,True,remove_column_if_support_lt_50_or_all_missing_or_effectively_constant_in_fit_never_remove_visits,legacy_schema_preserved_for_unchanged_feature,unchanged_feature_preserves_legacy_frozen_semantic_decision,preserved_from_legacy_schema,1420,True,categorical_numeric_code_candidate,numeric,median_impute+missing_indicator+standardize,numeric_identity
2.0.0-crosschecked-b,True,benchmark04b,af33ab072e44c35c04b442a5,ADAS,Q5SCORE,ADAS__Q5SCORE,visit,True,False,46,True,numeric,numeric_standardized,cognitive_summary_score,numeric_identity,50,distinct_fit_participants_with_observed_original_feature,recomputed_per_scenario_and_per_temporal_block_on_fit_data,False,True,True,remove_column_if_support_lt_50_or_all_missing_or_effectively_constant_in_fit_never_remove_visits,legacy_schema_preserved_for_unchanged_feature,unchanged_feature_preserves_legacy_frozen_semantic_decision,preserved_from_legacy_schema,1420,True,categorical_numeric_code_candidate,numeric,median_impute+missing_indicator+standardize,numeric_identity
2.0.0-crosschecked-b,True,benchmark04b,af33ab072e44c35c04b442a5,ADAS,Q5SCORE_CUE,ADAS__Q5SCORE_CUE,visit,True,False,47,True,numeric,numeric_standardized,cognitive_summary_score,numeric_identity,50,distinct_fit_participants_with_observed_original_feature,recomputed_per_scenario_and_per_temporal_block_on_fit_data,False,True,True,remove_column_if_support_lt_50_or_all_missing_or_effectively_constant_in_fit_never_remove_visits,legacy_schema_preserved_for_unchanged_feature,unchanged_feature_preserves_legacy_frozen_semantic_decision,preserved_from_legacy_schema,587,True,categorical_numeric_code_candidate,numeric,median_impute+missing_indicator+standardize,numeric_identity
2.0.0-crosschecked-b,True,benchmark04b,af33ab072e44c35c04b442a5,ADAS,Q6SCORE,ADAS__Q6SCORE,visit,True,False,48,True,numeric,numeric_standardized,cognitive_summary_score,numeric_identity,50,distinct_fit_participants_with_observed_original_feature,recomputed_per_scenario_and_per_temporal_block_on_fit_data,False,True,True,remove_column_if_support_lt_50_or_all_missing_or_effectively_constant_in_fit_never_remove_visits,legacy_schema_preserved_for_unchanged_feature,unchanged_feature_preserves_legacy_frozen_semantic_decision,preserved_from_legacy_schema,1419,True,categorical_numeric_code_candidate,numeric,median_impute+missing_indicator+standardize,numeric_identity
2.0.0-crosschecked-b,True,benchmark04b,af33ab072e44c35c04b442a5,ADAS,Q7SCORE,ADAS__Q7SCORE,visit,True,False,49,True,numeric,numeric_standardized,cognitive_summary_score,numeric_identity,50,distinct_fit_participants_with_observed_original_feature,recomputed_per_scenario_and_per_temporal_block_on_fit_data,False,True,True,remove_column_if_support_lt_50_or_all_missing_or_effectively_constant_in_fit_never_remove_visits,legacy_schema_preserved_for_unchanged_feature,unchanged_feature_preserves_legacy_frozen_semantic_decision,preserved_from_legacy_schema,1418,True,categorical_numeric_code_candidate,numeric,median_impute+missing_indicator+standardize,numeric_identity
2.0.0-crosschecked-b,True,benchmark04b,af33ab072e44c35c04b442a5,ADAS,Q8SCORE,ADAS__Q8SCORE,visit,True,False,50,True,numeric,numeric_standardized,cognitive_summary_score,numeric_identity,50,distinct_fit_participants_with_observed_original_feature,recomputed_per_scenario_and_per_temporal_block_on_fit_data,False,True,True,remove_column_if_support_lt_50_or_all_missing_or_effectively_constant_in_fit_never_remove_visits,legacy_schema_preserved_for_unchanged_feature,unchanged_feature_preserves_legacy_frozen_semantic_decision,preserved_from_legacy_schema,1417,True,categorical_numeric_code_candidate,numeric,median_impute+missing_indicator+standardize,numeric_identity
2.0.0-crosschecked-b,True,benchmark04b,af33ab072e44c35c04b442a5,ADAS,Q9SCORE,ADAS__Q9SCORE,visit,True,False,51,True,categorical,categorical_one_hot,ordinal_clinical_severity_score,categorical_identity,50,distinct_fit_participants_with_observed_original_feature,recomputed_per_scenario_and_per_temporal_block_on_fit_data,False,True,True,remove_column_if_support_lt_50_or_all_missing_or_effectively_constant_in_fit_never_remove_visits,A06_frozen_crosscheck_directive,low_cardinality_ordinal_one_hot_policy,BENCHMARK04C,1417,True,categorical_numeric_code_candidate,numeric,median_impute+missing_indicator+standardize,numeric_identity
2.0.0-crosschecked-b,True,benchmark04b,af33ab072e44c35c04b442a5,ADAS,Q10SCORE,ADAS__Q10SCORE,visit,True,False,52,True,categorical,categorical_one_hot,ordinal_clinical_severity_score,categorical_identity,50,distinct_fit_participants_with_observed_original_feature,recomputed_per_scenario_and_per_temporal_block_on_fit_data,False,True,True,remove_column_if_support_lt_50_or_all_missing_or_effectively_constant_in_fit_never_remove_visits,A06_frozen_crosscheck_directive,low_cardinality_ordinal_one_hot_policy,BENCHMARK04C,1421,True,categorical_numeric_code_candidate,numeric,median_impute+missing_indicator+standardize,numeric_identity
2.0.0-crosschecked-b,True,benchmark04b,af33ab072e44c35c04b442a5,ADAS,Q11SCORE,ADAS__Q11SCORE,visit,True,False,53,True,categorical,categorical_one_hot,ordinal_clinical_severity_score,categorical_identity,50,distinct_fit_participants_with_observed_original_feature,recomputed_per_scenario_and_per_temporal_block_on_fit_data,False,True,True,remove_column_if_support_lt_50_or_all_missing_or_effectively_constant_in_fit_never_remove_visits,A06_frozen_crosscheck_directive,low_cardinality_ordinal_one_hot_policy,BENCHMARK04C,1421,True,categorical_numeric_code_candidate,numeric,median_impute+missing_indicator+standardize,numeric_identity
2.0.0-crosschecked-b,True,benchmark04b,af33ab072e44c35c04b442a5,ADAS,Q12SCORE,ADAS__Q12SCORE,visit,True,False,54,True,categorical,categorical_one_hot,ordinal_clinical_severity_score,categorical_identity,50,distinct_fit_participants_with_observed_original_feature,recomputed_per_scenario_and_per_temporal_block_on_fit_data,False,True,True,remove_column_if_support_lt_50_or_all_missing_or_effectively_constant_in_fit_never_remove_visits,A06_frozen_crosscheck_directive,low_cardinality_ordinal_one_hot_policy,BENCHMARK04C,1421,True,categorical_numeric_code_candidate,numeric,median_impute+missing_indicator+standardize,numeric_identity
2.0.0-crosschecked-b,True,benchmark04b,af33ab072e44c35c04b442a5,ADAS,Q13SCORE,ADAS__Q13SCORE,visit,True,False,55,True,numeric,numeric_standardized,cognitive_summary_score,numeric_identity,50,distinct_fit_participants_with_observed_original_feature,recomputed_per_scenario_and_per_temporal_block_on_fit_data,False,True,True,remove_column_if_support_lt_50_or_all_missing_or_effectively_constant_in_fit_never_remove_visits,legacy_schema_preserved_for_unchanged_feature,unchanged_feature_preserves_legacy_frozen_semantic_decision,preserved_from_legacy_schema,1414,True,categorical_numeric_code_candidate,numeric,median_impute+missing_indicator+standardize,numeric_identity
2.0.0-crosschecked-b,True,benchmark04b,af33ab072e44c35c04b442a5,ADAS,TOTSCORE,ADAS__TOTSCORE,visit,True,False,56,True,numeric,numeric_standardized,cognitive_summary_score,numeric_identity,50,distinct_fit_participants_with_observed_original_feature,recomputed_per_scenario_and_per_temporal_block_on_fit_data,False,True,True,remove_column_if_support_lt_50_or_all_missing_or_effectively_constant_in_fit_never_remove_visits,legacy_schema_preserved_for_unchanged_feature,unchanged_feature_preserves_legacy_frozen_semantic_decision,preserved_from_legacy_schema,1416,True,numeric_candidate,numeric,median_impute+missing_indicator+standardize,numeric_identity
2.0.0-crosschecked-b,True,benchmark04b,af33ab072e44c35c04b442a5,ADAS,TOTAL13,ADAS__TOTAL13,visit,True,False,57,True,numeric,numeric_standardized,cognitive_summary_score,numeric_identity,50,distinct_fit_participants_with_observed_original_feature,recomputed_per_scenario_and_per_temporal_block_on_fit_data,False,True,True,remove_column_if_support_lt_50_or_all_missing_or_effectively_constant_in_fit_never_remove_visits,legacy_schema_preserved_for_unchanged_feature,unchanged_feature_preserves_legacy_frozen_semantic_decision,preserved_from_legacy_schema,1411,True,numeric_candidate,numeric,median_impute+missing_indicator+standardize,numeric_identity
2.0.0-crosschecked-b,True,benchmark04b,af33ab072e44c35c04b442a5,ADAS,DONE,ADAS__DONE,visit,True,False,1,False,excluded,excluded,redundant_assessment_completion_status,none,50,distinct_fit_participants_with_observed_original_feature,recomputed_per_scenario_and_per_temporal_block_on_fit_data,False,True,True,remove_column_if_support_lt_50_or_all_missing_or_effectively_constant_in_fit_never_remove_visits,legacy_schema_preserved_exclusion_for_unchanged_feature,unchanged_feature_preserves_legacy_frozen_exclusion,preserved_from_legacy_schema,588,True,binary_numeric_candidate,excluded,none,none
2.0.0-crosschecked-b,True,benchmark04b,af33ab072e44c35c04b442a5,ADAS,Q1TR1,ADAS__Q1TR1,visit,True,False,2,False,excluded,excluded,phase_or_form_dependent_raw_word_identity,none,50,distinct_fit_participants_with_observed_original_feature,recomputed_per_scenario_and_per_temporal_block_on_fit_data,False,True,True,remove_column_if_support_lt_50_or_all_missing_or_effectively_constant_in_fit_never_remove_visits,legacy_schema_preserved_exclusion_for_unchanged_feature,unchanged_feature_preserves_legacy_frozen_exclusion,preserved_from_legacy_schema,1411,True,multi_response_candidate,excluded,none,none
2.0.0-crosschecked-b,True,benchmark04b,af33ab072e44c35c04b442a5,ADAS,Q1TR2,ADAS__Q1TR2,visit,True,False,3,False,excluded,excluded,phase_or_form_dependent_raw_word_identity,none,50,distinct_fit_participants_with_observed_original_feature,recomputed_per_scenario_and_per_temporal_block_on_fit_data,False,True,True,remove_column_if_support_lt_50_or_all_missing_or_effectively_constant_in_fit_never_remove_visits,legacy_schema_preserved_exclusion_for_unchanged_feature,unchanged_feature_preserves_legacy_frozen_exclusion,preserved_from_legacy_schema,1418,True,multi_response_candidate,excluded,none,none
2.0.0-crosschecked-b,True,benchmark04b,af33ab072e44c35c04b442a5,ADAS,Q1TR3,ADAS__Q1TR3,visit,True,False,4,False,excluded,excluded,phase_or_form_dependent_raw_word_identity,none,50,distinct_fit_participants_with_observed_original_feature,recomputed_per_scenario_and_per_temporal_block_on_fit_data,False,True,True,remove_column_if_support_lt_50_or_all_missing_or_effectively_constant_in_fit_never_remove_visits,legacy_schema_preserved_exclusion_for_unchanged_feature,unchanged_feature_preserves_legacy_frozen_exclusion,preserved_from_legacy_schema,1415,True,multi_response_candidate,excluded,none,none
2.0.0-crosschecked-b,True,benchmark04b,af33ab072e44c35c04b442a5,ADAS,Q3TASK5,ADAS__Q3TASK5,visit,True,False,15,False,excluded,excluded,undocumented_or_obsolete_field,none,50,distinct_fit_participants_with_observed_original_feature,recomputed_per_scenario_and_per_temporal_block_on_fit_data,False,True,True,remove_column_if_support_lt_50_or_all_missing_or_effectively_constant_in_fit_never_remove_visits,legacy_schema_preserved_exclusion_for_unchanged_feature,unchanged_feature_preserves_legacy_frozen_exclusion,preserved_from_legacy_schema,2,True,binary_numeric_candidate,excluded,none,none
2.0.0-crosschecked-b,True,benchmark04b,af33ab072e44c35c04b442a5,ADAS,Q4TASK,ADAS__Q4TASK,visit,True,False,17,False,excluded,excluded,phase_or_form_dependent_raw_word_identity,none,50,distinct_fit_participants_with_observed_original_feature,recomputed_per_scenario_and_per_temporal_block_on_fit_data,False,True,True,remove_column_if_support_lt_50_or_all_missing_or_effectively_constant_in_fit_never_remove_visits,legacy_schema_preserved_exclusion_for_unchanged_feature,unchanged_feature_preserves_legacy_frozen_exclusion,preserved_from_legacy_schema,1359,True,multi_response_candidate,excluded,none,none
2.0.0-crosschecked-b,True,benchmark04b,af33ab072e44c35c04b442a5,ADAS,NDREASON,ADAS__NDREASON,visit,False,False,,False,excluded,excluded,administration_protocol_or_semantically_excluded,none,50,distinct_fit_participants_with_observed_original_feature,recomputed_per_scenario_and_per_temporal_block_on_fit_data,False,True,True,remove_column_if_support_lt_50_or_all_missing_or_effectively_constant_in_fit_never_remove_visits,A06_frozen_crosscheck_exclusion,frozen_crosscheck_exclusion,A06,,True,not_profiled_removed_upstream,categorical,explicit_missing_category+one_hot_ignore_unknown,identity
2.0.0-crosschecked-b,True,benchmark04b,af33ab072e44c35c04b442a5,ADAS,Q10TASK,ADAS__Q10TASK,visit,False,False,,False,excluded,excluded,administration_protocol_or_semantically_excluded,none,50,distinct_fit_participants_with_observed_original_feature,recomputed_per_scenario_and_per_temporal_block_on_fit_data,False,True,True,remove_column_if_support_lt_50_or_all_missing_or_effectively_constant_in_fit_never_remove_visits,A06_frozen_crosscheck_exclusion,frozen_crosscheck_exclusion,A06,,True,not_profiled_removed_upstream,numeric,median_impute+missing_indicator+standardize,numeric_identity
2.0.0-crosschecked-b,True,benchmark04b,af33ab072e44c35c04b442a5,ADAS,Q11TASK,ADAS__Q11TASK,visit,False,False,,False,excluded,excluded,administration_protocol_or_semantically_excluded,none,50,distinct_fit_participants_with_observed_original_feature,recomputed_per_scenario_and_per_temporal_block_on_fit_data,False,True,True,remove_column_if_support_lt_50_or_all_missing_or_effectively_constant_in_fit_never_remove_visits,A06_frozen_crosscheck_exclusion,frozen_crosscheck_exclusion,A06,,True,not_profiled_removed_upstream,numeric,median_impute+missing_indicator+standardize,numeric_identity
2.0.0-crosschecked-b,True,benchmark04b,af33ab072e44c35c04b442a5,ADAS,Q12TASK,ADAS__Q12TASK,visit,False,False,,False,excluded,excluded,administration_protocol_or_semantically_excluded,none,50,distinct_fit_participants_with_observed_original_feature,recomputed_per_scenario_and_per_temporal_block_on_fit_data,False,True,True,remove_column_if_support_lt_50_or_all_missing_or_effectively_constant_in_fit_never_remove_visits,A06_frozen_crosscheck_exclusion,frozen_crosscheck_exclusion,A06,,True,not_profiled_removed_upstream,numeric,median_impute+missing_indicator+standardize,numeric_identity
2.0.0-crosschecked-b,True,benchmark04b,af33ab072e44c35c04b442a5,ADAS,Q8WORD1,ADAS__Q8WORD1,visit,False,False,,False,excluded,excluded,administration_protocol_or_semantically_excluded,none,50,distinct_fit_participants_with_observed_original_feature,recomputed_per_scenario_and_per_temporal_block_on_fit_data,False,True,True,remove_column_if_support_lt_50_or_all_missing_or_effectively_constant_in_fit_never_remove_visits,A06_frozen_crosscheck_exclusion,frozen_crosscheck_exclusion,A06,,True,not_profiled_removed_upstream,binary,train_binary_mapping+median_impute+missing_indicator,binary_zero_one_identity
2.0.0-crosschecked-b,True,benchmark04b,af33ab072e44c35c04b442a5,ADAS,Q8WORD10,ADAS__Q8WORD10,visit,False,False,,False,excluded,excluded,administration_protocol_or_semantically_excluded,none,50,distinct_fit_participants_with_observed_original_feature,recomputed_per_scenario_and_per_temporal_block_on_fit_data,False,True,True,remove_column_if_support_lt_50_or_all_missing_or_effectively_constant_in_fit_never_remove_visits,A06_frozen_crosscheck_exclusion,frozen_crosscheck_exclusion,A06,,True,not_profiled_removed_upstream,binary,train_binary_mapping+median_impute+missing_indicator,binary_zero_one_identity
2.0.0-crosschecked-b,True,benchmark04b,af33ab072e44c35c04b442a5,ADAS,Q8WORD10R,ADAS__Q8WORD10R,visit,False,False,,False,excluded,excluded,administration_protocol_or_semantically_excluded,none,50,distinct_fit_participants_with_observed_original_feature,recomputed_per_scenario_and_per_temporal_block_on_fit_data,False,True,True,remove_column_if_support_lt_50_or_all_missing_or_effectively_constant_in_fit_never_remove_visits,A06_frozen_crosscheck_exclusion,frozen_crosscheck_exclusion,A06,,True,not_profiled_removed_upstream,binary,train_binary_mapping+median_impute+missing_indicator,binary_zero_one_identity
2.0.0-crosschecked-b,True,benchmark04b,af33ab072e44c35c04b442a5,ADAS,Q8WORD11,ADAS__Q8WORD11,visit,False,False,,False,excluded,excluded,administration_protocol_or_semantically_excluded,none,50,distinct_fit_participants_with_observed_original_feature,recomputed_per_scenario_and_per_temporal_block_on_fit_data,False,True,True,remove_column_if_support_lt_50_or_all_missing_or_effectively_constant_in_fit_never_remove_visits,A06_frozen_crosscheck_exclusion,frozen_crosscheck_exclusion,A06,,True,not_profiled_removed_upstream,binary,train_binary_mapping+median_impute+missing_indicator,binary_zero_one_identity
2.0.0-crosschecked-b,True,benchmark04b,af33ab072e44c35c04b442a5,ADAS,Q8WORD11R,ADAS__Q8WORD11R,visit,False,False,,False,excluded,excluded,administration_protocol_or_semantically_excluded,none,50,distinct_fit_participants_with_observed_original_feature,recomputed_per_scenario_and_per_temporal_block_on_fit_data,False,True,True,remove_column_if_support_lt_50_or_all_missing_or_effectively_constant_in_fit_never_remove_visits,A06_frozen_crosscheck_exclusion,frozen_crosscheck_exclusion,A06,,True,not_profiled_removed_upstream,binary,train_binary_mapping+median_impute+missing_indicator,binary_zero_one_identity
2.0.0-crosschecked-b,True,benchmark04b,af33ab072e44c35c04b442a5,ADAS,Q8WORD12,ADAS__Q8WORD12,visit,False,False,,False,excluded,excluded,administration_protocol_or_semantically_excluded,none,50,distinct_fit_participants_with_observed_original_feature,recomputed_per_scenario_and_per_temporal_block_on_fit_data,False,True,True,remove_column_if_support_lt_50_or_all_missing_or_effectively_constant_in_fit_never_remove_visits,A06_frozen_crosscheck_exclusion,frozen_crosscheck_exclusion,A06,,True,not_profiled_removed_upstream,binary,train_binary_mapping+median_impute+missing_indicator,binary_zero_one_identity
2.0.0-crosschecked-b,True,benchmark04b,af33ab072e44c35c04b442a5,ADAS,Q8WORD12R,ADAS__Q8WORD12R,visit,False,False,,False,excluded,excluded,administration_protocol_or_semantically_excluded,none,50,distinct_fit_participants_with_observed_original_feature,recomputed_per_scenario_and_per_temporal_block_on_fit_data,False,True,True,remove_column_if_support_lt_50_or_all_missing_or_effectively_constant_in_fit_never_remove_visits,A06_frozen_crosscheck_exclusion,frozen_crosscheck_exclusion,A06,,True,not_profiled_removed_upstream,binary,train_binary_mapping+median_impute+missing_indicator,binary_zero_one_identity
2.0.0-crosschecked-b,True,benchmark04b,af33ab072e44c35c04b442a5,ADAS,Q8WORD13,ADAS__Q8WORD13,visit,False,False,,False,excluded,excluded,administration_protocol_or_semantically_excluded,none,50,distinct_fit_participants_with_observed_original_feature,recomputed_per_scenario_and_per_temporal_block_on_fit_data,False,True,True,remove_column_if_support_lt_50_or_all_missing_or_effectively_constant_in_fit_never_remove_visits,A06_frozen_crosscheck_exclusion,frozen_crosscheck_exclusion,A06,,True,not_profiled_removed_upstream,binary,train_binary_mapping+median_impute+missing_indicator,binary_zero_one_identity
2.0.0-crosschecked-b,True,benchmark04b,af33ab072e44c35c04b442a5,ADAS,Q8WORD13R,ADAS__Q8WORD13R,visit,False,False,,False,excluded,excluded,administration_protocol_or_semantically_excluded,none,50,distinct_fit_participants_with_observed_original_feature,recomputed_per_scenario_and_per_temporal_block_on_fit_data,False,True,True,remove_column_if_support_lt_50_or_all_missing_or_effectively_constant_in_fit_never_remove_visits,A06_frozen_crosscheck_exclusion,frozen_crosscheck_exclusion,A06,,True,not_profiled_removed_upstream,binary,train_binary_mapping+median_impute+missing_indicator,binary_zero_one_identity
2.0.0-crosschecked-b,True,benchmark04b,af33ab072e44c35c04b442a5,ADAS,Q8WORD14,ADAS__Q8WORD14,visit,False,False,,False,excluded,excluded,administration_protocol_or_semantically_excluded,none,50,distinct_fit_participants_with_observed_original_feature,recomputed_per_scenario_and_per_temporal_block_on_fit_data,False,True,True,remove_column_if_support_lt_50_or_all_missing_or_effectively_constant_in_fit_never_remove_visits,A06_frozen_crosscheck_exclusion,frozen_crosscheck_exclusion,A06,,True,not_profiled_removed_upstream,binary,train_binary_mapping+median_impute+missing_indicator,binary_zero_one_identity
2.0.0-crosschecked-b,True,benchmark04b,af33ab072e44c35c04b442a5,ADAS,Q8WORD14R,ADAS__Q8WORD14R,visit,False,False,,False,excluded,excluded,administration_protocol_or_semantically_excluded,none,50,distinct_fit_participants_with_observed_original_feature,recomputed_per_scenario_and_per_temporal_block_on_fit_data,False,True,True,remove_column_if_support_lt_50_or_all_missing_or_effectively_constant_in_fit_never_remove_visits,A06_frozen_crosscheck_exclusion,frozen_crosscheck_exclusion,A06,,True,not_profiled_removed_upstream,binary,train_binary_mapping+median_impute+missing_indicator,binary_zero_one_identity
2.0.0-crosschecked-b,True,benchmark04b,af33ab072e44c35c04b442a5,ADAS,Q8WORD15,ADAS__Q8WORD15,visit,False,False,,False,excluded,excluded,administration_protocol_or_semantically_excluded,none,50,distinct_fit_participants_with_observed_original_feature,recomputed_per_scenario_and_per_temporal_block_on_fit_data,False,True,True,remove_column_if_support_lt_50_or_all_missing_or_effectively_constant_in_fit_never_remove_visits,A06_frozen_crosscheck_exclusion,frozen_crosscheck_exclusion,A06,,True,not_profiled_removed_upstream,binary,train_binary_mapping+median_impute+missing_indicator,binary_zero_one_identity
2.0.0-crosschecked-b,True,benchmark04b,af33ab072e44c35c04b442a5,ADAS,Q8WORD15R,ADAS__Q8WORD15R,visit,False,False,,False,excluded,excluded,administration_protocol_or_semantically_excluded,none,50,distinct_fit_participants_with_observed_original_feature,recomputed_per_scenario_and_per_temporal_block_on_fit_data,False,True,True,remove_column_if_support_lt_50_or_all_missing_or_effectively_constant_in_fit_never_remove_visits,A06_frozen_crosscheck_exclusion,frozen_crosscheck_exclusion,A06,,True,not_profiled_removed_upstream,binary,train_binary_mapping+median_impute+missing_indicator,binary_zero_one_identity
2.0.0-crosschecked-b,True,benchmark04b,af33ab072e44c35c04b442a5,ADAS,Q8WORD16,ADAS__Q8WORD16,visit,False,False,,False,excluded,excluded,administration_protocol_or_semantically_excluded,none,50,distinct_fit_participants_with_observed_original_feature,recomputed_per_scenario_and_per_temporal_block_on_fit_data,False,True,True,remove_column_if_support_lt_50_or_all_missing_or_effectively_constant_in_fit_never_remove_visits,A06_frozen_crosscheck_exclusion,frozen_crosscheck_exclusion,A06,,True,not_profiled_removed_upstream,binary,train_binary_mapping+median_impute+missing_indicator,binary_zero_one_identity
2.0.0-crosschecked-b,True,benchmark04b,af33ab072e44c35c04b442a5,ADAS,Q8WORD16R,ADAS__Q8WORD16R,visit,False,False,,False,excluded,excluded,administration_protocol_or_semantically_excluded,none,50,distinct_fit_participants_with_observed_original_feature,recomputed_per_scenario_and_per_temporal_block_on_fit_data,False,True,True,remove_column_if_support_lt_50_or_all_missing_or_effectively_constant_in_fit_never_remove_visits,A06_frozen_crosscheck_exclusion,frozen_crosscheck_exclusion,A06,,True,not_profiled_removed_upstream,binary,train_binary_mapping+median_impute+missing_indicator,binary_zero_one_identity
2.0.0-crosschecked-b,True,benchmark04b,af33ab072e44c35c04b442a5,ADAS,Q8WORD17,ADAS__Q8WORD17,visit,False,False,,False,excluded,excluded,administration_protocol_or_semantically_excluded,none,50,distinct_fit_participants_with_observed_original_feature,recomputed_per_scenario_and_per_temporal_block_on_fit_data,False,True,True,remove_column_if_support_lt_50_or_all_missing_or_effectively_constant_in_fit_never_remove_visits,A06_frozen_crosscheck_exclusion,frozen_crosscheck_exclusion,A06,,True,not_profiled_removed_upstream,binary,train_binary_mapping+median_impute+missing_indicator,binary_zero_one_identity
2.0.0-crosschecked-b,True,benchmark04b,af33ab072e44c35c04b442a5,ADAS,Q8WORD17R,ADAS__Q8WORD17R,visit,False,False,,False,excluded,excluded,administration_protocol_or_semantically_excluded,none,50,distinct_fit_participants_with_observed_original_feature,recomputed_per_scenario_and_per_temporal_block_on_fit_data,False,True,True,remove_column_if_support_lt_50_or_all_missing_or_effectively_constant_in_fit_never_remove_visits,A06_frozen_crosscheck_exclusion,frozen_crosscheck_exclusion,A06,,True,not_profiled_removed_upstream,binary,train_binary_mapping+median_impute+missing_indicator,binary_zero_one_identity
2.0.0-crosschecked-b,True,benchmark04b,af33ab072e44c35c04b442a5,ADAS,Q8WORD18,ADAS__Q8WORD18,visit,False,False,,False,excluded,excluded,administration_protocol_or_semantically_excluded,none,50,distinct_fit_participants_with_observed_original_feature,recomputed_per_scenario_and_per_temporal_block_on_fit_data,False,True,True,remove_column_if_support_lt_50_or_all_missing_or_effectively_constant_in_fit_never_remove_visits,A06_frozen_crosscheck_exclusion,frozen_crosscheck_exclusion,A06,,True,not_profiled_removed_upstream,binary,train_binary_mapping+median_impute+missing_indicator,binary_zero_one_identity
2.0.0-crosschecked-b,True,benchmark04b,af33ab072e44c35c04b442a5,ADAS,Q8WORD18R,ADAS__Q8WORD18R,visit,False,False,,False,excluded,excluded,administration_protocol_or_semantically_excluded,none,50,distinct_fit_participants_with_observed_original_feature,recomputed_per_scenario_and_per_temporal_block_on_fit_data,False,True,True,remove_column_if_support_lt_50_or_all_missing_or_effectively_constant_in_fit_never_remove_visits,A06_frozen_crosscheck_exclusion,frozen_crosscheck_exclusion,A06,,True,not_profiled_removed_upstream,binary,train_binary_mapping+median_impute+missing_indicator,binary_zero_one_identity
2.0.0-crosschecked-b,True,benchmark04b,af33ab072e44c35c04b442a5,ADAS,Q8WORD19,ADAS__Q8WORD19,visit,False,False,,False,excluded,excluded,administration_protocol_or_semantically_excluded,none,50,distinct_fit_participants_with_observed_original_feature,recomputed_per_scenario_and_per_temporal_block_on_fit_data,False,True,True,remove_column_if_support_lt_50_or_all_missing_or_effectively_constant_in_fit_never_remove_visits,A06_frozen_crosscheck_exclusion,frozen_crosscheck_exclusion,A06,,True,not_profiled_removed_upstream,binary,train_binary_mapping+median_impute+missing_indicator,binary_zero_one_identity
2.0.0-crosschecked-b,True,benchmark04b,af33ab072e44c35c04b442a5,ADAS,Q8WORD19R,ADAS__Q8WORD19R,visit,False,False,,False,excluded,excluded,administration_protocol_or_semantically_excluded,none,50,distinct_fit_participants_with_observed_original_feature,recomputed_per_scenario_and_per_temporal_block_on_fit_data,False,True,True,remove_column_if_support_lt_50_or_all_missing_or_effectively_constant_in_fit_never_remove_visits,A06_frozen_crosscheck_exclusion,frozen_crosscheck_exclusion,A06,,True,not_profiled_removed_upstream,binary,train_binary_mapping+median_impute+missing_indicator,binary_zero_one_identity
2.0.0-crosschecked-b,True,benchmark04b,af33ab072e44c35c04b442a5,ADAS,Q8WORD2,ADAS__Q8WORD2,visit,False,False,,False,excluded,excluded,administration_protocol_or_semantically_excluded,none,50,distinct_fit_participants_with_observed_original_feature,recomputed_per_scenario_and_per_temporal_block_on_fit_data,False,True,True,remove_column_if_support_lt_50_or_all_missing_or_effectively_constant_in_fit_never_remove_visits,A06_frozen_crosscheck_exclusion,frozen_crosscheck_exclusion,A06,,True,not_profiled_removed_upstream,binary,train_binary_mapping+median_impute+missing_indicator,binary_zero_one_identity
2.0.0-crosschecked-b,True,benchmark04b,af33ab072e44c35c04b442a5,ADAS,Q8WORD20,ADAS__Q8WORD20,visit,False,False,,False,excluded,excluded,administration_protocol_or_semantically_excluded,none,50,distinct_fit_participants_with_observed_original_feature,recomputed_per_scenario_and_per_temporal_block_on_fit_data,False,True,True,remove_column_if_support_lt_50_or_all_missing_or_effectively_constant_in_fit_never_remove_visits,A06_frozen_crosscheck_exclusion,frozen_crosscheck_exclusion,A06,,True,not_profiled_removed_upstream,binary,train_binary_mapping+median_impute+missing_indicator,binary_zero_one_identity
2.0.0-crosschecked-b,True,benchmark04b,af33ab072e44c35c04b442a5,ADAS,Q8WORD20R,ADAS__Q8WORD20R,visit,False,False,,False,excluded,excluded,administration_protocol_or_semantically_excluded,none,50,distinct_fit_participants_with_observed_original_feature,recomputed_per_scenario_and_per_temporal_block_on_fit_data,False,True,True,remove_column_if_support_lt_50_or_all_missing_or_effectively_constant_in_fit_never_remove_visits,A06_frozen_crosscheck_exclusion,frozen_crosscheck_exclusion,A06,,True,not_profiled_removed_upstream,binary,train_binary_mapping+median_impute+missing_indicator,binary_zero_one_identity
2.0.0-crosschecked-b,True,benchmark04b,af33ab072e44c35c04b442a5,ADAS,Q8WORD21,ADAS__Q8WORD21,visit,False,False,,False,excluded,excluded,administration_protocol_or_semantically_excluded,none,50,distinct_fit_participants_with_observed_original_feature,recomputed_per_scenario_and_per_temporal_block_on_fit_data,False,True,True,remove_column_if_support_lt_50_or_all_missing_or_effectively_constant_in_fit_never_remove_visits,A06_frozen_crosscheck_exclusion,frozen_crosscheck_exclusion,A06,,True,not_profiled_removed_upstream,binary,train_binary_mapping+median_impute+missing_indicator,binary_zero_one_identity
2.0.0-crosschecked-b,True,benchmark04b,af33ab072e44c35c04b442a5,ADAS,Q8WORD21R,ADAS__Q8WORD21R,visit,False,False,,False,excluded,excluded,administration_protocol_or_semantically_excluded,none,50,distinct_fit_participants_with_observed_original_feature,recomputed_per_scenario_and_per_temporal_block_on_fit_data,False,True,True,remove_column_if_support_lt_50_or_all_missing_or_effectively_constant_in_fit_never_remove_visits,A06_frozen_crosscheck_exclusion,frozen_crosscheck_exclusion,A06,,True,not_profiled_removed_upstream,binary,train_binary_mapping+median_impute+missing_indicator,binary_zero_one_identity
2.0.0-crosschecked-b,True,benchmark04b,af33ab072e44c35c04b442a5,ADAS,Q8WORD22,ADAS__Q8WORD22,visit,False,False,,False,excluded,excluded,administration_protocol_or_semantically_excluded,none,50,distinct_fit_participants_with_observed_original_feature,recomputed_per_scenario_and_per_temporal_block_on_fit_data,False,True,True,remove_column_if_support_lt_50_or_all_missing_or_effectively_constant_in_fit_never_remove_visits,A06_frozen_crosscheck_exclusion,frozen_crosscheck_exclusion,A06,,True,not_profiled_removed_upstream,binary,train_binary_mapping+median_impute+missing_indicator,binary_zero_one_identity
2.0.0-crosschecked-b,True,benchmark04b,af33ab072e44c35c04b442a5,ADAS,Q8WORD22R,ADAS__Q8WORD22R,visit,False,False,,False,excluded,excluded,administration_protocol_or_semantically_excluded,none,50,distinct_fit_participants_with_observed_original_feature,recomputed_per_scenario_and_per_temporal_block_on_fit_data,False,True,True,remove_column_if_support_lt_50_or_all_missing_or_effectively_constant_in_fit_never_remove_visits,A06_frozen_crosscheck_exclusion,frozen_crosscheck_exclusion,A06,,True,not_profiled_removed_upstream,binary,train_binary_mapping+median_impute+missing_indicator,binary_zero_one_identity
2.0.0-crosschecked-b,True,benchmark04b,af33ab072e44c35c04b442a5,ADAS,Q8WORD23,ADAS__Q8WORD23,visit,False,False,,False,excluded,excluded,administration_protocol_or_semantically_excluded,none,50,distinct_fit_participants_with_observed_original_feature,recomputed_per_scenario_and_per_temporal_block_on_fit_data,False,True,True,remove_column_if_support_lt_50_or_all_missing_or_effectively_constant_in_fit_never_remove_visits,A06_frozen_crosscheck_exclusion,frozen_crosscheck_exclusion,A06,,True,not_profiled_removed_upstream,binary,train_binary_mapping+median_impute+missing_indicator,binary_zero_one_identity
2.0.0-crosschecked-b,True,benchmark04b,af33ab072e44c35c04b442a5,ADAS,Q8WORD23R,ADAS__Q8WORD23R,visit,False,False,,False,excluded,excluded,administration_protocol_or_semantically_excluded,none,50,distinct_fit_participants_with_observed_original_feature,recomputed_per_scenario_and_per_temporal_block_on_fit_data,False,True,True,remove_column_if_support_lt_50_or_all_missing_or_effectively_constant_in_fit_never_remove_visits,A06_frozen_crosscheck_exclusion,frozen_crosscheck_exclusion,A06,,True,not_profiled_removed_upstream,binary,train_binary_mapping+median_impute+missing_indicator,binary_zero_one_identity
2.0.0-crosschecked-b,True,benchmark04b,af33ab072e44c35c04b442a5,ADAS,Q8WORD24,ADAS__Q8WORD24,visit,False,False,,False,excluded,excluded,administration_protocol_or_semantically_excluded,none,50,distinct_fit_participants_with_observed_original_feature,recomputed_per_scenario_and_per_temporal_block_on_fit_data,False,True,True,remove_column_if_support_lt_50_or_all_missing_or_effectively_constant_in_fit_never_remove_visits,A06_frozen_crosscheck_exclusion,frozen_crosscheck_exclusion,A06,,True,not_profiled_removed_upstream,binary,train_binary_mapping+median_impute+missing_indicator,binary_zero_one_identity
2.0.0-crosschecked-b,True,benchmark04b,af33ab072e44c35c04b442a5,ADAS,Q8WORD24R,ADAS__Q8WORD24R,visit,False,False,,False,excluded,excluded,administration_protocol_or_semantically_excluded,none,50,distinct_fit_participants_with_observed_original_feature,recomputed_per_scenario_and_per_temporal_block_on_fit_data,False,True,True,remove_column_if_support_lt_50_or_all_missing_or_effectively_constant_in_fit_never_remove_visits,A06_frozen_crosscheck_exclusion,frozen_crosscheck_exclusion,A06,,True,not_profiled_removed_upstream,binary,train_binary_mapping+median_impute+missing_indicator,binary_zero_one_identity
2.0.0-crosschecked-b,True,benchmark04b,af33ab072e44c35c04b442a5,ADAS,Q8WORD3,ADAS__Q8WORD3,visit,False,False,,False,excluded,excluded,administration_protocol_or_semantically_excluded,none,50,distinct_fit_participants_with_observed_original_feature,recomputed_per_scenario_and_per_temporal_block_on_fit_data,False,True,True,remove_column_if_support_lt_50_or_all_missing_or_effectively_constant_in_fit_never_remove_visits,A06_frozen_crosscheck_exclusion,frozen_crosscheck_exclusion,A06,,True,not_profiled_removed_upstream,binary,train_binary_mapping+median_impute+missing_indicator,binary_zero_one_identity
2.0.0-crosschecked-b,True,benchmark04b,af33ab072e44c35c04b442a5,ADAS,Q8WORD3R,ADAS__Q8WORD3R,visit,False,False,,False,excluded,excluded,administration_protocol_or_semantically_excluded,none,50,distinct_fit_participants_with_observed_original_feature,recomputed_per_scenario_and_per_temporal_block_on_fit_data,False,True,True,remove_column_if_support_lt_50_or_all_missing_or_effectively_constant_in_fit_never_remove_visits,A06_frozen_crosscheck_exclusion,frozen_crosscheck_exclusion,A06,,True,not_profiled_removed_upstream,binary,train_binary_mapping+median_impute+missing_indicator,binary_zero_one_identity
2.0.0-crosschecked-b,True,benchmark04b,af33ab072e44c35c04b442a5,ADAS,Q8WORD4,ADAS__Q8WORD4,visit,False,False,,False,excluded,excluded,administration_protocol_or_semantically_excluded,none,50,distinct_fit_participants_with_observed_original_feature,recomputed_per_scenario_and_per_temporal_block_on_fit_data,False,True,True,remove_column_if_support_lt_50_or_all_missing_or_effectively_constant_in_fit_never_remove_visits,A06_frozen_crosscheck_exclusion,frozen_crosscheck_exclusion,A06,,True,not_profiled_removed_upstream,binary,train_binary_mapping+median_impute+missing_indicator,binary_zero_one_identity
2.0.0-crosschecked-b,True,benchmark04b,af33ab072e44c35c04b442a5,ADAS,Q8WORD4R,ADAS__Q8WORD4R,visit,False,False,,False,excluded,excluded,administration_protocol_or_semantically_excluded,none,50,distinct_fit_participants_with_observed_original_feature,recomputed_per_scenario_and_per_temporal_block_on_fit_data,False,True,True,remove_column_if_support_lt_50_or_all_missing_or_effectively_constant_in_fit_never_remove_visits,A06_frozen_crosscheck_exclusion,frozen_crosscheck_exclusion,A06,,True,not_profiled_removed_upstream,binary,train_binary_mapping+median_impute+missing_indicator,binary_zero_one_identity
2.0.0-crosschecked-b,True,benchmark04b,af33ab072e44c35c04b442a5,ADAS,Q8WORD5,ADAS__Q8WORD5,visit,False,False,,False,excluded,excluded,administration_protocol_or_semantically_excluded,none,50,distinct_fit_participants_with_observed_original_feature,recomputed_per_scenario_and_per_temporal_block_on_fit_data,False,True,True,remove_column_if_support_lt_50_or_all_missing_or_effectively_constant_in_fit_never_remove_visits,A06_frozen_crosscheck_exclusion,frozen_crosscheck_exclusion,A06,,True,not_profiled_removed_upstream,binary,train_binary_mapping+median_impute+missing_indicator,binary_zero_one_identity
2.0.0-crosschecked-b,True,benchmark04b,af33ab072e44c35c04b442a5,ADAS,Q8WORD5R,ADAS__Q8WORD5R,visit,False,False,,False,excluded,excluded,administration_protocol_or_semantically_excluded,none,50,distinct_fit_participants_with_observed_original_feature,recomputed_per_scenario_and_per_temporal_block_on_fit_data,False,True,True,remove_column_if_support_lt_50_or_all_missing_or_effectively_constant_in_fit_never_remove_visits,A06_frozen_crosscheck_exclusion,frozen_crosscheck_exclusion,A06,,True,not_profiled_removed_upstream,binary,train_binary_mapping+median_impute+missing_indicator,binary_zero_one_identity
2.0.0-crosschecked-b,True,benchmark04b,af33ab072e44c35c04b442a5,ADAS,Q8WORD6,ADAS__Q8WORD6,visit,False,False,,False,excluded,excluded,administration_protocol_or_semantically_excluded,none,50,distinct_fit_participants_with_observed_original_feature,recomputed_per_scenario_and_per_temporal_block_on_fit_data,False,True,True,remove_column_if_support_lt_50_or_all_missing_or_effectively_constant_in_fit_never_remove_visits,A06_frozen_crosscheck_exclusion,frozen_crosscheck_exclusion,A06,,True,not_profiled_removed_upstream,binary,train_binary_mapping+median_impute+missing_indicator,binary_zero_one_identity
2.0.0-crosschecked-b,True,benchmark04b,af33ab072e44c35c04b442a5,ADAS,Q8WORD6R,ADAS__Q8WORD6R,visit,False,False,,False,excluded,excluded,administration_protocol_or_semantically_excluded,none,50,distinct_fit_participants_with_observed_original_feature,recomputed_per_scenario_and_per_temporal_block_on_fit_data,False,True,True,remove_column_if_support_lt_50_or_all_missing_or_effectively_constant_in_fit_never_remove_visits,A06_frozen_crosscheck_exclusion,frozen_crosscheck_exclusion,A06,,True,not_profiled_removed_upstream,binary,train_binary_mapping+median_impute+missing_indicator,binary_zero_one_identity
2.0.0-crosschecked-b,True,benchmark04b,af33ab072e44c35c04b442a5,ADAS,Q8WORD7,ADAS__Q8WORD7,visit,False,False,,False,excluded,excluded,administration_protocol_or_semantically_excluded,none,50,distinct_fit_participants_with_observed_original_feature,recomputed_per_scenario_and_per_temporal_block_on_fit_data,False,True,True,remove_column_if_support_lt_50_or_all_missing_or_effectively_constant_in_fit_never_remove_visits,A06_frozen_crosscheck_exclusion,frozen_crosscheck_exclusion,A06,,True,not_profiled_removed_upstream,binary,train_binary_mapping+median_impute+missing_indicator,binary_zero_one_identity
2.0.0-crosschecked-b,True,benchmark04b,af33ab072e44c35c04b442a5,ADAS,Q8WORD7R,ADAS__Q8WORD7R,visit,False,False,,False,excluded,excluded,administration_protocol_or_semantically_excluded,none,50,distinct_fit_participants_with_observed_original_feature,recomputed_per_scenario_and_per_temporal_block_on_fit_data,False,True,True,remove_column_if_support_lt_50_or_all_missing_or_effectively_constant_in_fit_never_remove_visits,A06_frozen_crosscheck_exclusion,frozen_crosscheck_exclusion,A06,,True,not_profiled_removed_upstream,binary,train_binary_mapping+median_impute+missing_indicator,binary_zero_one_identity
2.0.0-crosschecked-b,True,benchmark04b,af33ab072e44c35c04b442a5,ADAS,Q8WORD8,ADAS__Q8WORD8,visit,False,False,,False,excluded,excluded,administration_protocol_or_semantically_excluded,none,50,distinct_fit_participants_with_observed_original_feature,recomputed_per_scenario_and_per_temporal_block_on_fit_data,False,True,True,remove_column_if_support_lt_50_or_all_missing_or_effectively_constant_in_fit_never_remove_visits,A06_frozen_crosscheck_exclusion,frozen_crosscheck_exclusion,A06,,True,not_profiled_removed_upstream,binary,train_binary_mapping+median_impute+missing_indicator,binary_zero_one_identity
2.0.0-crosschecked-b,True,benchmark04b,af33ab072e44c35c04b442a5,ADAS,Q8WORD8R,ADAS__Q8WORD8R,visit,False,False,,False,excluded,excluded,administration_protocol_or_semantically_excluded,none,50,distinct_fit_participants_with_observed_original_feature,recomputed_per_scenario_and_per_temporal_block_on_fit_data,False,True,True,remove_column_if_support_lt_50_or_all_missing_or_effectively_constant_in_fit_never_remove_visits,A06_frozen_crosscheck_exclusion,frozen_crosscheck_exclusion,A06,,True,not_profiled_removed_upstream,binary,train_binary_mapping+median_impute+missing_indicator,binary_zero_one_identity
2.0.0-crosschecked-b,True,benchmark04b,af33ab072e44c35c04b442a5,ADAS,Q8WORD9,ADAS__Q8WORD9,visit,False,False,,False,excluded,excluded,administration_protocol_or_semantically_excluded,none,50,distinct_fit_participants_with_observed_original_feature,recomputed_per_scenario_and_per_temporal_block_on_fit_data,False,True,True,remove_column_if_support_lt_50_or_all_missing_or_effectively_constant_in_fit_never_remove_visits,A06_frozen_crosscheck_exclusion,frozen_crosscheck_exclusion,A06,,True,not_profiled_removed_upstream,binary,train_binary_mapping+median_impute+missing_indicator,binary_zero_one_identity
2.0.0-crosschecked-b,True,benchmark04b,af33ab072e44c35c04b442a5,ADAS,Q8WORD9R,ADAS__Q8WORD9R,visit,False,False,,False,excluded,excluded,administration_protocol_or_semantically_excluded,none,50,distinct_fit_participants_with_observed_original_feature,recomputed_per_scenario_and_per_temporal_block_on_fit_data,False,True,True,remove_column_if_support_lt_50_or_all_missing_or_effectively_constant_in_fit_never_remove_visits,A06_frozen_crosscheck_exclusion,frozen_crosscheck_exclusion,A06,,True,not_profiled_removed_upstream,binary,train_binary_mapping+median_impute+missing_indicator,binary_zero_one_identity
2.0.0-crosschecked-b,True,benchmark04b,af33ab072e44c35c04b442a5,ADAS,Q9TASK,ADAS__Q9TASK,visit,False,False,,False,excluded,excluded,administration_protocol_or_semantically_excluded,none,50,distinct_fit_participants_with_observed_original_feature,recomputed_per_scenario_and_per_temporal_block_on_fit_data,False,True,True,remove_column_if_support_lt_50_or_all_missing_or_effectively_constant_in_fit_never_remove_visits,A06_frozen_crosscheck_exclusion,frozen_crosscheck_exclusion,A06,,True,not_profiled_removed_upstream,numeric,median_impute+missing_indicator+standardize,numeric_identity
2.0.0-crosschecked-b,True,benchmark04b,af33ab072e44c35c04b442a5,ADAS,SOURCE,ADAS__SOURCE,visit,False,False,,False,excluded,excluded,administration_protocol_or_semantically_excluded,none,50,distinct_fit_participants_with_observed_original_feature,recomputed_per_scenario_and_per_temporal_block_on_fit_data,False,True,True,remove_column_if_support_lt_50_or_all_missing_or_effectively_constant_in_fit_never_remove_visits,A06_frozen_crosscheck_exclusion,frozen_crosscheck_exclusion,A06,,True,not_profiled_removed_upstream,categorical,explicit_missing_category+one_hot_ignore_unknown,identity
2.0.0-crosschecked-b,True,benchmark04b,af33ab072e44c35c04b442a5,ADAS,WORDLIST,ADAS__WORDLIST,visit,False,False,,False,excluded,excluded,administration_protocol_or_semantically_excluded,none,50,distinct_fit_participants_with_observed_original_feature,recomputed_per_scenario_and_per_temporal_block_on_fit_data,False,True,True,remove_column_if_support_lt_50_or_all_missing_or_effectively_constant_in_fit_never_remove_visits,A06_frozen_crosscheck_exclusion,frozen_crosscheck_exclusion,A06,,True,not_profiled_removed_upstream,categorical,explicit_missing_category+one_hot_ignore_unknown,categorical_identity
2.0.0-crosschecked-b,True,benchmark04b,af33ab072e44c35c04b442a5,APOERES,GENOTYPE,APOERES__GENOTYPE,participant,True,False,1,True,categorical,categorical_one_hot,apoe_genotype_category,categorical_identity,50,distinct_fit_participants_with_observed_original_feature,recomputed_per_scenario_and_per_temporal_block_on_fit_data,False,True,True,remove_column_if_support_lt_50_or_all_missing_or_effectively_constant_in_fit_never_remove_visits,A06_frozen_crosscheck_directive,six_category_domain_validated_fail_closed,A06/BENCHMARK04C,1814,True,categorical_candidate,categorical,explicit_missing_category+one_hot_ignore_unknown,categorical_identity
2.0.0-crosschecked-b,True,benchmark04b,af33ab072e44c35c04b442a5,CDR,CDMEMORY,CDR__CDMEMORY,visit,True,False,1,True,categorical,categorical_one_hot,ordered_clinical_stage,categorical_identity,50,distinct_fit_participants_with_observed_original_feature,recomputed_per_scenario_and_per_temporal_block_on_fit_data,False,True,True,remove_column_if_support_lt_50_or_all_missing_or_effectively_constant_in_fit_never_remove_visits,A06_frozen_crosscheck_directive,low_cardinality_ordinal_one_hot_policy,BENCHMARK04C,1857,True,numeric_candidate,numeric,median_impute+missing_indicator+standardize,identity
2.0.0-crosschecked-b,True,benchmark04b,af33ab072e44c35c04b442a5,CDR,CDORIENT,CDR__CDORIENT,visit,True,False,2,True,categorical,categorical_one_hot,ordered_clinical_stage,categorical_identity,50,distinct_fit_participants_with_observed_original_feature,recomputed_per_scenario_and_per_temporal_block_on_fit_data,False,True,True,remove_column_if_support_lt_50_or_all_missing_or_effectively_constant_in_fit_never_remove_visits,A06_frozen_crosscheck_directive,low_cardinality_ordinal_one_hot_policy,BENCHMARK04C,1857,True,numeric_candidate,numeric,median_impute+missing_indicator+standardize,identity
2.0.0-crosschecked-b,True,benchmark04b,af33ab072e44c35c04b442a5,CDR,CDJUDGE,CDR__CDJUDGE,visit,True,False,3,True,categorical,categorical_one_hot,ordered_clinical_stage,categorical_identity,50,distinct_fit_participants_with_observed_original_feature,recomputed_per_scenario_and_per_temporal_block_on_fit_data,False,True,True,remove_column_if_support_lt_50_or_all_missing_or_effectively_constant_in_fit_never_remove_visits,A06_frozen_crosscheck_directive,low_cardinality_ordinal_one_hot_policy,BENCHMARK04C,1857,True,numeric_candidate,numeric,median_impute+missing_indicator+standardize,identity
2.0.0-crosschecked-b,True,benchmark04b,af33ab072e44c35c04b442a5,CDR,CDCOMMUN,CDR__CDCOMMUN,visit,True,False,4,True,categorical,categorical_one_hot,ordered_clinical_stage,categorical_identity,50,distinct_fit_participants_with_observed_original_feature,recomputed_per_scenario_and_per_temporal_block_on_fit_data,False,True,True,remove_column_if_support_lt_50_or_all_missing_or_effectively_constant_in_fit_never_remove_visits,A06_frozen_crosscheck_directive,low_cardinality_ordinal_one_hot_policy,BENCHMARK04C,1857,True,numeric_candidate,numeric,median_impute+missing_indicator+standardize,identity
2.0.0-crosschecked-b,True,benchmark04b,af33ab072e44c35c04b442a5,CDR,CDHOME,CDR__CDHOME,visit,True,False,5,True,categorical,categorical_one_hot,ordered_clinical_stage,categorical_identity,50,distinct_fit_participants_with_observed_original_feature,recomputed_per_scenario_and_per_temporal_block_on_fit_data,False,True,True,remove_column_if_support_lt_50_or_all_missing_or_effectively_constant_in_fit_never_remove_visits,A06_frozen_crosscheck_directive,low_cardinality_ordinal_one_hot_policy,BENCHMARK04C,1857,True,numeric_candidate,numeric,median_impute+missing_indicator+standardize,identity
2.0.0-crosschecked-b,True,benchmark04b,af33ab072e44c35c04b442a5,CDR,CDCARE,CDR__CDCARE,visit,True,False,6,True,categorical,categorical_one_hot,ordered_clinical_stage,categorical_identity,50,distinct_fit_participants_with_observed_original_feature,recomputed_per_scenario_and_per_temporal_block_on_fit_data,False,True,True,remove_column_if_support_lt_50_or_all_missing_or_effectively_constant_in_fit_never_remove_visits,A06_frozen_crosscheck_directive,low_cardinality_ordinal_one_hot_policy,BENCHMARK04C,1856,True,categorical_numeric_code_candidate,numeric,median_impute+missing_indicator+standardize,identity
2.0.0-crosschecked-b,True,benchmark04b,af33ab072e44c35c04b442a5,CDR,CDGLOBAL,CDR__CDGLOBAL,visit,True,False,7,True,categorical,categorical_one_hot,ordered_clinical_stage,categorical_identity,50,distinct_fit_participants_with_observed_original_feature,recomputed_per_scenario_and_per_temporal_block_on_fit_data,False,True,True,remove_column_if_support_lt_50_or_all_missing_or_effectively_constant_in_fit_never_remove_visits,A06_frozen_crosscheck_directive,low_cardinality_ordinal_one_hot_policy,BENCHMARK04C,1857,True,numeric_candidate,categorical,explicit_missing_category+one_hot_ignore_unknown,categorical_identity
2.0.0-crosschecked-b,True,benchmark04b,af33ab072e44c35c04b442a5,CDR,CDRSB,CDR__CDRSB,visit,True,False,8,True,numeric,numeric_standardized,official_sum_of_boxes_score,numeric_identity,50,distinct_fit_participants_with_observed_original_feature,recomputed_per_scenario_and_per_temporal_block_on_fit_data,False,True,True,remove_column_if_support_lt_50_or_all_missing_or_effectively_constant_in_fit_never_remove_visits,A06_frozen_crosscheck_directive,retain_official_summary_score_as_numeric,BENCHMARK04C,1856,True,numeric_candidate,numeric,median_impute+missing_indicator+standardize,numeric_identity
2.0.0-crosschecked-b,True,benchmark04b,af33ab072e44c35c04b442a5,CDR,CDSOURCE,CDR__CDSOURCE,visit,False,False,,False,excluded,excluded,administration_protocol_or_semantically_excluded,none,50,distinct_fit_participants_with_observed_original_feature,recomputed_per_scenario_and_per_temporal_block_on_fit_data,False,True,True,remove_column_if_support_lt_50_or_all_missing_or_effectively_constant_in_fit_never_remove_visits,A06_frozen_crosscheck_exclusion,frozen_crosscheck_exclusion,A06,,True,not_profiled_removed_upstream,categorical,explicit_missing_category+one_hot_ignore_unknown,cdr_source_mode_harmonization
2.0.0-crosschecked-b,True,benchmark04b,af33ab072e44c35c04b442a5,CDR,CDVERSION,CDR__CDVERSION,visit,False,False,,False,excluded,excluded,administration_protocol_or_semantically_excluded,none,50,distinct_fit_participants_with_observed_original_feature,recomputed_per_scenario_and_per_temporal_block_on_fit_data,False,True,True,remove_column_if_support_lt_50_or_all_missing_or_effectively_constant_in_fit_never_remove_visits,A06_frozen_crosscheck_exclusion,frozen_crosscheck_exclusion,A06,,True,not_profiled_removed_upstream,categorical,explicit_missing_category+one_hot_ignore_unknown,categorical_identity
2.0.0-crosschecked-b,True,benchmark04b,af33ab072e44c35c04b442a5,FAQ,FAQFINAN,FAQ__FAQFINAN,visit,True,False,1,True,categorical,categorical_one_hot,officially_scored_functional_item,faq_official_item_score_map,50,distinct_fit_participants_with_observed_original_feature,recomputed_per_scenario_and_per_temporal_block_on_fit_data,False,True,True,remove_column_if_support_lt_50_or_all_missing_or_effectively_constant_in_fit_never_remove_visits,A06_frozen_crosscheck_directive,apply_official_0_to_3_scoring_then_one_hot,BENCHMARK04C/BENCHMARK05,1413,True,categorical_numeric_code_candidate,numeric,official_FAQ_code_to_score_map_0to0_1to0_2to1_3to1_4to2_5to3+median_impute+missing_indicator+standardize,faq_official_item_score_map
2.0.0-crosschecked-b,True,benchmark04b,af33ab072e44c35c04b442a5,FAQ,FAQFORM,FAQ__FAQFORM,visit,True,False,2,True,categorical,categorical_one_hot,officially_scored_functional_item,faq_official_item_score_map,50,distinct_fit_participants_with_observed_original_feature,recomputed_per_scenario_and_per_temporal_block_on_fit_data,False,True,True,remove_column_if_support_lt_50_or_all_missing_or_effectively_constant_in_fit_never_remove_visits,A06_frozen_crosscheck_directive,apply_official_0_to_3_scoring_then_one_hot,BENCHMARK04C/BENCHMARK05,1414,True,categorical_numeric_code_candidate,numeric,official_FAQ_code_to_score_map_0to0_1to0_2to1_3to1_4to2_5to3+median_impute+missing_indicator+standardize,faq_official_item_score_map
2.0.0-crosschecked-b,True,benchmark04b,af33ab072e44c35c04b442a5,FAQ,FAQSHOP,FAQ__FAQSHOP,visit,True,False,3,True,categorical,categorical_one_hot,officially_scored_functional_item,faq_official_item_score_map,50,distinct_fit_participants_with_observed_original_feature,recomputed_per_scenario_and_per_temporal_block_on_fit_data,False,True,True,remove_column_if_support_lt_50_or_all_missing_or_effectively_constant_in_fit_never_remove_visits,A06_frozen_crosscheck_directive,apply_official_0_to_3_scoring_then_one_hot,BENCHMARK04C/BENCHMARK05,1414,True,categorical_numeric_code_candidate,numeric,official_FAQ_code_to_score_map_0to0_1to0_2to1_3to1_4to2_5to3+median_impute+missing_indicator+standardize,faq_official_item_score_map
2.0.0-crosschecked-b,True,benchmark04b,af33ab072e44c35c04b442a5,FAQ,FAQGAME,FAQ__FAQGAME,visit,True,False,4,True,categorical,categorical_one_hot,officially_scored_functional_item,faq_official_item_score_map,50,distinct_fit_participants_with_observed_original_feature,recomputed_per_scenario_and_per_temporal_block_on_fit_data,False,True,True,remove_column_if_support_lt_50_or_all_missing_or_effectively_constant_in_fit_never_remove_visits,A06_frozen_crosscheck_directive,apply_official_0_to_3_scoring_then_one_hot,BENCHMARK04C/BENCHMARK05,1414,True,categorical_numeric_code_candidate,numeric,official_FAQ_code_to_score_map_0to0_1to0_2to1_3to1_4to2_5to3+median_impute+missing_indicator+standardize,faq_official_item_score_map
2.0.0-crosschecked-b,True,benchmark04b,af33ab072e44c35c04b442a5,FAQ,FAQBEVG,FAQ__FAQBEVG,visit,True,False,5,True,categorical,categorical_one_hot,officially_scored_functional_item,faq_official_item_score_map,50,distinct_fit_participants_with_observed_original_feature,recomputed_per_scenario_and_per_temporal_block_on_fit_data,False,True,True,remove_column_if_support_lt_50_or_all_missing_or_effectively_constant_in_fit_never_remove_visits,A06_frozen_crosscheck_directive,apply_official_0_to_3_scoring_then_one_hot,BENCHMARK04C/BENCHMARK05,1414,True,categorical_numeric_code_candidate,numeric,official_FAQ_code_to_score_map_0to0_1to0_2to1_3to1_4to2_5to3+median_impute+missing_indicator+standardize,faq_official_item_score_map
2.0.0-crosschecked-b,True,benchmark04b,af33ab072e44c35c04b442a5,FAQ,FAQMEAL,FAQ__FAQMEAL,visit,True,False,6,True,categorical,categorical_one_hot,officially_scored_functional_item,faq_official_item_score_map,50,distinct_fit_participants_with_observed_original_feature,recomputed_per_scenario_and_per_temporal_block_on_fit_data,False,True,True,remove_column_if_support_lt_50_or_all_missing_or_effectively_constant_in_fit_never_remove_visits,A06_frozen_crosscheck_directive,apply_official_0_to_3_scoring_then_one_hot,BENCHMARK04C/BENCHMARK05,1414,True,categorical_numeric_code_candidate,numeric,official_FAQ_code_to_score_map_0to0_1to0_2to1_3to1_4to2_5to3+median_impute+missing_indicator+standardize,faq_official_item_score_map
2.0.0-crosschecked-b,True,benchmark04b,af33ab072e44c35c04b442a5,FAQ,FAQEVENT,FAQ__FAQEVENT,visit,True,False,7,True,categorical,categorical_one_hot,officially_scored_functional_item,faq_official_item_score_map,50,distinct_fit_participants_with_observed_original_feature,recomputed_per_scenario_and_per_temporal_block_on_fit_data,False,True,True,remove_column_if_support_lt_50_or_all_missing_or_effectively_constant_in_fit_never_remove_visits,A06_frozen_crosscheck_directive,apply_official_0_to_3_scoring_then_one_hot,BENCHMARK04C/BENCHMARK05,1414,True,categorical_numeric_code_candidate,numeric,official_FAQ_code_to_score_map_0to0_1to0_2to1_3to1_4to2_5to3+median_impute+missing_indicator+standardize,faq_official_item_score_map
2.0.0-crosschecked-b,True,benchmark04b,af33ab072e44c35c04b442a5,FAQ,FAQTV,FAQ__FAQTV,visit,True,False,8,True,categorical,categorical_one_hot,officially_scored_functional_item,faq_official_item_score_map,50,distinct_fit_participants_with_observed_original_feature,recomputed_per_scenario_and_per_temporal_block_on_fit_data,False,True,True,remove_column_if_support_lt_50_or_all_missing_or_effectively_constant_in_fit_never_remove_visits,A06_frozen_crosscheck_directive,apply_official_0_to_3_scoring_then_one_hot,BENCHMARK04C/BENCHMARK05,1414,True,categorical_numeric_code_candidate,numeric,official_FAQ_code_to_score_map_0to0_1to0_2to1_3to1_4to2_5to3+median_impute+missing_indicator+standardize,faq_official_item_score_map
2.0.0-crosschecked-b,True,benchmark04b,af33ab072e44c35c04b442a5,FAQ,FAQREM,FAQ__FAQREM,visit,True,False,9,True,categorical,categorical_one_hot,officially_scored_functional_item,faq_official_item_score_map,50,distinct_fit_participants_with_observed_original_feature,recomputed_per_scenario_and_per_temporal_block_on_fit_data,False,True,True,remove_column_if_support_lt_50_or_all_missing_or_effectively_constant_in_fit_never_remove_visits,A06_frozen_crosscheck_directive,apply_official_0_to_3_scoring_then_one_hot,BENCHMARK04C/BENCHMARK05,1413,True,categorical_numeric_code_candidate,numeric,official_FAQ_code_to_score_map_0to0_1to0_2to1_3to1_4to2_5to3+median_impute+missing_indicator+standardize,faq_official_item_score_map
2.0.0-crosschecked-b,True,benchmark04b,af33ab072e44c35c04b442a5,FAQ,FAQTRAVL,FAQ__FAQTRAVL,visit,True,False,10,True,categorical,categorical_one_hot,officially_scored_functional_item,faq_official_item_score_map,50,distinct_fit_participants_with_observed_original_feature,recomputed_per_scenario_and_per_temporal_block_on_fit_data,False,True,True,remove_column_if_support_lt_50_or_all_missing_or_effectively_constant_in_fit_never_remove_visits,A06_frozen_crosscheck_directive,apply_official_0_to_3_scoring_then_one_hot,BENCHMARK04C/BENCHMARK05,1413,True,categorical_numeric_code_candidate,numeric,official_FAQ_code_to_score_map_0to0_1to0_2to1_3to1_4to2_5to3+median_impute+missing_indicator+standardize,faq_official_item_score_map
2.0.0-crosschecked-b,True,benchmark04b,af33ab072e44c35c04b442a5,FAQ,FAQTOTAL,FAQ__FAQTOTAL,visit,True,False,11,True,numeric,numeric_standardized,official_summary_score,numeric_identity,50,distinct_fit_participants_with_observed_original_feature,recomputed_per_scenario_and_per_temporal_block_on_fit_data,False,True,True,remove_column_if_support_lt_50_or_all_missing_or_effectively_constant_in_fit_never_remove_visits,A06_frozen_crosscheck_directive,retain_official_summary_score_policy,BENCHMARK04C,1412,True,numeric_candidate,numeric,median_impute+missing_indicator+standardize,numeric_identity
2.0.0-crosschecked-b,True,benchmark04b,af33ab072e44c35c04b442a5,FAQ,SOURCE,FAQ__SOURCE,visit,False,False,,False,excluded,excluded,administration_protocol_or_semantically_excluded,none,50,distinct_fit_participants_with_observed_original_feature,recomputed_per_scenario_and_per_temporal_block_on_fit_data,False,True,True,remove_column_if_support_lt_50_or_all_missing_or_effectively_constant_in_fit_never_remove_visits,A06_frozen_crosscheck_exclusion,frozen_crosscheck_exclusion,A06,,True,not_profiled_removed_upstream,categorical,explicit_missing_category+one_hot_ignore_unknown,categorical_identity
2.0.0-crosschecked-b,True,benchmark04b,af33ab072e44c35c04b442a5,MMSE,MMDATE,MMSE__MMDATE,visit,True,False,2,True,binary,binary_identity,cognitive_item_or_measure,identity,50,distinct_fit_participants_with_observed_original_feature,recomputed_per_scenario_and_per_temporal_block_on_fit_data,False,True,True,remove_column_if_support_lt_50_or_all_missing_or_effectively_constant_in_fit_never_remove_visits,legacy_schema_preserved_for_unchanged_feature,unchanged_feature_preserves_legacy_frozen_semantic_decision,preserved_from_legacy_schema,1858,True,binary_numeric_candidate,binary,train_binary_mapping+median_impute+missing_indicator,identity
2.0.0-crosschecked-b,True,benchmark04b,af33ab072e44c35c04b442a5,MMSE,MMYEAR,MMSE__MMYEAR,visit,True,False,3,True,binary,binary_identity,cognitive_item_or_measure,identity,50,distinct_fit_participants_with_observed_original_feature,recomputed_per_scenario_and_per_temporal_block_on_fit_data,False,True,True,remove_column_if_support_lt_50_or_all_missing_or_effectively_constant_in_fit_never_remove_visits,legacy_schema_preserved_for_unchanged_feature,unchanged_feature_preserves_legacy_frozen_semantic_decision,preserved_from_legacy_schema,1858,True,binary_numeric_candidate,binary,train_binary_mapping+median_impute+missing_indicator,identity
2.0.0-crosschecked-b,True,benchmark04b,af33ab072e44c35c04b442a5,MMSE,MMMONTH,MMSE__MMMONTH,visit,True,False,4,True,binary,binary_identity,cognitive_item_or_measure,identity,50,distinct_fit_participants_with_observed_original_feature,recomputed_per_scenario_and_per_temporal_block_on_fit_data,False,True,True,remove_column_if_support_lt_50_or_all_missing_or_effectively_constant_in_fit_never_remove_visits,legacy_schema_preserved_for_unchanged_feature,unchanged_feature_preserves_legacy_frozen_semantic_decision,preserved_from_legacy_schema,1858,True,binary_numeric_candidate,binary,train_binary_mapping+median_impute+missing_indicator,identity
2.0.0-crosschecked-b,True,benchmark04b,af33ab072e44c35c04b442a5,MMSE,MMDAY,MMSE__MMDAY,visit,True,False,5,True,binary,binary_identity,cognitive_item_or_measure,identity,50,distinct_fit_participants_with_observed_original_feature,recomputed_per_scenario_and_per_temporal_block_on_fit_data,False,True,True,remove_column_if_support_lt_50_or_all_missing_or_effectively_constant_in_fit_never_remove_visits,legacy_schema_preserved_for_unchanged_feature,unchanged_feature_preserves_legacy_frozen_semantic_decision,preserved_from_legacy_schema,1858,True,binary_numeric_candidate,binary,train_binary_mapping+median_impute+missing_indicator,identity
2.0.0-crosschecked-b,True,benchmark04b,af33ab072e44c35c04b442a5,MMSE,MMSEASON,MMSE__MMSEASON,visit,True,False,6,True,binary,binary_identity,cognitive_item_or_measure,identity,50,distinct_fit_participants_with_observed_original_feature,recomputed_per_scenario_and_per_temporal_block_on_fit_data,False,True,True,remove_column_if_support_lt_50_or_all_missing_or_effectively_constant_in_fit_never_remove_visits,legacy_schema_preserved_for_unchanged_feature,unchanged_feature_preserves_legacy_frozen_semantic_decision,preserved_from_legacy_schema,1858,True,binary_numeric_candidate,binary,train_binary_mapping+median_impute+missing_indicator,identity
2.0.0-crosschecked-b,True,benchmark04b,af33ab072e44c35c04b442a5,MMSE,MMHOSPIT,MMSE__MMHOSPIT,visit,True,False,7,True,binary,binary_identity,cognitive_item_or_measure,identity,50,distinct_fit_participants_with_observed_original_feature,recomputed_per_scenario_and_per_temporal_block_on_fit_data,False,True,True,remove_column_if_support_lt_50_or_all_missing_or_effectively_constant_in_fit_never_remove_visits,legacy_schema_preserved_for_unchanged_feature,unchanged_feature_preserves_legacy_frozen_semantic_decision,preserved_from_legacy_schema,1858,True,binary_numeric_candidate,binary,train_binary_mapping+median_impute+missing_indicator,identity
2.0.0-crosschecked-b,True,benchmark04b,af33ab072e44c35c04b442a5,MMSE,MMFLOOR,MMSE__MMFLOOR,visit,True,False,8,True,binary,binary_identity,cognitive_item_or_measure,identity,50,distinct_fit_participants_with_observed_original_feature,recomputed_per_scenario_and_per_temporal_block_on_fit_data,False,True,True,remove_column_if_support_lt_50_or_all_missing_or_effectively_constant_in_fit_never_remove_visits,legacy_schema_preserved_for_unchanged_feature,unchanged_feature_preserves_legacy_frozen_semantic_decision,preserved_from_legacy_schema,1858,True,binary_numeric_candidate,binary,train_binary_mapping+median_impute+missing_indicator,identity
2.0.0-crosschecked-b,True,benchmark04b,af33ab072e44c35c04b442a5,MMSE,MMCITY,MMSE__MMCITY,visit,True,False,9,True,binary,binary_identity,cognitive_item_or_measure,identity,50,distinct_fit_participants_with_observed_original_feature,recomputed_per_scenario_and_per_temporal_block_on_fit_data,False,True,True,remove_column_if_support_lt_50_or_all_missing_or_effectively_constant_in_fit_never_remove_visits,legacy_schema_preserved_for_unchanged_feature,unchanged_feature_preserves_legacy_frozen_semantic_decision,preserved_from_legacy_schema,1858,True,binary_numeric_candidate,binary,train_binary_mapping+median_impute+missing_indicator,identity
2.0.0-crosschecked-b,True,benchmark04b,af33ab072e44c35c04b442a5,MMSE,MMAREA,MMSE__MMAREA,visit,True,False,10,True,binary,binary_identity,cognitive_item_or_measure,identity,50,distinct_fit_participants_with_observed_original_feature,recomputed_per_scenario_and_per_temporal_block_on_fit_data,False,True,True,remove_column_if_support_lt_50_or_all_missing_or_effectively_constant_in_fit_never_remove_visits,legacy_schema_preserved_for_unchanged_feature,unchanged_feature_preserves_legacy_frozen_semantic_decision,preserved_from_legacy_schema,1858,True,binary_numeric_candidate,binary,train_binary_mapping+median_impute+missing_indicator,identity
2.0.0-crosschecked-b,True,benchmark04b,af33ab072e44c35c04b442a5,MMSE,MMSTATE,MMSE__MMSTATE,visit,True,False,11,True,binary,binary_identity,cognitive_item_or_measure,identity,50,distinct_fit_participants_with_observed_original_feature,recomputed_per_scenario_and_per_temporal_block_on_fit_data,False,True,True,remove_column_if_support_lt_50_or_all_missing_or_effectively_constant_in_fit_never_remove_visits,legacy_schema_preserved_for_unchanged_feature,unchanged_feature_preserves_legacy_frozen_semantic_decision,preserved_from_legacy_schema,1858,True,binary_numeric_candidate,binary,train_binary_mapping+median_impute+missing_indicator,identity
2.0.0-crosschecked-b,True,benchmark04b,af33ab072e44c35c04b442a5,MMSE,WORD1,MMSE__WORD1,visit,True,False,12,True,binary,binary_identity,cognitive_item_or_measure,binary_zero_one_identity,50,distinct_fit_participants_with_observed_original_feature,recomputed_per_scenario_and_per_temporal_block_on_fit_data,False,True,True,remove_column_if_support_lt_50_or_all_missing_or_effectively_constant_in_fit_never_remove_visits,legacy_schema_preserved_for_unchanged_feature,unchanged_feature_preserves_legacy_frozen_semantic_decision,preserved_from_legacy_schema,1858,True,binary_numeric_candidate,binary,train_binary_mapping+median_impute+missing_indicator,binary_zero_one_identity
2.0.0-crosschecked-b,True,benchmark04b,af33ab072e44c35c04b442a5,MMSE,WORD2,MMSE__WORD2,visit,True,False,13,True,binary,binary_identity,cognitive_item_or_measure,binary_zero_one_identity,50,distinct_fit_participants_with_observed_original_feature,recomputed_per_scenario_and_per_temporal_block_on_fit_data,False,True,True,remove_column_if_support_lt_50_or_all_missing_or_effectively_constant_in_fit_never_remove_visits,legacy_schema_preserved_for_unchanged_feature,unchanged_feature_preserves_legacy_frozen_semantic_decision,preserved_from_legacy_schema,1858,True,binary_numeric_candidate,binary,train_binary_mapping+median_impute+missing_indicator,binary_zero_one_identity
2.0.0-crosschecked-b,True,benchmark04b,af33ab072e44c35c04b442a5,MMSE,WORD3,MMSE__WORD3,visit,True,False,14,True,binary,binary_identity,cognitive_item_or_measure,binary_zero_one_identity,50,distinct_fit_participants_with_observed_original_feature,recomputed_per_scenario_and_per_temporal_block_on_fit_data,False,True,True,remove_column_if_support_lt_50_or_all_missing_or_effectively_constant_in_fit_never_remove_visits,legacy_schema_preserved_for_unchanged_feature,unchanged_feature_preserves_legacy_frozen_semantic_decision,preserved_from_legacy_schema,1858,True,binary_numeric_candidate,binary,train_binary_mapping+median_impute+missing_indicator,binary_zero_one_identity
2.0.0-crosschecked-b,True,benchmark04b,af33ab072e44c35c04b442a5,MMSE,MMTRIALS,MMSE__MMTRIALS,visit,True,False,15,True,numeric,numeric_standardized,cognitive_item_or_measure,identity,50,distinct_fit_participants_with_observed_original_feature,recomputed_per_scenario_and_per_temporal_block_on_fit_data,False,True,True,remove_column_if_support_lt_50_or_all_missing_or_effectively_constant_in_fit_never_remove_visits,legacy_schema_preserved_for_unchanged_feature,unchanged_feature_preserves_legacy_frozen_semantic_decision,preserved_from_legacy_schema,1080,True,categorical_numeric_code_candidate,numeric,median_impute+missing_indicator+standardize,identity
2.0.0-crosschecked-b,True,benchmark04b,af33ab072e44c35c04b442a5,MMSE,WORD1DL,MMSE__WORD1DL,visit,True,False,16,True,binary,binary_identity,cognitive_item_or_measure,binary_zero_one_identity,50,distinct_fit_participants_with_observed_original_feature,recomputed_per_scenario_and_per_temporal_block_on_fit_data,False,True,True,remove_column_if_support_lt_50_or_all_missing_or_effectively_constant_in_fit_never_remove_visits,legacy_schema_preserved_for_unchanged_feature,unchanged_feature_preserves_legacy_frozen_semantic_decision,preserved_from_legacy_schema,1858,True,binary_numeric_candidate,binary,train_binary_mapping+median_impute+missing_indicator,binary_zero_one_identity
2.0.0-crosschecked-b,True,benchmark04b,af33ab072e44c35c04b442a5,MMSE,WORD2DL,MMSE__WORD2DL,visit,True,False,17,True,binary,binary_identity,cognitive_item_or_measure,binary_zero_one_identity,50,distinct_fit_participants_with_observed_original_feature,recomputed_per_scenario_and_per_temporal_block_on_fit_data,False,True,True,remove_column_if_support_lt_50_or_all_missing_or_effectively_constant_in_fit_never_remove_visits,legacy_schema_preserved_for_unchanged_feature,unchanged_feature_preserves_legacy_frozen_semantic_decision,preserved_from_legacy_schema,1858,True,binary_numeric_candidate,binary,train_binary_mapping+median_impute+missing_indicator,binary_zero_one_identity
2.0.0-crosschecked-b,True,benchmark04b,af33ab072e44c35c04b442a5,MMSE,WORD3DL,MMSE__WORD3DL,visit,True,False,18,True,binary,binary_identity,cognitive_item_or_measure,binary_zero_one_identity,50,distinct_fit_participants_with_observed_original_feature,recomputed_per_scenario_and_per_temporal_block_on_fit_data,False,True,True,remove_column_if_support_lt_50_or_all_missing_or_effectively_constant_in_fit_never_remove_visits,legacy_schema_preserved_for_unchanged_feature,unchanged_feature_preserves_legacy_frozen_semantic_decision,preserved_from_legacy_schema,1858,True,binary_numeric_candidate,binary,train_binary_mapping+median_impute+missing_indicator,binary_zero_one_identity
2.0.0-crosschecked-b,True,benchmark04b,af33ab072e44c35c04b442a5,MMSE,MMWATCH,MMSE__MMWATCH,visit,True,False,19,True,binary,binary_identity,cognitive_item_or_measure,identity,50,distinct_fit_participants_with_observed_original_feature,recomputed_per_scenario_and_per_temporal_block_on_fit_data,False,True,True,remove_column_if_support_lt_50_or_all_missing_or_effectively_constant_in_fit_never_remove_visits,legacy_schema_preserved_for_unchanged_feature,unchanged_feature_preserves_legacy_frozen_semantic_decision,preserved_from_legacy_schema,1858,True,binary_numeric_candidate,binary,train_binary_mapping+median_impute+missing_indicator,identity
2.0.0-crosschecked-b,True,benchmark04b,af33ab072e44c35c04b442a5,MMSE,MMPENCIL,MMSE__MMPENCIL,visit,True,False,20,True,binary,binary_identity,cognitive_item_or_measure,identity,50,distinct_fit_participants_with_observed_original_feature,recomputed_per_scenario_and_per_temporal_block_on_fit_data,False,True,True,remove_column_if_support_lt_50_or_all_missing_or_effectively_constant_in_fit_never_remove_visits,legacy_schema_preserved_for_unchanged_feature,unchanged_feature_preserves_legacy_frozen_semantic_decision,preserved_from_legacy_schema,1858,True,binary_numeric_candidate,binary,train_binary_mapping+median_impute+missing_indicator,identity
2.0.0-crosschecked-b,True,benchmark04b,af33ab072e44c35c04b442a5,MMSE,MMREPEAT,MMSE__MMREPEAT,visit,True,False,21,True,binary,binary_identity,cognitive_item_or_measure,identity,50,distinct_fit_participants_with_observed_original_feature,recomputed_per_scenario_and_per_temporal_block_on_fit_data,False,True,True,remove_column_if_support_lt_50_or_all_missing_or_effectively_constant_in_fit_never_remove_visits,legacy_schema_preserved_for_unchanged_feature,unchanged_feature_preserves_legacy_frozen_semantic_decision,preserved_from_legacy_schema,1858,True,binary_numeric_candidate,binary,train_binary_mapping+median_impute+missing_indicator,identity
2.0.0-crosschecked-b,True,benchmark04b,af33ab072e44c35c04b442a5,MMSE,MMHAND,MMSE__MMHAND,visit,True,False,22,True,binary,binary_identity,cognitive_item_or_measure,identity,50,distinct_fit_participants_with_observed_original_feature,recomputed_per_scenario_and_per_temporal_block_on_fit_data,False,True,True,remove_column_if_support_lt_50_or_all_missing_or_effectively_constant_in_fit_never_remove_visits,legacy_schema_preserved_for_unchanged_feature,unchanged_feature_preserves_legacy_frozen_semantic_decision,preserved_from_legacy_schema,1858,True,binary_numeric_candidate,binary,train_binary_mapping+median_impute+missing_indicator,identity
2.0.0-crosschecked-b,True,benchmark04b,af33ab072e44c35c04b442a5,MMSE,MMFOLD,MMSE__MMFOLD,visit,True,False,23,True,binary,binary_identity,cognitive_item_or_measure,identity,50,distinct_fit_participants_with_observed_original_feature,recomputed_per_scenario_and_per_temporal_block_on_fit_data,False,True,True,remove_column_if_support_lt_50_or_all_missing_or_effectively_constant_in_fit_never_remove_visits,legacy_schema_preserved_for_unchanged_feature,unchanged_feature_preserves_legacy_frozen_semantic_decision,preserved_from_legacy_schema,1858,True,binary_numeric_candidate,binary,train_binary_mapping+median_impute+missing_indicator,identity
2.0.0-crosschecked-b,True,benchmark04b,af33ab072e44c35c04b442a5,MMSE,MMONFLR,MMSE__MMONFLR,visit,True,False,24,True,binary,binary_identity,cognitive_item_or_measure,identity,50,distinct_fit_participants_with_observed_original_feature,recomputed_per_scenario_and_per_temporal_block_on_fit_data,False,True,True,remove_column_if_support_lt_50_or_all_missing_or_effectively_constant_in_fit_never_remove_visits,legacy_schema_preserved_for_unchanged_feature,unchanged_feature_preserves_legacy_frozen_semantic_decision,preserved_from_legacy_schema,1858,True,binary_numeric_candidate,binary,train_binary_mapping+median_impute+missing_indicator,identity
2.0.0-crosschecked-b,True,benchmark04b,af33ab072e44c35c04b442a5,MMSE,MMREAD,MMSE__MMREAD,visit,True,False,25,True,binary,binary_identity,cognitive_item_or_measure,identity,50,distinct_fit_participants_with_observed_original_feature,recomputed_per_scenario_and_per_temporal_block_on_fit_data,False,True,True,remove_column_if_support_lt_50_or_all_missing_or_effectively_constant_in_fit_never_remove_visits,legacy_schema_preserved_for_unchanged_feature,unchanged_feature_preserves_legacy_frozen_semantic_decision,preserved_from_legacy_schema,1858,True,binary_numeric_candidate,binary,train_binary_mapping+median_impute+missing_indicator,identity
2.0.0-crosschecked-b,True,benchmark04b,af33ab072e44c35c04b442a5,MMSE,MMWRITE,MMSE__MMWRITE,visit,True,False,26,True,binary,binary_identity,cognitive_item_or_measure,identity,50,distinct_fit_participants_with_observed_original_feature,recomputed_per_scenario_and_per_temporal_block_on_fit_data,False,True,True,remove_column_if_support_lt_50_or_all_missing_or_effectively_constant_in_fit_never_remove_visits,legacy_schema_preserved_for_unchanged_feature,unchanged_feature_preserves_legacy_frozen_semantic_decision,preserved_from_legacy_schema,1858,True,binary_numeric_candidate,binary,train_binary_mapping+median_impute+missing_indicator,identity
2.0.0-crosschecked-b,True,benchmark04b,af33ab072e44c35c04b442a5,MMSE,MMDRAW,MMSE__MMDRAW,visit,True,False,27,True,binary,binary_identity,cognitive_item_or_measure,identity,50,distinct_fit_participants_with_observed_original_feature,recomputed_per_scenario_and_per_temporal_block_on_fit_data,False,True,True,remove_column_if_support_lt_50_or_all_missing_or_effectively_constant_in_fit_never_remove_visits,legacy_schema_preserved_for_unchanged_feature,unchanged_feature_preserves_legacy_frozen_semantic_decision,preserved_from_legacy_schema,1858,True,binary_numeric_candidate,binary,train_binary_mapping+median_impute+missing_indicator,identity
2.0.0-crosschecked-b,True,benchmark04b,af33ab072e44c35c04b442a5,MMSE,MMSCORE,MMSE__MMSCORE,visit,True,False,28,True,numeric,numeric_standardized,official_summary_score,numeric_identity,50,distinct_fit_participants_with_observed_original_feature,recomputed_per_scenario_and_per_temporal_block_on_fit_data,False,True,True,remove_column_if_support_lt_50_or_all_missing_or_effectively_constant_in_fit_never_remove_visits,A06_frozen_crosscheck_directive,retain_official_summary_score_policy,BENCHMARK04C,1858,True,numeric_candidate,numeric,median_impute+missing_indicator+standardize,numeric_identity
2.0.0-crosschecked-b,True,benchmark04b,af33ab072e44c35c04b442a5,MMSE,MM_WORLD_SCORE,MMSE__MM_WORLD_SCORE,visit,True,False,29,True,numeric,numeric_standardized,harmonized_world_backwards_score,numeric_identity,50,distinct_fit_participants_with_observed_original_feature,recomputed_per_scenario_and_per_temporal_block_on_fit_data,False,True,True,remove_column_if_support_lt_50_or_all_missing_or_effectively_constant_in_fit_never_remove_visits,A06_frozen_crosscheck_directive,canonical_0_to_5_cross_phase_representation,A06,1858,True,categorical_numeric_code_candidate,,,
2.0.0-crosschecked-b,True,benchmark04b,af33ab072e44c35c04b442a5,MMSE,DONE,MMSE__DONE,visit,True,False,1,False,excluded,excluded,redundant_assessment_completion_status,none,50,distinct_fit_participants_with_observed_original_feature,recomputed_per_scenario_and_per_temporal_block_on_fit_data,False,True,True,remove_column_if_support_lt_50_or_all_missing_or_effectively_constant_in_fit_never_remove_visits,legacy_schema_preserved_exclusion_for_unchanged_feature,unchanged_feature_preserves_legacy_frozen_exclusion,preserved_from_legacy_schema,994,True,binary_numeric_candidate,excluded,none,none
2.0.0-crosschecked-b,True,benchmark04b,af33ab072e44c35c04b442a5,MMSE,MMD,MMSE__MMD,visit,False,False,,False,excluded,excluded,administration_protocol_or_semantically_excluded,none,50,distinct_fit_participants_with_observed_original_feature,recomputed_per_scenario_and_per_temporal_block_on_fit_data,False,True,True,remove_column_if_support_lt_50_or_all_missing_or_effectively_constant_in_fit_never_remove_visits,A06_frozen_crosscheck_exclusion,frozen_crosscheck_exclusion,A06,,True,not_profiled_removed_upstream,binary,train_binary_mapping+median_impute+missing_indicator,identity
2.0.0-crosschecked-b,True,benchmark04b,af33ab072e44c35c04b442a5,MMSE,MML,MMSE__MML,visit,False,False,,False,excluded,excluded,administration_protocol_or_semantically_excluded,none,50,distinct_fit_participants_with_observed_original_feature,recomputed_per_scenario_and_per_temporal_block_on_fit_data,False,True,True,remove_column_if_support_lt_50_or_all_missing_or_effectively_constant_in_fit_never_remove_visits,A06_frozen_crosscheck_exclusion,frozen_crosscheck_exclusion,A06,,True,not_profiled_removed_upstream,binary,train_binary_mapping+median_impute+missing_indicator,identity
2.0.0-crosschecked-b,True,benchmark04b,af33ab072e44c35c04b442a5,MMSE,MMLTR1,MMSE__MMLTR1,visit,False,False,,False,excluded,excluded,administration_protocol_or_semantically_excluded,none,50,distinct_fit_participants_with_observed_original_feature,recomputed_per_scenario_and_per_temporal_block_on_fit_data,False,True,True,remove_column_if_support_lt_50_or_all_missing_or_effectively_constant_in_fit_never_remove_visits,A06_frozen_crosscheck_exclusion,frozen_crosscheck_exclusion,A06,,True,not_profiled_removed_upstream,excluded,none,none
2.0.0-crosschecked-b,True,benchmark04b,af33ab072e44c35c04b442a5,MMSE,MMLTR2,MMSE__MMLTR2,visit,False,False,,False,excluded,excluded,administration_protocol_or_semantically_excluded,none,50,distinct_fit_participants_with_observed_original_feature,recomputed_per_scenario_and_per_temporal_block_on_fit_data,False,True,True,remove_column_if_support_lt_50_or_all_missing_or_effectively_constant_in_fit_never_remove_visits,A06_frozen_crosscheck_exclusion,frozen_crosscheck_exclusion,A06,,True,not_profiled_removed_upstream,excluded,none,none
2.0.0-crosschecked-b,True,benchmark04b,af33ab072e44c35c04b442a5,MMSE,MMLTR3,MMSE__MMLTR3,visit,False,False,,False,excluded,excluded,administration_protocol_or_semantically_excluded,none,50,distinct_fit_participants_with_observed_original_feature,recomputed_per_scenario_and_per_temporal_block_on_fit_data,False,True,True,remove_column_if_support_lt_50_or_all_missing_or_effectively_constant_in_fit_never_remove_visits,A06_frozen_crosscheck_exclusion,frozen_crosscheck_exclusion,A06,,True,not_profiled_removed_upstream,excluded,none,none
2.0.0-crosschecked-b,True,benchmark04b,af33ab072e44c35c04b442a5,MMSE,MMLTR4,MMSE__MMLTR4,visit,False,False,,False,excluded,excluded,administration_protocol_or_semantically_excluded,none,50,distinct_fit_participants_with_observed_original_feature,recomputed_per_scenario_and_per_temporal_block_on_fit_data,False,True,True,remove_column_if_support_lt_50_or_all_missing_or_effectively_constant_in_fit_never_remove_visits,A06_frozen_crosscheck_exclusion,frozen_crosscheck_exclusion,A06,,True,not_profiled_removed_upstream,excluded,none,none
2.0.0-crosschecked-b,True,benchmark04b,af33ab072e44c35c04b442a5,MMSE,MMLTR5,MMSE__MMLTR5,visit,False,False,,False,excluded,excluded,administration_protocol_or_semantically_excluded,none,50,distinct_fit_participants_with_observed_original_feature,recomputed_per_scenario_and_per_temporal_block_on_fit_data,False,True,True,remove_column_if_support_lt_50_or_all_missing_or_effectively_constant_in_fit_never_remove_visits,A06_frozen_crosscheck_exclusion,frozen_crosscheck_exclusion,A06,,True,not_profiled_removed_upstream,excluded,none,none
2.0.0-crosschecked-b,True,benchmark04b,af33ab072e44c35c04b442a5,MMSE,MMLTR6,MMSE__MMLTR6,visit,False,False,,False,excluded,excluded,administration_protocol_or_semantically_excluded,none,50,distinct_fit_participants_with_observed_original_feature,recomputed_per_scenario_and_per_temporal_block_on_fit_data,False,True,True,remove_column_if_support_lt_50_or_all_missing_or_effectively_constant_in_fit_never_remove_visits,A06_frozen_crosscheck_exclusion,frozen_crosscheck_exclusion,A06,,True,not_profiled_removed_upstream,excluded,none,none
2.0.0-crosschecked-b,True,benchmark04b,af33ab072e44c35c04b442a5,MMSE,MMLTR7,MMSE__MMLTR7,visit,False,False,,False,excluded,excluded,administration_protocol_or_semantically_excluded,none,50,distinct_fit_participants_with_observed_original_feature,recomputed_per_scenario_and_per_temporal_block_on_fit_data,False,True,True,remove_column_if_support_lt_50_or_all_missing_or_effectively_constant_in_fit_never_remove_visits,A06_frozen_crosscheck_exclusion,frozen_crosscheck_exclusion,A06,,True,not_profiled_removed_upstream,excluded,none,none
2.0.0-crosschecked-b,True,benchmark04b,af33ab072e44c35c04b442a5,MMSE,MMO,MMSE__MMO,visit,False,False,,False,excluded,excluded,administration_protocol_or_semantically_excluded,none,50,distinct_fit_participants_with_observed_original_feature,recomputed_per_scenario_and_per_temporal_block_on_fit_data,False,True,True,remove_column_if_support_lt_50_or_all_missing_or_effectively_constant_in_fit_never_remove_visits,A06_frozen_crosscheck_exclusion,frozen_crosscheck_exclusion,A06,,True,not_profiled_removed_upstream,binary,train_binary_mapping+median_impute+missing_indicator,identity
2.0.0-crosschecked-b,True,benchmark04b,af33ab072e44c35c04b442a5,MMSE,MMR,MMSE__MMR,visit,False,False,,False,excluded,excluded,administration_protocol_or_semantically_excluded,none,50,distinct_fit_participants_with_observed_original_feature,recomputed_per_scenario_and_per_temporal_block_on_fit_data,False,True,True,remove_column_if_support_lt_50_or_all_missing_or_effectively_constant_in_fit_never_remove_visits,A06_frozen_crosscheck_exclusion,frozen_crosscheck_exclusion,A06,,True,not_profiled_removed_upstream,binary,train_binary_mapping+median_impute+missing_indicator,identity
2.0.0-crosschecked-b,True,benchmark04b,af33ab072e44c35c04b442a5,MMSE,MMW,MMSE__MMW,visit,False,False,,False,excluded,excluded,administration_protocol_or_semantically_excluded,none,50,distinct_fit_participants_with_observed_original_feature,recomputed_per_scenario_and_per_temporal_block_on_fit_data,False,True,True,remove_column_if_support_lt_50_or_all_missing_or_effectively_constant_in_fit_never_remove_visits,A06_frozen_crosscheck_exclusion,frozen_crosscheck_exclusion,A06,,True,not_profiled_removed_upstream,binary,train_binary_mapping+median_impute+missing_indicator,identity
2.0.0-crosschecked-b,True,benchmark04b,af33ab072e44c35c04b442a5,MMSE,NDREASON,MMSE__NDREASON,visit,False,False,,False,excluded,excluded,administration_protocol_or_semantically_excluded,none,50,distinct_fit_participants_with_observed_original_feature,recomputed_per_scenario_and_per_temporal_block_on_fit_data,False,True,True,remove_column_if_support_lt_50_or_all_missing_or_effectively_constant_in_fit_never_remove_visits,A06_frozen_crosscheck_exclusion,frozen_crosscheck_exclusion,A06,,True,not_profiled_removed_upstream,categorical,explicit_missing_category+one_hot_ignore_unknown,identity
2.0.0-crosschecked-b,True,benchmark04b,af33ab072e44c35c04b442a5,MMSE,SOURCE,MMSE__SOURCE,visit,False,False,,False,excluded,excluded,administration_protocol_or_semantically_excluded,none,50,distinct_fit_participants_with_observed_original_feature,recomputed_per_scenario_and_per_temporal_block_on_fit_data,False,True,True,remove_column_if_support_lt_50_or_all_missing_or_effectively_constant_in_fit_never_remove_visits,A06_frozen_crosscheck_exclusion,frozen_crosscheck_exclusion,A06,,True,not_profiled_removed_upstream,categorical,explicit_missing_category+one_hot_ignore_unknown,identity
2.0.0-crosschecked-b,True,benchmark04b,af33ab072e44c35c04b442a5,MMSE,WORDLIST,MMSE__WORDLIST,visit,False,False,,False,excluded,excluded,administration_protocol_or_semantically_excluded,none,50,distinct_fit_participants_with_observed_original_feature,recomputed_per_scenario_and_per_temporal_block_on_fit_data,False,True,True,remove_column_if_support_lt_50_or_all_missing_or_effectively_constant_in_fit_never_remove_visits,A06_frozen_crosscheck_exclusion,frozen_crosscheck_exclusion,A06,,True,not_profiled_removed_upstream,categorical,explicit_missing_category+one_hot_ignore_unknown,categorical_identity
2.0.0-crosschecked-b,True,benchmark04b,af33ab072e44c35c04b442a5,MMSE,WORLDSCORE,MMSE__WORLDSCORE,visit,False,False,,False,excluded,excluded,administration_protocol_or_semantically_excluded,none,50,distinct_fit_participants_with_observed_original_feature,recomputed_per_scenario_and_per_temporal_block_on_fit_data,False,True,True,remove_column_if_support_lt_50_or_all_missing_or_effectively_constant_in_fit_never_remove_visits,A06_frozen_crosscheck_exclusion,frozen_crosscheck_exclusion,A06,,True,not_profiled_removed_upstream,numeric,median_impute+missing_indicator+standardize,identity
2.0.0-crosschecked-b,True,benchmark04b,af33ab072e44c35c04b442a5,MOCA,TRAILS,MOCA__TRAILS,visit,True,False,1,True,binary,binary_identity,cognitive_item_or_measure,identity,50,distinct_fit_participants_with_observed_original_feature,recomputed_per_scenario_and_per_temporal_block_on_fit_data,False,True,True,remove_column_if_support_lt_50_or_all_missing_or_effectively_constant_in_fit_never_remove_visits,legacy_schema_preserved_for_unchanged_feature,unchanged_feature_preserves_legacy_frozen_semantic_decision,preserved_from_legacy_schema,1037,True,binary_numeric_candidate,binary,train_binary_mapping+median_impute+missing_indicator,identity
2.0.0-crosschecked-b,True,benchmark04b,af33ab072e44c35c04b442a5,MOCA,CUBE,MOCA__CUBE,visit,True,False,2,True,binary,binary_identity,cognitive_item_or_measure,identity,50,distinct_fit_participants_with_observed_original_feature,recomputed_per_scenario_and_per_temporal_block_on_fit_data,False,True,True,remove_column_if_support_lt_50_or_all_missing_or_effectively_constant_in_fit_never_remove_visits,legacy_schema_preserved_for_unchanged_feature,unchanged_feature_preserves_legacy_frozen_semantic_decision,preserved_from_legacy_schema,1039,True,binary_numeric_candidate,binary,train_binary_mapping+median_impute+missing_indicator,identity
2.0.0-crosschecked-b,True,benchmark04b,af33ab072e44c35c04b442a5,MOCA,CLOCKCON,MOCA__CLOCKCON,visit,True,False,3,True,binary,binary_identity,cognitive_item_or_measure,identity,50,distinct_fit_participants_with_observed_original_feature,recomputed_per_scenario_and_per_temporal_block_on_fit_data,False,True,True,remove_column_if_support_lt_50_or_all_missing_or_effectively_constant_in_fit_never_remove_visits,legacy_schema_preserved_for_unchanged_feature,unchanged_feature_preserves_legacy_frozen_semantic_decision,preserved_from_legacy_schema,1035,True,binary_numeric_candidate,binary,train_binary_mapping+median_impute+missing_indicator,identity
2.0.0-crosschecked-b,True,benchmark04b,af33ab072e44c35c04b442a5,MOCA,CLOCKNO,MOCA__CLOCKNO,visit,True,False,4,True,binary,binary_identity,cognitive_item_or_measure,identity,50,distinct_fit_participants_with_observed_original_feature,recomputed_per_scenario_and_per_temporal_block_on_fit_data,False,True,True,remove_column_if_support_lt_50_or_all_missing_or_effectively_constant_in_fit_never_remove_visits,legacy_schema_preserved_for_unchanged_feature,unchanged_feature_preserves_legacy_frozen_semantic_decision,preserved_from_legacy_schema,1035,True,binary_numeric_candidate,binary,train_binary_mapping+median_impute+missing_indicator,identity
2.0.0-crosschecked-b,True,benchmark04b,af33ab072e44c35c04b442a5,MOCA,CLOCKHAN,MOCA__CLOCKHAN,visit,True,False,5,True,binary,binary_identity,cognitive_item_or_measure,identity,50,distinct_fit_participants_with_observed_original_feature,recomputed_per_scenario_and_per_temporal_block_on_fit_data,False,True,True,remove_column_if_support_lt_50_or_all_missing_or_effectively_constant_in_fit_never_remove_visits,legacy_schema_preserved_for_unchanged_feature,unchanged_feature_preserves_legacy_frozen_semantic_decision,preserved_from_legacy_schema,1035,True,binary_numeric_candidate,binary,train_binary_mapping+median_impute+missing_indicator,identity
2.0.0-crosschecked-b,True,benchmark04b,af33ab072e44c35c04b442a5,MOCA,LION,MOCA__LION,visit,True,False,6,True,binary,binary_identity,cognitive_item_or_measure,identity,50,distinct_fit_participants_with_observed_original_feature,recomputed_per_scenario_and_per_temporal_block_on_fit_data,False,True,True,remove_column_if_support_lt_50_or_all_missing_or_effectively_constant_in_fit_never_remove_visits,legacy_schema_preserved_for_unchanged_feature,unchanged_feature_preserves_legacy_frozen_semantic_decision,preserved_from_legacy_schema,1038,True,binary_numeric_candidate,binary,train_binary_mapping+median_impute+missing_indicator,identity
2.0.0-crosschecked-b,True,benchmark04b,af33ab072e44c35c04b442a5,MOCA,RHINO,MOCA__RHINO,visit,True,False,7,True,binary,binary_identity,cognitive_item_or_measure,identity,50,distinct_fit_participants_with_observed_original_feature,recomputed_per_scenario_and_per_temporal_block_on_fit_data,False,True,True,remove_column_if_support_lt_50_or_all_missing_or_effectively_constant_in_fit_never_remove_visits,legacy_schema_preserved_for_unchanged_feature,unchanged_feature_preserves_legacy_frozen_semantic_decision,preserved_from_legacy_schema,1038,True,binary_numeric_candidate,binary,train_binary_mapping+median_impute+missing_indicator,identity
2.0.0-crosschecked-b,True,benchmark04b,af33ab072e44c35c04b442a5,MOCA,CAMEL,MOCA__CAMEL,visit,True,False,8,True,binary,binary_identity,cognitive_item_or_measure,identity,50,distinct_fit_participants_with_observed_original_feature,recomputed_per_scenario_and_per_temporal_block_on_fit_data,False,True,True,remove_column_if_support_lt_50_or_all_missing_or_effectively_constant_in_fit_never_remove_visits,legacy_schema_preserved_for_unchanged_feature,unchanged_feature_preserves_legacy_frozen_semantic_decision,preserved_from_legacy_schema,1038,True,binary_numeric_candidate,binary,train_binary_mapping+median_impute+missing_indicator,identity
2.0.0-crosschecked-b,True,benchmark04b,af33ab072e44c35c04b442a5,MOCA,IMMT1W1,MOCA__IMMT1W1,visit,True,False,9,True,binary,binary_identity,cognitive_item_or_measure,identity,50,distinct_fit_participants_with_observed_original_feature,recomputed_per_scenario_and_per_temporal_block_on_fit_data,False,True,True,remove_column_if_support_lt_50_or_all_missing_or_effectively_constant_in_fit_never_remove_visits,legacy_schema_preserved_for_unchanged_feature,unchanged_feature_preserves_legacy_frozen_semantic_decision,preserved_from_legacy_schema,1036,True,binary_numeric_candidate,binary,train_binary_mapping+median_impute+missing_indicator,identity
2.0.0-crosschecked-b,True,benchmark04b,af33ab072e44c35c04b442a5,MOCA,IMMT1W2,MOCA__IMMT1W2,visit,True,False,10,True,binary,binary_identity,cognitive_item_or_measure,identity,50,distinct_fit_participants_with_observed_original_feature,recomputed_per_scenario_and_per_temporal_block_on_fit_data,False,True,True,remove_column_if_support_lt_50_or_all_missing_or_effectively_constant_in_fit_never_remove_visits,legacy_schema_preserved_for_unchanged_feature,unchanged_feature_preserves_legacy_frozen_semantic_decision,preserved_from_legacy_schema,1037,True,binary_numeric_candidate,binary,train_binary_mapping+median_impute+missing_indicator,identity
2.0.0-crosschecked-b,True,benchmark04b,af33ab072e44c35c04b442a5,MOCA,IMMT1W3,MOCA__IMMT1W3,visit,True,False,11,True,binary,binary_identity,cognitive_item_or_measure,identity,50,distinct_fit_participants_with_observed_original_feature,recomputed_per_scenario_and_per_temporal_block_on_fit_data,False,True,True,remove_column_if_support_lt_50_or_all_missing_or_effectively_constant_in_fit_never_remove_visits,legacy_schema_preserved_for_unchanged_feature,unchanged_feature_preserves_legacy_frozen_semantic_decision,preserved_from_legacy_schema,1037,True,binary_numeric_candidate,binary,train_binary_mapping+median_impute+missing_indicator,identity
2.0.0-crosschecked-b,True,benchmark04b,af33ab072e44c35c04b442a5,MOCA,IMMT1W4,MOCA__IMMT1W4,visit,True,False,12,True,binary,binary_identity,cognitive_item_or_measure,identity,50,distinct_fit_participants_with_observed_original_feature,recomputed_per_scenario_and_per_temporal_block_on_fit_data,False,True,True,remove_column_if_support_lt_50_or_all_missing_or_effectively_constant_in_fit_never_remove_visits,legacy_schema_preserved_for_unchanged_feature,unchanged_feature_preserves_legacy_frozen_semantic_decision,preserved_from_legacy_schema,1036,True,binary_numeric_candidate,binary,train_binary_mapping+median_impute+missing_indicator,identity
2.0.0-crosschecked-b,True,benchmark04b,af33ab072e44c35c04b442a5,MOCA,IMMT1W5,MOCA__IMMT1W5,visit,True,False,13,True,binary,binary_identity,cognitive_item_or_measure,identity,50,distinct_fit_participants_with_observed_original_feature,recomputed_per_scenario_and_per_temporal_block_on_fit_data,False,True,True,remove_column_if_support_lt_50_or_all_missing_or_effectively_constant_in_fit_never_remove_visits,legacy_schema_preserved_for_unchanged_feature,unchanged_feature_preserves_legacy_frozen_semantic_decision,preserved_from_legacy_schema,1038,True,binary_numeric_candidate,binary,train_binary_mapping+median_impute+missing_indicator,identity
2.0.0-crosschecked-b,True,benchmark04b,af33ab072e44c35c04b442a5,MOCA,IMMT2W1,MOCA__IMMT2W1,visit,True,False,14,True,binary,binary_identity,cognitive_item_or_measure,identity,50,distinct_fit_participants_with_observed_original_feature,recomputed_per_scenario_and_per_temporal_block_on_fit_data,False,True,True,remove_column_if_support_lt_50_or_all_missing_or_effectively_constant_in_fit_never_remove_visits,legacy_schema_preserved_for_unchanged_feature,unchanged_feature_preserves_legacy_frozen_semantic_decision,preserved_from_legacy_schema,1035,True,binary_numeric_candidate,binary,train_binary_mapping+median_impute+missing_indicator,identity
2.0.0-crosschecked-b,True,benchmark04b,af33ab072e44c35c04b442a5,MOCA,IMMT2W2,MOCA__IMMT2W2,visit,True,False,15,True,binary,binary_identity,cognitive_item_or_measure,identity,50,distinct_fit_participants_with_observed_original_feature,recomputed_per_scenario_and_per_temporal_block_on_fit_data,False,True,True,remove_column_if_support_lt_50_or_all_missing_or_effectively_constant_in_fit_never_remove_visits,legacy_schema_preserved_for_unchanged_feature,unchanged_feature_preserves_legacy_frozen_semantic_decision,preserved_from_legacy_schema,1035,True,binary_numeric_candidate,binary,train_binary_mapping+median_impute+missing_indicator,identity
2.0.0-crosschecked-b,True,benchmark04b,af33ab072e44c35c04b442a5,MOCA,IMMT2W3,MOCA__IMMT2W3,visit,True,False,16,True,binary,binary_identity,cognitive_item_or_measure,identity,50,distinct_fit_participants_with_observed_original_feature,recomputed_per_scenario_and_per_temporal_block_on_fit_data,False,True,True,remove_column_if_support_lt_50_or_all_missing_or_effectively_constant_in_fit_never_remove_visits,legacy_schema_preserved_for_unchanged_feature,unchanged_feature_preserves_legacy_frozen_semantic_decision,preserved_from_legacy_schema,1037,True,binary_numeric_candidate,binary,train_binary_mapping+median_impute+missing_indicator,identity
2.0.0-crosschecked-b,True,benchmark04b,af33ab072e44c35c04b442a5,MOCA,IMMT2W4,MOCA__IMMT2W4,visit,True,False,17,True,binary,binary_identity,cognitive_item_or_measure,identity,50,distinct_fit_participants_with_observed_original_feature,recomputed_per_scenario_and_per_temporal_block_on_fit_data,False,True,True,remove_column_if_support_lt_50_or_all_missing_or_effectively_constant_in_fit_never_remove_visits,legacy_schema_preserved_for_unchanged_feature,unchanged_feature_preserves_legacy_frozen_semantic_decision,preserved_from_legacy_schema,1037,True,binary_numeric_candidate,binary,train_binary_mapping+median_impute+missing_indicator,identity
2.0.0-crosschecked-b,True,benchmark04b,af33ab072e44c35c04b442a5,MOCA,IMMT2W5,MOCA__IMMT2W5,visit,True,False,18,True,binary,binary_identity,cognitive_item_or_measure,identity,50,distinct_fit_participants_with_observed_original_feature,recomputed_per_scenario_and_per_temporal_block_on_fit_data,False,True,True,remove_column_if_support_lt_50_or_all_missing_or_effectively_constant_in_fit_never_remove_visits,legacy_schema_preserved_for_unchanged_feature,unchanged_feature_preserves_legacy_frozen_semantic_decision,preserved_from_legacy_schema,1037,True,binary_numeric_candidate,binary,train_binary_mapping+median_impute+missing_indicator,identity
2.0.0-crosschecked-b,True,benchmark04b,af33ab072e44c35c04b442a5,MOCA,DIGFOR,MOCA__DIGFOR,visit,True,False,19,True,binary,binary_identity,cognitive_item_or_measure,identity,50,distinct_fit_participants_with_observed_original_feature,recomputed_per_scenario_and_per_temporal_block_on_fit_data,False,True,True,remove_column_if_support_lt_50_or_all_missing_or_effectively_constant_in_fit_never_remove_visits,legacy_schema_preserved_for_unchanged_feature,unchanged_feature_preserves_legacy_frozen_semantic_decision,preserved_from_legacy_schema,1039,True,binary_numeric_candidate,binary,train_binary_mapping+median_impute+missing_indicator,identity
2.0.0-crosschecked-b,True,benchmark04b,af33ab072e44c35c04b442a5,MOCA,DIGBACK,MOCA__DIGBACK,visit,True,False,20,True,binary,binary_identity,cognitive_item_or_measure,identity,50,distinct_fit_participants_with_observed_original_feature,recomputed_per_scenario_and_per_temporal_block_on_fit_data,False,True,True,remove_column_if_support_lt_50_or_all_missing_or_effectively_constant_in_fit_never_remove_visits,legacy_schema_preserved_for_unchanged_feature,unchanged_feature_preserves_legacy_frozen_semantic_decision,preserved_from_legacy_schema,1039,True,binary_numeric_candidate,binary,train_binary_mapping+median_impute+missing_indicator,identity
2.0.0-crosschecked-b,True,benchmark04b,af33ab072e44c35c04b442a5,MOCA,LETTERS,MOCA__LETTERS,visit,True,False,21,True,numeric,numeric_standardized,cognitive_item_or_measure,numeric_identity,50,distinct_fit_participants_with_observed_original_feature,recomputed_per_scenario_and_per_temporal_block_on_fit_data,False,True,True,remove_column_if_support_lt_50_or_all_missing_or_effectively_constant_in_fit_never_remove_visits,legacy_schema_preserved_for_unchanged_feature,unchanged_feature_preserves_legacy_frozen_semantic_decision,preserved_from_legacy_schema,1037,True,numeric_candidate,numeric,median_impute+missing_indicator+standardize,numeric_identity
2.0.0-crosschecked-b,True,benchmark04b,af33ab072e44c35c04b442a5,MOCA,SERIAL1,MOCA__SERIAL1,visit,True,False,22,True,binary,binary_identity,cognitive_item_or_measure,identity,50,distinct_fit_participants_with_observed_original_feature,recomputed_per_scenario_and_per_temporal_block_on_fit_data,False,True,True,remove_column_if_support_lt_50_or_all_missing_or_effectively_constant_in_fit_never_remove_visits,legacy_schema_preserved_for_unchanged_feature,unchanged_feature_preserves_legacy_frozen_semantic_decision,preserved_from_legacy_schema,1037,True,binary_numeric_candidate,binary,train_binary_mapping+median_impute+missing_indicator,identity
2.0.0-crosschecked-b,True,benchmark04b,af33ab072e44c35c04b442a5,MOCA,SERIAL2,MOCA__SERIAL2,visit,True,False,23,True,binary,binary_identity,cognitive_item_or_measure,identity,50,distinct_fit_participants_with_observed_original_feature,recomputed_per_scenario_and_per_temporal_block_on_fit_data,False,True,True,remove_column_if_support_lt_50_or_all_missing_or_effectively_constant_in_fit_never_remove_visits,legacy_schema_preserved_for_unchanged_feature,unchanged_feature_preserves_legacy_frozen_semantic_decision,preserved_from_legacy_schema,1035,True,binary_numeric_candidate,binary,train_binary_mapping+median_impute+missing_indicator,identity
2.0.0-crosschecked-b,True,benchmark04b,af33ab072e44c35c04b442a5,MOCA,SERIAL3,MOCA__SERIAL3,visit,True,False,24,True,binary,binary_identity,cognitive_item_or_measure,identity,50,distinct_fit_participants_with_observed_original_feature,recomputed_per_scenario_and_per_temporal_block_on_fit_data,False,True,True,remove_column_if_support_lt_50_or_all_missing_or_effectively_constant_in_fit_never_remove_visits,legacy_schema_preserved_for_unchanged_feature,unchanged_feature_preserves_legacy_frozen_semantic_decision,preserved_from_legacy_schema,1033,True,binary_numeric_candidate,binary,train_binary_mapping+median_impute+missing_indicator,identity
2.0.0-crosschecked-b,True,benchmark04b,af33ab072e44c35c04b442a5,MOCA,SERIAL4,MOCA__SERIAL4,visit,True,False,25,True,binary,binary_identity,cognitive_item_or_measure,identity,50,distinct_fit_participants_with_observed_original_feature,recomputed_per_scenario_and_per_temporal_block_on_fit_data,False,True,True,remove_column_if_support_lt_50_or_all_missing_or_effectively_constant_in_fit_never_remove_visits,legacy_schema_preserved_for_unchanged_feature,unchanged_feature_preserves_legacy_frozen_semantic_decision,preserved_from_legacy_schema,1033,True,binary_numeric_candidate,binary,train_binary_mapping+median_impute+missing_indicator,identity
2.0.0-crosschecked-b,True,benchmark04b,af33ab072e44c35c04b442a5,MOCA,SERIAL5,MOCA__SERIAL5,visit,True,False,26,True,binary,binary_identity,cognitive_item_or_measure,identity,50,distinct_fit_participants_with_observed_original_feature,recomputed_per_scenario_and_per_temporal_block_on_fit_data,False,True,True,remove_column_if_support_lt_50_or_all_missing_or_effectively_constant_in_fit_never_remove_visits,legacy_schema_preserved_for_unchanged_feature,unchanged_feature_preserves_legacy_frozen_semantic_decision,preserved_from_legacy_schema,1033,True,binary_numeric_candidate,binary,train_binary_mapping+median_impute+missing_indicator,identity
2.0.0-crosschecked-b,True,benchmark04b,af33ab072e44c35c04b442a5,MOCA,REPEAT1,MOCA__REPEAT1,visit,True,False,27,True,binary,binary_identity,cognitive_item_or_measure,identity,50,distinct_fit_participants_with_observed_original_feature,recomputed_per_scenario_and_per_temporal_block_on_fit_data,False,True,True,remove_column_if_support_lt_50_or_all_missing_or_effectively_constant_in_fit_never_remove_visits,legacy_schema_preserved_for_unchanged_feature,unchanged_feature_preserves_legacy_frozen_semantic_decision,preserved_from_legacy_schema,1038,True,binary_numeric_candidate,binary,train_binary_mapping+median_impute+missing_indicator,identity
2.0.0-crosschecked-b,True,benchmark04b,af33ab072e44c35c04b442a5,MOCA,REPEAT2,MOCA__REPEAT2,visit,True,False,28,True,binary,binary_identity,cognitive_item_or_measure,identity,50,distinct_fit_participants_with_observed_original_feature,recomputed_per_scenario_and_per_temporal_block_on_fit_data,False,True,True,remove_column_if_support_lt_50_or_all_missing_or_effectively_constant_in_fit_never_remove_visits,legacy_schema_preserved_for_unchanged_feature,unchanged_feature_preserves_legacy_frozen_semantic_decision,preserved_from_legacy_schema,1038,True,binary_numeric_candidate,binary,train_binary_mapping+median_impute+missing_indicator,identity
2.0.0-crosschecked-b,True,benchmark04b,af33ab072e44c35c04b442a5,MOCA,FFLUENCY,MOCA__FFLUENCY,visit,True,False,29,True,numeric,numeric_standardized,cognitive_item_or_measure,numeric_identity,50,distinct_fit_participants_with_observed_original_feature,recomputed_per_scenario_and_per_temporal_block_on_fit_data,False,True,True,remove_column_if_support_lt_50_or_all_missing_or_effectively_constant_in_fit_never_remove_visits,legacy_schema_preserved_for_unchanged_feature,unchanged_feature_preserves_legacy_frozen_semantic_decision,preserved_from_legacy_schema,1038,True,numeric_candidate,numeric,median_impute+missing_indicator+standardize,numeric_identity
2.0.0-crosschecked-b,True,benchmark04b,af33ab072e44c35c04b442a5,MOCA,ABSTRAN,MOCA__ABSTRAN,visit,True,False,30,True,binary,binary_identity,cognitive_item_or_measure,identity,50,distinct_fit_participants_with_observed_original_feature,recomputed_per_scenario_and_per_temporal_block_on_fit_data,False,True,True,remove_column_if_support_lt_50_or_all_missing_or_effectively_constant_in_fit_never_remove_visits,legacy_schema_preserved_for_unchanged_feature,unchanged_feature_preserves_legacy_frozen_semantic_decision,preserved_from_legacy_schema,1038,True,binary_numeric_candidate,binary,train_binary_mapping+median_impute+missing_indicator,identity
2.0.0-crosschecked-b,True,benchmark04b,af33ab072e44c35c04b442a5,MOCA,ABSMEAS,MOCA__ABSMEAS,visit,True,False,31,True,binary,binary_identity,cognitive_item_or_measure,identity,50,distinct_fit_participants_with_observed_original_feature,recomputed_per_scenario_and_per_temporal_block_on_fit_data,False,True,True,remove_column_if_support_lt_50_or_all_missing_or_effectively_constant_in_fit_never_remove_visits,legacy_schema_preserved_for_unchanged_feature,unchanged_feature_preserves_legacy_frozen_semantic_decision,preserved_from_legacy_schema,1038,True,binary_numeric_candidate,binary,train_binary_mapping+median_impute+missing_indicator,identity
2.0.0-crosschecked-b,True,benchmark04b,af33ab072e44c35c04b442a5,MOCA,DELW1,MOCA__DELW1,visit,True,False,32,True,categorical,categorical_one_hot,delayed_recall_response_or_cue_mode,categorical_identity,50,distinct_fit_participants_with_observed_original_feature,recomputed_per_scenario_and_per_temporal_block_on_fit_data,False,True,True,remove_column_if_support_lt_50_or_all_missing_or_effectively_constant_in_fit_never_remove_visits,A06_frozen_crosscheck_directive,distinct_response_modes_not_linear_scale,BENCHMARK04C,1037,True,categorical_numeric_code_candidate,categorical,explicit_missing_category+one_hot_ignore_unknown,identity
2.0.0-crosschecked-b,True,benchmark04b,af33ab072e44c35c04b442a5,MOCA,DELW2,MOCA__DELW2,visit,True,False,33,True,categorical,categorical_one_hot,delayed_recall_response_or_cue_mode,categorical_identity,50,distinct_fit_participants_with_observed_original_feature,recomputed_per_scenario_and_per_temporal_block_on_fit_data,False,True,True,remove_column_if_support_lt_50_or_all_missing_or_effectively_constant_in_fit_never_remove_visits,A06_frozen_crosscheck_directive,distinct_response_modes_not_linear_scale,BENCHMARK04C,1038,True,categorical_numeric_code_candidate,categorical,explicit_missing_category+one_hot_ignore_unknown,identity
2.0.0-crosschecked-b,True,benchmark04b,af33ab072e44c35c04b442a5,MOCA,DELW3,MOCA__DELW3,visit,True,False,34,True,categorical,categorical_one_hot,delayed_recall_response_or_cue_mode,categorical_identity,50,distinct_fit_participants_with_observed_original_feature,recomputed_per_scenario_and_per_temporal_block_on_fit_data,False,True,True,remove_column_if_support_lt_50_or_all_missing_or_effectively_constant_in_fit_never_remove_visits,A06_frozen_crosscheck_directive,distinct_response_modes_not_linear_scale,BENCHMARK04C,1038,True,categorical_numeric_code_candidate,categorical,explicit_missing_category+one_hot_ignore_unknown,identity
2.0.0-crosschecked-b,True,benchmark04b,af33ab072e44c35c04b442a5,MOCA,DELW4,MOCA__DELW4,visit,True,False,35,True,categorical,categorical_one_hot,delayed_recall_response_or_cue_mode,categorical_identity,50,distinct_fit_participants_with_observed_original_feature,recomputed_per_scenario_and_per_temporal_block_on_fit_data,False,True,True,remove_column_if_support_lt_50_or_all_missing_or_effectively_constant_in_fit_never_remove_visits,A06_frozen_crosscheck_directive,distinct_response_modes_not_linear_scale,BENCHMARK04C,1037,True,categorical_numeric_code_candidate,categorical,explicit_missing_category+one_hot_ignore_unknown,identity
2.0.0-crosschecked-b,True,benchmark04b,af33ab072e44c35c04b442a5,MOCA,DELW5,MOCA__DELW5,visit,True,False,36,True,categorical,categorical_one_hot,delayed_recall_response_or_cue_mode,categorical_identity,50,distinct_fit_participants_with_observed_original_feature,recomputed_per_scenario_and_per_temporal_block_on_fit_data,False,True,True,remove_column_if_support_lt_50_or_all_missing_or_effectively_constant_in_fit_never_remove_visits,A06_frozen_crosscheck_directive,distinct_response_modes_not_linear_scale,BENCHMARK04C,1037,True,categorical_numeric_code_candidate,categorical,explicit_missing_category+one_hot_ignore_unknown,identity
2.0.0-crosschecked-b,True,benchmark04b,af33ab072e44c35c04b442a5,MOCA,DATE,MOCA__DATE,visit,True,False,37,True,binary,binary_identity,cognitive_item_or_measure,identity,50,distinct_fit_participants_with_observed_original_feature,recomputed_per_scenario_and_per_temporal_block_on_fit_data,False,True,True,remove_column_if_support_lt_50_or_all_missing_or_effectively_constant_in_fit_never_remove_visits,legacy_schema_preserved_for_unchanged_feature,unchanged_feature_preserves_legacy_frozen_semantic_decision,preserved_from_legacy_schema,1039,True,binary_numeric_candidate,binary,train_binary_mapping+median_impute+missing_indicator,identity
2.0.0-crosschecked-b,True,benchmark04b,af33ab072e44c35c04b442a5,MOCA,MONTH,MOCA__MONTH,visit,True,False,38,True,binary,binary_identity,cognitive_item_or_measure,identity,50,distinct_fit_participants_with_observed_original_feature,recomputed_per_scenario_and_per_temporal_block_on_fit_data,False,True,True,remove_column_if_support_lt_50_or_all_missing_or_effectively_constant_in_fit_never_remove_visits,legacy_schema_preserved_for_unchanged_feature,unchanged_feature_preserves_legacy_frozen_semantic_decision,preserved_from_legacy_schema,1039,True,binary_numeric_candidate,binary,train_binary_mapping+median_impute+missing_indicator,identity
2.0.0-crosschecked-b,True,benchmark04b,af33ab072e44c35c04b442a5,MOCA,YEAR,MOCA__YEAR,visit,True,False,39,True,binary,binary_identity,cognitive_item_or_measure,identity,50,distinct_fit_participants_with_observed_original_feature,recomputed_per_scenario_and_per_temporal_block_on_fit_data,False,True,True,remove_column_if_support_lt_50_or_all_missing_or_effectively_constant_in_fit_never_remove_visits,legacy_schema_preserved_for_unchanged_feature,unchanged_feature_preserves_legacy_frozen_semantic_decision,preserved_from_legacy_schema,1039,True,binary_numeric_candidate,binary,train_binary_mapping+median_impute+missing_indicator,identity
2.0.0-crosschecked-b,True,benchmark04b,af33ab072e44c35c04b442a5,MOCA,DAY,MOCA__DAY,visit,True,False,40,True,binary,binary_identity,cognitive_item_or_measure,identity,50,distinct_fit_participants_with_observed_original_feature,recomputed_per_scenario_and_per_temporal_block_on_fit_data,False,True,True,remove_column_if_support_lt_50_or_all_missing_or_effectively_constant_in_fit_never_remove_visits,legacy_schema_preserved_for_unchanged_feature,unchanged_feature_preserves_legacy_frozen_semantic_decision,preserved_from_legacy_schema,1039,True,binary_numeric_candidate,binary,train_binary_mapping+median_impute+missing_indicator,identity
2.0.0-crosschecked-b,True,benchmark04b,af33ab072e44c35c04b442a5,MOCA,PLACE,MOCA__PLACE,visit,True,False,41,True,binary,binary_identity,cognitive_item_or_measure,identity,50,distinct_fit_participants_with_observed_original_feature,recomputed_per_scenario_and_per_temporal_block_on_fit_data,False,True,True,remove_column_if_support_lt_50_or_all_missing_or_effectively_constant_in_fit_never_remove_visits,legacy_schema_preserved_for_unchanged_feature,unchanged_feature_preserves_legacy_frozen_semantic_decision,preserved_from_legacy_schema,1039,True,binary_numeric_candidate,binary,train_binary_mapping+median_impute+missing_indicator,identity
2.0.0-crosschecked-b,True,benchmark04b,af33ab072e44c35c04b442a5,MOCA,CITY,MOCA__CITY,visit,True,False,42,True,binary,binary_identity,cognitive_item_or_measure,identity,50,distinct_fit_participants_with_observed_original_feature,recomputed_per_scenario_and_per_temporal_block_on_fit_data,False,True,True,remove_column_if_support_lt_50_or_all_missing_or_effectively_constant_in_fit_never_remove_visits,legacy_schema_preserved_for_unchanged_feature,unchanged_feature_preserves_legacy_frozen_semantic_decision,preserved_from_legacy_schema,1039,True,binary_numeric_candidate,binary,train_binary_mapping+median_impute+missing_indicator,identity
2.0.0-crosschecked-b,True,benchmark04b,af33ab072e44c35c04b442a5,MOCA,MOCA,MOCA__MOCA,visit,True,False,43,True,numeric,numeric_standardized,official_summary_score,numeric_identity,50,distinct_fit_participants_with_observed_original_feature,recomputed_per_scenario_and_per_temporal_block_on_fit_data,False,True,True,remove_column_if_support_lt_50_or_all_missing_or_effectively_constant_in_fit_never_remove_visits,A06_frozen_crosscheck_directive,retain_official_summary_score_policy,BENCHMARK04C,581,True,numeric_candidate,numeric,median_impute+missing_indicator+standardize,numeric_identity
2.0.0-crosschecked-b,True,benchmark04b,af33ab072e44c35c04b442a5,MOCA,SOURCE,MOCA__SOURCE,visit,False,False,,False,excluded,excluded,administration_protocol_or_semantically_excluded,none,50,distinct_fit_participants_with_observed_original_feature,recomputed_per_scenario_and_per_temporal_block_on_fit_data,False,True,True,remove_column_if_support_lt_50_or_all_missing_or_effectively_constant_in_fit_never_remove_visits,A06_frozen_crosscheck_exclusion,frozen_crosscheck_exclusion,A06,,True,not_profiled_removed_upstream,categorical,explicit_missing_category+one_hot_ignore_unknown,identity
2.0.0-crosschecked-b,True,benchmark04b,af33ab072e44c35c04b442a5,NEUROBAT,CLOCKCIRC,NEUROBAT__CLOCKCIRC,visit,True,False,1,True,binary,binary_identity,cognitive_item_or_measure,identity,50,distinct_fit_participants_with_observed_original_feature,recomputed_per_scenario_and_per_temporal_block_on_fit_data,False,True,True,remove_column_if_support_lt_50_or_all_missing_or_effectively_constant_in_fit_never_remove_visits,legacy_schema_preserved_for_unchanged_feature,unchanged_feature_preserves_legacy_frozen_semantic_decision,preserved_from_legacy_schema,1417,True,binary_numeric_candidate,binary,train_binary_mapping+median_impute+missing_indicator,identity
2.0.0-crosschecked-b,True,benchmark04b,af33ab072e44c35c04b442a5,NEUROBAT,CLOCKSYM,NEUROBAT__CLOCKSYM,visit,True,False,2,True,binary,binary_identity,cognitive_item_or_measure,identity,50,distinct_fit_participants_with_observed_original_feature,recomputed_per_scenario_and_per_temporal_block_on_fit_data,False,True,True,remove_column_if_support_lt_50_or_all_missing_or_effectively_constant_in_fit_never_remove_visits,legacy_schema_preserved_for_unchanged_feature,unchanged_feature_preserves_legacy_frozen_semantic_decision,preserved_from_legacy_schema,1417,True,binary_numeric_candidate,binary,train_binary_mapping+median_impute+missing_indicator,identity
2.0.0-crosschecked-b,True,benchmark04b,af33ab072e44c35c04b442a5,NEUROBAT,CLOCKNUM,NEUROBAT__CLOCKNUM,visit,True,False,3,True,binary,binary_identity,cognitive_item_or_measure,identity,50,distinct_fit_participants_with_observed_original_feature,recomputed_per_scenario_and_per_temporal_block_on_fit_data,False,True,True,remove_column_if_support_lt_50_or_all_missing_or_effectively_constant_in_fit_never_remove_visits,legacy_schema_preserved_for_unchanged_feature,unchanged_feature_preserves_legacy_frozen_semantic_decision,preserved_from_legacy_schema,1417,True,binary_numeric_candidate,binary,train_binary_mapping+median_impute+missing_indicator,identity
2.0.0-crosschecked-b,True,benchmark04b,af33ab072e44c35c04b442a5,NEUROBAT,CLOCKHAND,NEUROBAT__CLOCKHAND,visit,True,False,4,True,binary,binary_identity,cognitive_item_or_measure,identity,50,distinct_fit_participants_with_observed_original_feature,recomputed_per_scenario_and_per_temporal_block_on_fit_data,False,True,True,remove_column_if_support_lt_50_or_all_missing_or_effectively_constant_in_fit_never_remove_visits,legacy_schema_preserved_for_unchanged_feature,unchanged_feature_preserves_legacy_frozen_semantic_decision,preserved_from_legacy_schema,1417,True,binary_numeric_candidate,binary,train_binary_mapping+median_impute+missing_indicator,identity
2.0.0-crosschecked-b,True,benchmark04b,af33ab072e44c35c04b442a5,NEUROBAT,CLOCKTIME,NEUROBAT__CLOCKTIME,visit,True,False,5,True,binary,binary_identity,cognitive_item_or_measure,identity,50,distinct_fit_participants_with_observed_original_feature,recomputed_per_scenario_and_per_temporal_block_on_fit_data,False,True,True,remove_column_if_support_lt_50_or_all_missing_or_effectively_constant_in_fit_never_remove_visits,legacy_schema_preserved_for_unchanged_feature,unchanged_feature_preserves_legacy_frozen_semantic_decision,preserved_from_legacy_schema,1417,True,binary_numeric_candidate,binary,train_binary_mapping+median_impute+missing_indicator,identity
2.0.0-crosschecked-b,True,benchmark04b,af33ab072e44c35c04b442a5,NEUROBAT,CLOCKSCOR,NEUROBAT__CLOCKSCOR,visit,True,False,6,True,numeric,numeric_standardized,official_or_documented_summary_score,numeric_identity,50,distinct_fit_participants_with_observed_original_feature,recomputed_per_scenario_and_per_temporal_block_on_fit_data,False,True,True,remove_column_if_support_lt_50_or_all_missing_or_effectively_constant_in_fit_never_remove_visits,A06_frozen_crosscheck_directive,retain_official_summary_score_policy,BENCHMARK04C,1417,True,categorical_numeric_code_candidate,numeric,median_impute+missing_indicator+standardize,numeric_identity
2.0.0-crosschecked-b,True,benchmark04b,af33ab072e44c35c04b442a5,NEUROBAT,COPYCIRC,NEUROBAT__COPYCIRC,visit,True,False,7,True,binary,binary_identity,copy_component_correctness,binary_zero_one_identity,50,distinct_fit_participants_with_observed_original_feature,recomputed_per_scenario_and_per_temporal_block_on_fit_data,False,True,True,remove_column_if_support_lt_50_or_all_missing_or_effectively_constant_in_fit_never_remove_visits,legacy_schema_preserved_for_unchanged_feature,unchanged_feature_preserves_legacy_frozen_semantic_decision,preserved_from_legacy_schema,1417,True,binary_numeric_candidate,binary,train_binary_mapping+median_impute+missing_indicator,binary_zero_one_identity
2.0.0-crosschecked-b,True,benchmark04b,af33ab072e44c35c04b442a5,NEUROBAT,COPYSYM,NEUROBAT__COPYSYM,visit,True,False,8,True,binary,binary_identity,copy_component_correctness,binary_zero_one_identity,50,distinct_fit_participants_with_observed_original_feature,recomputed_per_scenario_and_per_temporal_block_on_fit_data,False,True,True,remove_column_if_support_lt_50_or_all_missing_or_effectively_constant_in_fit_never_remove_visits,legacy_schema_preserved_for_unchanged_feature,unchanged_feature_preserves_legacy_frozen_semantic_decision,preserved_from_legacy_schema,1417,True,binary_numeric_candidate,binary,train_binary_mapping+median_impute+missing_indicator,binary_zero_one_identity
2.0.0-crosschecked-b,True,benchmark04b,af33ab072e44c35c04b442a5,NEUROBAT,COPYNUM,NEUROBAT__COPYNUM,visit,True,False,9,True,binary,binary_identity,copy_component_correctness,binary_zero_one_identity,50,distinct_fit_participants_with_observed_original_feature,recomputed_per_scenario_and_per_temporal_block_on_fit_data,False,True,True,remove_column_if_support_lt_50_or_all_missing_or_effectively_constant_in_fit_never_remove_visits,legacy_schema_preserved_for_unchanged_feature,unchanged_feature_preserves_legacy_frozen_semantic_decision,preserved_from_legacy_schema,1417,True,binary_numeric_candidate,binary,train_binary_mapping+median_impute+missing_indicator,binary_zero_one_identity
2.0.0-crosschecked-b,True,benchmark04b,af33ab072e44c35c04b442a5,NEUROBAT,COPYHAND,NEUROBAT__COPYHAND,visit,True,False,10,True,binary,binary_identity,copy_component_correctness,binary_zero_one_identity,50,distinct_fit_participants_with_observed_original_feature,recomputed_per_scenario_and_per_temporal_block_on_fit_data,False,True,True,remove_column_if_support_lt_50_or_all_missing_or_effectively_constant_in_fit_never_remove_visits,legacy_schema_preserved_for_unchanged_feature,unchanged_feature_preserves_legacy_frozen_semantic_decision,preserved_from_legacy_schema,1417,True,binary_numeric_candidate,binary,train_binary_mapping+median_impute+missing_indicator,binary_zero_one_identity
2.0.0-crosschecked-b,True,benchmark04b,af33ab072e44c35c04b442a5,NEUROBAT,COPYTIME,NEUROBAT__COPYTIME,visit,True,False,11,True,binary,binary_identity,copy_component_correctness,binary_zero_one_identity,50,distinct_fit_participants_with_observed_original_feature,recomputed_per_scenario_and_per_temporal_block_on_fit_data,False,True,True,remove_column_if_support_lt_50_or_all_missing_or_effectively_constant_in_fit_never_remove_visits,legacy_schema_preserved_for_unchanged_feature,unchanged_feature_preserves_legacy_frozen_semantic_decision,preserved_from_legacy_schema,1417,True,binary_numeric_candidate,binary,train_binary_mapping+median_impute+missing_indicator,binary_zero_one_identity
2.0.0-crosschecked-b,True,benchmark04b,af33ab072e44c35c04b442a5,NEUROBAT,COPYSCOR,NEUROBAT__COPYSCOR,visit,True,False,12,True,numeric,numeric_standardized,official_or_documented_summary_score,numeric_identity,50,distinct_fit_participants_with_observed_original_feature,recomputed_per_scenario_and_per_temporal_block_on_fit_data,False,True,True,remove_column_if_support_lt_50_or_all_missing_or_effectively_constant_in_fit_never_remove_visits,A06_frozen_crosscheck_directive,retain_official_summary_score_policy,BENCHMARK04C,1417,True,categorical_numeric_code_candidate,numeric,median_impute+missing_indicator+standardize,numeric_identity
2.0.0-crosschecked-b,True,benchmark04b,af33ab072e44c35c04b442a5,NEUROBAT,LIMMTOTAL,NEUROBAT__LIMMTOTAL,visit,True,False,13,True,numeric,numeric_standardized,cognitive_item_or_measure,numeric_identity,50,distinct_fit_participants_with_observed_original_feature,recomputed_per_scenario_and_per_temporal_block_on_fit_data,False,True,True,remove_column_if_support_lt_50_or_all_missing_or_effectively_constant_in_fit_never_remove_visits,legacy_schema_preserved_for_unchanged_feature,unchanged_feature_preserves_legacy_frozen_semantic_decision,preserved_from_legacy_schema,1819,True,numeric_candidate,numeric,median_impute+missing_indicator+standardize,numeric_identity
2.0.0-crosschecked-b,True,benchmark04b,af33ab072e44c35c04b442a5,NEUROBAT,AVTOT1,NEUROBAT__AVTOT1,visit,True,False,14,True,numeric,numeric_standardized,cognitive_item_or_measure,numeric_identity,50,distinct_fit_participants_with_observed_original_feature,recomputed_per_scenario_and_per_temporal_block_on_fit_data,False,True,True,remove_column_if_support_lt_50_or_all_missing_or_effectively_constant_in_fit_never_remove_visits,legacy_schema_preserved_for_unchanged_feature,unchanged_feature_preserves_legacy_frozen_semantic_decision,preserved_from_legacy_schema,1414,True,categorical_numeric_code_candidate,numeric,median_impute+missing_indicator+standardize,numeric_identity
2.0.0-crosschecked-b,True,benchmark04b,af33ab072e44c35c04b442a5,NEUROBAT,AVERR1,NEUROBAT__AVERR1,visit,True,False,15,True,numeric,numeric_standardized,cognitive_item_or_measure,identity,50,distinct_fit_participants_with_observed_original_feature,recomputed_per_scenario_and_per_temporal_block_on_fit_data,False,True,True,remove_column_if_support_lt_50_or_all_missing_or_effectively_constant_in_fit_never_remove_visits,legacy_schema_preserved_for_unchanged_feature,unchanged_feature_preserves_legacy_frozen_semantic_decision,preserved_from_legacy_schema,1414,True,categorical_numeric_code_candidate,numeric,median_impute+missing_indicator+standardize,identity
2.0.0-crosschecked-b,True,benchmark04b,af33ab072e44c35c04b442a5,NEUROBAT,AVTOT2,NEUROBAT__AVTOT2,visit,True,False,16,True,numeric,numeric_standardized,cognitive_item_or_measure,numeric_identity,50,distinct_fit_participants_with_observed_original_feature,recomputed_per_scenario_and_per_temporal_block_on_fit_data,False,True,True,remove_column_if_support_lt_50_or_all_missing_or_effectively_constant_in_fit_never_remove_visits,legacy_schema_preserved_for_unchanged_feature,unchanged_feature_preserves_legacy_frozen_semantic_decision,preserved_from_legacy_schema,1413,True,categorical_numeric_code_candidate,numeric,median_impute+missing_indicator+standardize,numeric_identity
2.0.0-crosschecked-b,True,benchmark04b,af33ab072e44c35c04b442a5,NEUROBAT,AVERR2,NEUROBAT__AVERR2,visit,True,False,17,True,numeric,numeric_standardized,cognitive_item_or_measure,identity,50,distinct_fit_participants_with_observed_original_feature,recomputed_per_scenario_and_per_temporal_block_on_fit_data,False,True,True,remove_column_if_support_lt_50_or_all_missing_or_effectively_constant_in_fit_never_remove_visits,legacy_schema_preserved_for_unchanged_feature,unchanged_feature_preserves_legacy_frozen_semantic_decision,preserved_from_legacy_schema,1413,True,categorical_numeric_code_candidate,numeric,median_impute+missing_indicator+standardize,identity
2.0.0-crosschecked-b,True,benchmark04b,af33ab072e44c35c04b442a5,NEUROBAT,AVTOT3,NEUROBAT__AVTOT3,visit,True,False,18,True,numeric,numeric_standardized,cognitive_item_or_measure,numeric_identity,50,distinct_fit_participants_with_observed_original_feature,recomputed_per_scenario_and_per_temporal_block_on_fit_data,False,True,True,remove_column_if_support_lt_50_or_all_missing_or_effectively_constant_in_fit_never_remove_visits,legacy_schema_preserved_for_unchanged_feature,unchanged_feature_preserves_legacy_frozen_semantic_decision,preserved_from_legacy_schema,1413,True,categorical_numeric_code_candidate,numeric,median_impute+missing_indicator+standardize,numeric_identity
2.0.0-crosschecked-b,True,benchmark04b,af33ab072e44c35c04b442a5,NEUROBAT,AVERR3,NEUROBAT__AVERR3,visit,True,False,19,True,numeric,numeric_standardized,cognitive_item_or_measure,identity,50,distinct_fit_participants_with_observed_original_feature,recomputed_per_scenario_and_per_temporal_block_on_fit_data,False,True,True,remove_column_if_support_lt_50_or_all_missing_or_effectively_constant_in_fit_never_remove_visits,legacy_schema_preserved_for_unchanged_feature,unchanged_feature_preserves_legacy_frozen_semantic_decision,preserved_from_legacy_schema,1413,True,categorical_numeric_code_candidate,numeric,median_impute+missing_indicator+standardize,identity
2.0.0-crosschecked-b,True,benchmark04b,af33ab072e44c35c04b442a5,NEUROBAT,AVTOT4,NEUROBAT__AVTOT4,visit,True,False,20,True,numeric,numeric_standardized,cognitive_item_or_measure,numeric_identity,50,distinct_fit_participants_with_observed_original_feature,recomputed_per_scenario_and_per_temporal_block_on_fit_data,False,True,True,remove_column_if_support_lt_50_or_all_missing_or_effectively_constant_in_fit_never_remove_visits,legacy_schema_preserved_for_unchanged_feature,unchanged_feature_preserves_legacy_frozen_semantic_decision,preserved_from_legacy_schema,1413,True,categorical_numeric_code_candidate,numeric,median_impute+missing_indicator+standardize,numeric_identity
2.0.0-crosschecked-b,True,benchmark04b,af33ab072e44c35c04b442a5,NEUROBAT,AVERR4,NEUROBAT__AVERR4,visit,True,False,21,True,numeric,numeric_standardized,cognitive_item_or_measure,identity,50,distinct_fit_participants_with_observed_original_feature,recomputed_per_scenario_and_per_temporal_block_on_fit_data,False,True,True,remove_column_if_support_lt_50_or_all_missing_or_effectively_constant_in_fit_never_remove_visits,legacy_schema_preserved_for_unchanged_feature,unchanged_feature_preserves_legacy_frozen_semantic_decision,preserved_from_legacy_schema,1412,True,categorical_numeric_code_candidate,numeric,median_impute+missing_indicator+standardize,identity
2.0.0-crosschecked-b,True,benchmark04b,af33ab072e44c35c04b442a5,NEUROBAT,AVTOT5,NEUROBAT__AVTOT5,visit,True,False,22,True,numeric,numeric_standardized,cognitive_item_or_measure,numeric_identity,50,distinct_fit_participants_with_observed_original_feature,recomputed_per_scenario_and_per_temporal_block_on_fit_data,False,True,True,remove_column_if_support_lt_50_or_all_missing_or_effectively_constant_in_fit_never_remove_visits,legacy_schema_preserved_for_unchanged_feature,unchanged_feature_preserves_legacy_frozen_semantic_decision,preserved_from_legacy_schema,1413,True,categorical_numeric_code_candidate,numeric,median_impute+missing_indicator+standardize,numeric_identity
2.0.0-crosschecked-b,True,benchmark04b,af33ab072e44c35c04b442a5,NEUROBAT,AVERR5,NEUROBAT__AVERR5,visit,True,False,23,True,numeric,numeric_standardized,cognitive_item_or_measure,identity,50,distinct_fit_participants_with_observed_original_feature,recomputed_per_scenario_and_per_temporal_block_on_fit_data,False,True,True,remove_column_if_support_lt_50_or_all_missing_or_effectively_constant_in_fit_never_remove_visits,legacy_schema_preserved_for_unchanged_feature,unchanged_feature_preserves_legacy_frozen_semantic_decision,preserved_from_legacy_schema,1412,True,categorical_numeric_code_candidate,numeric,median_impute+missing_indicator+standardize,identity
2.0.0-crosschecked-b,True,benchmark04b,af33ab072e44c35c04b442a5,NEUROBAT,AVTOT6,NEUROBAT__AVTOT6,visit,True,False,24,True,numeric,numeric_standardized,cognitive_item_or_measure,numeric_identity,50,distinct_fit_participants_with_observed_original_feature,recomputed_per_scenario_and_per_temporal_block_on_fit_data,False,True,True,remove_column_if_support_lt_50_or_all_missing_or_effectively_constant_in_fit_never_remove_visits,legacy_schema_preserved_for_unchanged_feature,unchanged_feature_preserves_legacy_frozen_semantic_decision,preserved_from_legacy_schema,1412,True,categorical_numeric_code_candidate,numeric,median_impute+missing_indicator+standardize,numeric_identity
2.0.0-crosschecked-b,True,benchmark04b,af33ab072e44c35c04b442a5,NEUROBAT,AVERR6,NEUROBAT__AVERR6,visit,True,False,25,True,numeric,numeric_standardized,cognitive_item_or_measure,identity,50,distinct_fit_participants_with_observed_original_feature,recomputed_per_scenario_and_per_temporal_block_on_fit_data,False,True,True,remove_column_if_support_lt_50_or_all_missing_or_effectively_constant_in_fit_never_remove_visits,legacy_schema_preserved_for_unchanged_feature,unchanged_feature_preserves_legacy_frozen_semantic_decision,preserved_from_legacy_schema,1411,True,categorical_numeric_code_candidate,numeric,median_impute+missing_indicator+standardize,identity
2.0.0-crosschecked-b,True,benchmark04b,af33ab072e44c35c04b442a5,NEUROBAT,AVTOTB,NEUROBAT__AVTOTB,visit,True,False,26,True,numeric,numeric_standardized,cognitive_item_or_measure,numeric_identity,50,distinct_fit_participants_with_observed_original_feature,recomputed_per_scenario_and_per_temporal_block_on_fit_data,False,True,True,remove_column_if_support_lt_50_or_all_missing_or_effectively_constant_in_fit_never_remove_visits,legacy_schema_preserved_for_unchanged_feature,unchanged_feature_preserves_legacy_frozen_semantic_decision,preserved_from_legacy_schema,1413,True,categorical_numeric_code_candidate,numeric,median_impute+missing_indicator+standardize,numeric_identity
2.0.0-crosschecked-b,True,benchmark04b,af33ab072e44c35c04b442a5,NEUROBAT,AVERRB,NEUROBAT__AVERRB,visit,True,False,27,True,numeric,numeric_standardized,cognitive_item_or_measure,identity,50,distinct_fit_participants_with_observed_original_feature,recomputed_per_scenario_and_per_temporal_block_on_fit_data,False,True,True,remove_column_if_support_lt_50_or_all_missing_or_effectively_constant_in_fit_never_remove_visits,legacy_schema_preserved_for_unchanged_feature,unchanged_feature_preserves_legacy_frozen_semantic_decision,preserved_from_legacy_schema,1413,True,categorical_numeric_code_candidate,numeric,median_impute+missing_indicator+standardize,identity
2.0.0-crosschecked-b,True,benchmark04b,af33ab072e44c35c04b442a5,NEUROBAT,DSPANFOR,NEUROBAT__DSPANFOR,visit,True,False,28,True,numeric,numeric_standardized,cognitive_item_or_measure,identity,50,distinct_fit_participants_with_observed_original_feature,recomputed_per_scenario_and_per_temporal_block_on_fit_data,False,True,True,remove_column_if_support_lt_50_or_all_missing_or_effectively_constant_in_fit_never_remove_visits,legacy_schema_preserved_for_unchanged_feature,unchanged_feature_preserves_legacy_frozen_semantic_decision,preserved_from_legacy_schema,512,True,categorical_numeric_code_candidate,numeric,median_impute+missing_indicator+standardize,identity
2.0.0-crosschecked-b,True,benchmark04b,af33ab072e44c35c04b442a5,NEUROBAT,DSPANFLTH,NEUROBAT__DSPANFLTH,visit,True,False,29,True,numeric,numeric_standardized,cognitive_item_or_measure,identity,50,distinct_fit_participants_with_observed_original_feature,recomputed_per_scenario_and_per_temporal_block_on_fit_data,False,True,True,remove_column_if_support_lt_50_or_all_missing_or_effectively_constant_in_fit_never_remove_visits,legacy_schema_preserved_for_unchanged_feature,unchanged_feature_preserves_legacy_frozen_semantic_decision,preserved_from_legacy_schema,512,True,categorical_numeric_code_candidate,numeric,median_impute+missing_indicator+standardize,identity
2.0.0-crosschecked-b,True,benchmark04b,af33ab072e44c35c04b442a5,NEUROBAT,DSPANBAC,NEUROBAT__DSPANBAC,visit,True,False,30,True,numeric,numeric_standardized,cognitive_item_or_measure,identity,50,distinct_fit_participants_with_observed_original_feature,recomputed_per_scenario_and_per_temporal_block_on_fit_data,False,True,True,remove_column_if_support_lt_50_or_all_missing_or_effectively_constant_in_fit_never_remove_visits,legacy_schema_preserved_for_unchanged_feature,unchanged_feature_preserves_legacy_frozen_semantic_decision,preserved_from_legacy_schema,508,True,categorical_numeric_code_candidate,numeric,median_impute+missing_indicator+standardize,identity
2.0.0-crosschecked-b,True,benchmark04b,af33ab072e44c35c04b442a5,NEUROBAT,DSPANBLTH,NEUROBAT__DSPANBLTH,visit,True,False,31,True,numeric,numeric_standardized,cognitive_item_or_measure,identity,50,distinct_fit_participants_with_observed_original_feature,recomputed_per_scenario_and_per_temporal_block_on_fit_data,False,True,True,remove_column_if_support_lt_50_or_all_missing_or_effectively_constant_in_fit_never_remove_visits,legacy_schema_preserved_for_unchanged_feature,unchanged_feature_preserves_legacy_frozen_semantic_decision,preserved_from_legacy_schema,508,True,categorical_numeric_code_candidate,numeric,median_impute+missing_indicator+standardize,identity
2.0.0-crosschecked-b,True,benchmark04b,af33ab072e44c35c04b442a5,NEUROBAT,CATANIMSC,NEUROBAT__CATANIMSC,visit,True,False,32,True,numeric,numeric_standardized,cognitive_item_or_measure,numeric_identity,50,distinct_fit_participants_with_observed_original_feature,recomputed_per_scenario_and_per_temporal_block_on_fit_data,False,True,True,remove_column_if_support_lt_50_or_all_missing_or_effectively_constant_in_fit_never_remove_visits,legacy_schema_preserved_for_unchanged_feature,unchanged_feature_preserves_legacy_frozen_semantic_decision,preserved_from_legacy_schema,1417,True,numeric_candidate,numeric,median_impute+missing_indicator+standardize,numeric_identity
2.0.0-crosschecked-b,True,benchmark04b,af33ab072e44c35c04b442a5,NEUROBAT,CATANPERS,NEUROBAT__CATANPERS,visit,True,False,33,True,numeric,numeric_standardized,cognitive_item_or_measure,numeric_identity,50,distinct_fit_participants_with_observed_original_feature,recomputed_per_scenario_and_per_temporal_block_on_fit_data,False,True,True,remove_column_if_support_lt_50_or_all_missing_or_effectively_constant_in_fit_never_remove_visits,legacy_schema_preserved_for_unchanged_feature,unchanged_feature_preserves_legacy_frozen_semantic_decision,preserved_from_legacy_schema,1417,True,categorical_numeric_code_candidate,numeric,median_impute+missing_indicator+standardize,numeric_identity
2.0.0-crosschecked-b,True,benchmark04b,af33ab072e44c35c04b442a5,NEUROBAT,CATANINTR,NEUROBAT__CATANINTR,visit,True,False,34,True,numeric,numeric_standardized,cognitive_item_or_measure,numeric_identity,50,distinct_fit_participants_with_observed_original_feature,recomputed_per_scenario_and_per_temporal_block_on_fit_data,False,True,True,remove_column_if_support_lt_50_or_all_missing_or_effectively_constant_in_fit_never_remove_visits,legacy_schema_preserved_for_unchanged_feature,unchanged_feature_preserves_legacy_frozen_semantic_decision,preserved_from_legacy_schema,1416,True,categorical_numeric_code_candidate,numeric,median_impute+missing_indicator+standardize,numeric_identity
2.0.0-crosschecked-b,True,benchmark04b,af33ab072e44c35c04b442a5,NEUROBAT,CATVEGESC,NEUROBAT__CATVEGESC,visit,True,False,35,True,numeric,numeric_standardized,cognitive_item_or_measure,identity,50,distinct_fit_participants_with_observed_original_feature,recomputed_per_scenario_and_per_temporal_block_on_fit_data,False,True,True,remove_column_if_support_lt_50_or_all_missing_or_effectively_constant_in_fit_never_remove_visits,legacy_schema_preserved_for_unchanged_feature,unchanged_feature_preserves_legacy_frozen_semantic_decision,preserved_from_legacy_schema,512,True,numeric_candidate,numeric,median_impute+missing_indicator+standardize,identity
2.0.0-crosschecked-b,True,benchmark04b,af33ab072e44c35c04b442a5,NEUROBAT,CATVGPERS,NEUROBAT__CATVGPERS,visit,True,False,36,True,numeric,numeric_standardized,cognitive_item_or_measure,identity,50,distinct_fit_participants_with_observed_original_feature,recomputed_per_scenario_and_per_temporal_block_on_fit_data,False,True,True,remove_column_if_support_lt_50_or_all_missing_or_effectively_constant_in_fit_never_remove_visits,legacy_schema_preserved_for_unchanged_feature,unchanged_feature_preserves_legacy_frozen_semantic_decision,preserved_from_legacy_schema,512,True,categorical_numeric_code_candidate,numeric,median_impute+missing_indicator+standardize,identity
2.0.0-crosschecked-b,True,benchmark04b,af33ab072e44c35c04b442a5,NEUROBAT,CATVGINTR,NEUROBAT__CATVGINTR,visit,True,False,37,True,numeric,numeric_standardized,cognitive_item_or_measure,identity,50,distinct_fit_participants_with_observed_original_feature,recomputed_per_scenario_and_per_temporal_block_on_fit_data,False,True,True,remove_column_if_support_lt_50_or_all_missing_or_effectively_constant_in_fit_never_remove_visits,legacy_schema_preserved_for_unchanged_feature,unchanged_feature_preserves_legacy_frozen_semantic_decision,preserved_from_legacy_schema,512,True,categorical_numeric_code_candidate,numeric,median_impute+missing_indicator+standardize,identity
2.0.0-crosschecked-b,True,benchmark04b,af33ab072e44c35c04b442a5,NEUROBAT,TRAASCOR,NEUROBAT__TRAASCOR,visit,True,False,38,True,numeric,numeric_standardized,cognitive_item_or_measure,numeric_identity,50,distinct_fit_participants_with_observed_original_feature,recomputed_per_scenario_and_per_temporal_block_on_fit_data,False,True,True,remove_column_if_support_lt_50_or_all_missing_or_effectively_constant_in_fit_never_remove_visits,legacy_schema_preserved_for_unchanged_feature,unchanged_feature_preserves_legacy_frozen_semantic_decision,preserved_from_legacy_schema,1411,True,numeric_candidate,numeric,median_impute+missing_indicator+standardize,numeric_identity
2.0.0-crosschecked-b,True,benchmark04b,af33ab072e44c35c04b442a5,NEUROBAT,TRAAERRCOM,NEUROBAT__TRAAERRCOM,visit,True,False,39,True,numeric,numeric_standardized,cognitive_item_or_measure,identity,50,distinct_fit_participants_with_observed_original_feature,recomputed_per_scenario_and_per_temporal_block_on_fit_data,False,True,True,remove_column_if_support_lt_50_or_all_missing_or_effectively_constant_in_fit_never_remove_visits,legacy_schema_preserved_for_unchanged_feature,unchanged_feature_preserves_legacy_frozen_semantic_decision,preserved_from_legacy_schema,1411,True,categorical_numeric_code_candidate,numeric,median_impute+missing_indicator+standardize,identity
2.0.0-crosschecked-b,True,benchmark04b,af33ab072e44c35c04b442a5,NEUROBAT,TRAAERROM,NEUROBAT__TRAAERROM,visit,True,False,40,True,numeric,numeric_standardized,cognitive_item_or_measure,numeric_identity,50,distinct_fit_participants_with_observed_original_feature,recomputed_per_scenario_and_per_temporal_block_on_fit_data,False,True,True,remove_column_if_support_lt_50_or_all_missing_or_effectively_constant_in_fit_never_remove_visits,legacy_schema_preserved_for_unchanged_feature,unchanged_feature_preserves_legacy_frozen_semantic_decision,preserved_from_legacy_schema,1411,True,numeric_candidate,numeric,median_impute+missing_indicator+standardize,numeric_identity
2.0.0-crosschecked-b,True,benchmark04b,af33ab072e44c35c04b442a5,NEUROBAT,TRABSCOR,NEUROBAT__TRABSCOR,visit,True,False,41,True,numeric,numeric_standardized,cognitive_item_or_measure,numeric_identity,50,distinct_fit_participants_with_observed_original_feature,recomputed_per_scenario_and_per_temporal_block_on_fit_data,False,True,True,remove_column_if_support_lt_50_or_all_missing_or_effectively_constant_in_fit_never_remove_visits,legacy_schema_preserved_for_unchanged_feature,unchanged_feature_preserves_legacy_frozen_semantic_decision,preserved_from_legacy_schema,1387,True,numeric_candidate,numeric,median_impute+missing_indicator+standardize,numeric_identity
2.0.0-crosschecked-b,True,benchmark04b,af33ab072e44c35c04b442a5,NEUROBAT,TRABERRCOM,NEUROBAT__TRABERRCOM,visit,True,False,42,True,numeric,numeric_standardized,cognitive_item_or_measure,identity,50,distinct_fit_participants_with_observed_original_feature,recomputed_per_scenario_and_per_temporal_block_on_fit_data,False,True,True,remove_column_if_support_lt_50_or_all_missing_or_effectively_constant_in_fit_never_remove_visits,legacy_schema_preserved_for_unchanged_feature,unchanged_feature_preserves_legacy_frozen_semantic_decision,preserved_from_legacy_schema,1386,True,categorical_numeric_code_candidate,numeric,median_impute+missing_indicator+standardize,identity
2.0.0-crosschecked-b,True,benchmark04b,af33ab072e44c35c04b442a5,NEUROBAT,TRABERROM,NEUROBAT__TRABERROM,visit,True,False,43,True,numeric,numeric_standardized,cognitive_item_or_measure,numeric_identity,50,distinct_fit_participants_with_observed_original_feature,recomputed_per_scenario_and_per_temporal_block_on_fit_data,False,True,True,remove_column_if_support_lt_50_or_all_missing_or_effectively_constant_in_fit_never_remove_visits,legacy_schema_preserved_for_unchanged_feature,unchanged_feature_preserves_legacy_frozen_semantic_decision,preserved_from_legacy_schema,1386,True,numeric_candidate,numeric,median_impute+missing_indicator+standardize,numeric_identity
2.0.0-crosschecked-b,True,benchmark04b,af33ab072e44c35c04b442a5,NEUROBAT,DIGITSCOR,NEUROBAT__DIGITSCOR,visit,True,False,44,True,numeric,numeric_standardized,cognitive_item_or_measure,identity,50,distinct_fit_participants_with_observed_original_feature,recomputed_per_scenario_and_per_temporal_block_on_fit_data,False,True,True,remove_column_if_support_lt_50_or_all_missing_or_effectively_constant_in_fit_never_remove_visits,legacy_schema_preserved_for_unchanged_feature,unchanged_feature_preserves_legacy_frozen_semantic_decision,preserved_from_legacy_schema,510,True,numeric_candidate,numeric,median_impute+missing_indicator+standardize,identity
2.0.0-crosschecked-b,True,benchmark04b,af33ab072e44c35c04b442a5,NEUROBAT,LDELTOTAL,NEUROBAT__LDELTOTAL,visit,True,False,45,True,numeric,numeric_standardized,cognitive_item_or_measure,numeric_identity,50,distinct_fit_participants_with_observed_original_feature,recomputed_per_scenario_and_per_temporal_block_on_fit_data,False,True,True,remove_column_if_support_lt_50_or_all_missing_or_effectively_constant_in_fit_never_remove_visits,legacy_schema_preserved_for_unchanged_feature,unchanged_feature_preserves_legacy_frozen_semantic_decision,preserved_from_legacy_schema,1819,True,numeric_candidate,numeric,median_impute+missing_indicator+standardize,numeric_identity
2.0.0-crosschecked-b,True,benchmark04b,af33ab072e44c35c04b442a5,NEUROBAT,LDELCUE,NEUROBAT__LDELCUE,visit,True,False,46,True,binary,binary_identity,cognitive_item_or_measure,identity,50,distinct_fit_participants_with_observed_original_feature,recomputed_per_scenario_and_per_temporal_block_on_fit_data,False,True,True,remove_column_if_support_lt_50_or_all_missing_or_effectively_constant_in_fit_never_remove_visits,legacy_schema_preserved_for_unchanged_feature,unchanged_feature_preserves_legacy_frozen_semantic_decision,preserved_from_legacy_schema,1820,True,binary_numeric_candidate,binary,train_binary_mapping+median_impute+missing_indicator,identity
2.0.0-crosschecked-b,True,benchmark04b,af33ab072e44c35c04b442a5,NEUROBAT,BNTSPONT,NEUROBAT__BNTSPONT,visit,True,False,47,True,numeric,numeric_standardized,cognitive_item_or_measure,identity,50,distinct_fit_participants_with_observed_original_feature,recomputed_per_scenario_and_per_temporal_block_on_fit_data,False,True,True,remove_column_if_support_lt_50_or_all_missing_or_effectively_constant_in_fit_never_remove_visits,legacy_schema_preserved_for_unchanged_feature,unchanged_feature_preserves_legacy_frozen_semantic_decision,preserved_from_legacy_schema,1041,True,numeric_candidate,numeric,median_impute+missing_indicator+standardize,identity
2.0.0-crosschecked-b,True,benchmark04b,af33ab072e44c35c04b442a5,NEUROBAT,BNTSTIM,NEUROBAT__BNTSTIM,visit,True,False,48,True,numeric,numeric_standardized,cognitive_item_or_measure,identity,50,distinct_fit_participants_with_observed_original_feature,recomputed_per_scenario_and_per_temporal_block_on_fit_data,False,True,True,remove_column_if_support_lt_50_or_all_missing_or_effectively_constant_in_fit_never_remove_visits,legacy_schema_preserved_for_unchanged_feature,unchanged_feature_preserves_legacy_frozen_semantic_decision,preserved_from_legacy_schema,1041,True,numeric_candidate,numeric,median_impute+missing_indicator+standardize,identity
2.0.0-crosschecked-b,True,benchmark04b,af33ab072e44c35c04b442a5,NEUROBAT,BNTCSTIM,NEUROBAT__BNTCSTIM,visit,True,False,49,True,numeric,numeric_standardized,cognitive_item_or_measure,identity,50,distinct_fit_participants_with_observed_original_feature,recomputed_per_scenario_and_per_temporal_block_on_fit_data,False,True,True,remove_column_if_support_lt_50_or_all_missing_or_effectively_constant_in_fit_never_remove_visits,legacy_schema_preserved_for_unchanged_feature,unchanged_feature_preserves_legacy_frozen_semantic_decision,preserved_from_legacy_schema,1041,True,categorical_numeric_code_candidate,numeric,median_impute+missing_indicator+standardize,identity
2.0.0-crosschecked-b,True,benchmark04b,af33ab072e44c35c04b442a5,NEUROBAT,BNTPHON,NEUROBAT__BNTPHON,visit,True,False,50,True,numeric,numeric_standardized,cognitive_item_or_measure,identity,50,distinct_fit_participants_with_observed_original_feature,recomputed_per_scenario_and_per_temporal_block_on_fit_data,False,True,True,remove_column_if_support_lt_50_or_all_missing_or_effectively_constant_in_fit_never_remove_visits,legacy_schema_preserved_for_unchanged_feature,unchanged_feature_preserves_legacy_frozen_semantic_decision,preserved_from_legacy_schema,1041,True,numeric_candidate,numeric,median_impute+missing_indicator+standardize,identity
2.0.0-crosschecked-b,True,benchmark04b,af33ab072e44c35c04b442a5,NEUROBAT,BNTCPHON,NEUROBAT__BNTCPHON,visit,True,False,51,True,numeric,numeric_standardized,cognitive_item_or_measure,identity,50,distinct_fit_participants_with_observed_original_feature,recomputed_per_scenario_and_per_temporal_block_on_fit_data,False,True,True,remove_column_if_support_lt_50_or_all_missing_or_effectively_constant_in_fit_never_remove_visits,legacy_schema_preserved_for_unchanged_feature,unchanged_feature_preserves_legacy_frozen_semantic_decision,preserved_from_legacy_schema,1041,True,numeric_candidate,numeric,median_impute+missing_indicator+standardize,identity
2.0.0-crosschecked-b,True,benchmark04b,af33ab072e44c35c04b442a5,NEUROBAT,BNTTOTAL,NEUROBAT__BNTTOTAL,visit,True,False,52,True,numeric,numeric_standardized,official_or_documented_summary_score,numeric_identity,50,distinct_fit_participants_with_observed_original_feature,recomputed_per_scenario_and_per_temporal_block_on_fit_data,False,True,True,remove_column_if_support_lt_50_or_all_missing_or_effectively_constant_in_fit_never_remove_visits,A06_frozen_crosscheck_directive,retain_official_summary_score_policy,BENCHMARK04C,1041,True,numeric_candidate,numeric,median_impute+missing_indicator+standardize,identity
2.0.0-crosschecked-b,True,benchmark04b,af33ab072e44c35c04b442a5,NEUROBAT,AVDEL30MIN,NEUROBAT__AVDEL30MIN,visit,True,False,53,True,numeric,numeric_standardized,cognitive_item_or_measure,numeric_identity,50,distinct_fit_participants_with_observed_original_feature,recomputed_per_scenario_and_per_temporal_block_on_fit_data,False,True,True,remove_column_if_support_lt_50_or_all_missing_or_effectively_constant_in_fit_never_remove_visits,legacy_schema_preserved_for_unchanged_feature,unchanged_feature_preserves_legacy_frozen_semantic_decision,preserved_from_legacy_schema,1413,True,categorical_numeric_code_candidate,numeric,median_impute+missing_indicator+standardize,numeric_identity
2.0.0-crosschecked-b,True,benchmark04b,af33ab072e44c35c04b442a5,NEUROBAT,AVDELERR1,NEUROBAT__AVDELERR1,visit,True,False,54,True,numeric,numeric_standardized,cognitive_item_or_measure,identity,50,distinct_fit_participants_with_observed_original_feature,recomputed_per_scenario_and_per_temporal_block_on_fit_data,False,True,True,remove_column_if_support_lt_50_or_all_missing_or_effectively_constant_in_fit_never_remove_visits,legacy_schema_preserved_for_unchanged_feature,unchanged_feature_preserves_legacy_frozen_semantic_decision,preserved_from_legacy_schema,1413,True,categorical_numeric_code_candidate,numeric,median_impute+missing_indicator+standardize,identity
2.0.0-crosschecked-b,True,benchmark04b,af33ab072e44c35c04b442a5,NEUROBAT,AVDELTOT,NEUROBAT__AVDELTOT,visit,True,False,55,True,numeric,numeric_standardized,cognitive_item_or_measure,numeric_identity,50,distinct_fit_participants_with_observed_original_feature,recomputed_per_scenario_and_per_temporal_block_on_fit_data,False,True,True,remove_column_if_support_lt_50_or_all_missing_or_effectively_constant_in_fit_never_remove_visits,legacy_schema_preserved_for_unchanged_feature,unchanged_feature_preserves_legacy_frozen_semantic_decision,preserved_from_legacy_schema,1412,True,categorical_numeric_code_candidate,numeric,median_impute+missing_indicator+standardize,numeric_identity
2.0.0-crosschecked-b,True,benchmark04b,af33ab072e44c35c04b442a5,NEUROBAT,AVDELERR2,NEUROBAT__AVDELERR2,visit,True,False,56,True,numeric,numeric_standardized,cognitive_item_or_measure,identity,50,distinct_fit_participants_with_observed_original_feature,recomputed_per_scenario_and_per_temporal_block_on_fit_data,False,True,True,remove_column_if_support_lt_50_or_all_missing_or_effectively_constant_in_fit_never_remove_visits,legacy_schema_preserved_for_unchanged_feature,unchanged_feature_preserves_legacy_frozen_semantic_decision,preserved_from_legacy_schema,1412,True,categorical_numeric_code_candidate,numeric,median_impute+missing_indicator+standardize,identity
2.0.0-crosschecked-b,True,benchmark04b,af33ab072e44c35c04b442a5,NEUROBAT,ANARTERR,NEUROBAT__ANARTERR,visit,True,False,57,True,numeric,numeric_standardized,cognitive_item_or_measure,numeric_identity,50,distinct_fit_participants_with_observed_original_feature,recomputed_per_scenario_and_per_temporal_block_on_fit_data,False,True,True,remove_column_if_support_lt_50_or_all_missing_or_effectively_constant_in_fit_never_remove_visits,legacy_schema_preserved_for_unchanged_feature,unchanged_feature_preserves_legacy_frozen_semantic_decision,preserved_from_legacy_schema,78,True,numeric_candidate,numeric,median_impute+missing_indicator+standardize,numeric_identity
2.0.0-crosschecked-b,True,benchmark04b,af33ab072e44c35c04b442a5,NEUROBAT,MINTSEMCUE,NEUROBAT__MINTSEMCUE,visit,True,False,58,True,numeric,numeric_standardized,cognitive_item_or_measure,identity,50,distinct_fit_participants_with_observed_original_feature,recomputed_per_scenario_and_per_temporal_block_on_fit_data,False,True,True,remove_column_if_support_lt_50_or_all_missing_or_effectively_constant_in_fit_never_remove_visits,legacy_schema_preserved_for_unchanged_feature,unchanged_feature_preserves_legacy_frozen_semantic_decision,preserved_from_legacy_schema,582,True,categorical_numeric_code_candidate,numeric,median_impute+missing_indicator+standardize,identity
2.0.0-crosschecked-b,True,benchmark04b,af33ab072e44c35c04b442a5,NEUROBAT,MINTTOTAL,NEUROBAT__MINTTOTAL,visit,True,False,59,True,numeric,numeric_standardized,official_or_documented_summary_score,numeric_identity,50,distinct_fit_participants_with_observed_original_feature,recomputed_per_scenario_and_per_temporal_block_on_fit_data,False,True,True,remove_column_if_support_lt_50_or_all_missing_or_effectively_constant_in_fit_never_remove_visits,A06_frozen_crosscheck_directive,retain_official_summary_score_policy,BENCHMARK04C,584,True,numeric_candidate,numeric,median_impute+missing_indicator+standardize,identity
2.0.0-crosschecked-b,True,benchmark04b,af33ab072e44c35c04b442a5,NEUROBAT,MINTUNCUED,NEUROBAT__MINTUNCUED,visit,True,False,60,True,numeric,numeric_standardized,cognitive_item_or_measure,identity,50,distinct_fit_participants_with_observed_original_feature,recomputed_per_scenario_and_per_temporal_block_on_fit_data,False,True,True,remove_column_if_support_lt_50_or_all_missing_or_effectively_constant_in_fit_never_remove_visits,legacy_schema_preserved_for_unchanged_feature,unchanged_feature_preserves_legacy_frozen_semantic_decision,preserved_from_legacy_schema,584,True,numeric_candidate,numeric,median_impute+missing_indicator+standardize,identity
2.0.0-crosschecked-b,True,benchmark04b,af33ab072e44c35c04b442a5,NEUROBAT,ANART,NEUROBAT__ANART,visit,False,False,,False,excluded,excluded,administration_protocol_or_semantically_excluded,none,50,distinct_fit_participants_with_observed_original_feature,recomputed_per_scenario_and_per_temporal_block_on_fit_data,False,True,True,remove_column_if_support_lt_50_or_all_missing_or_effectively_constant_in_fit_never_remove_visits,A06_frozen_crosscheck_exclusion,frozen_crosscheck_exclusion,A06,,True,not_profiled_removed_upstream,binary,train_binary_mapping+median_impute+missing_indicator,identity
2.0.0-crosschecked-b,True,benchmark04b,af33ab072e44c35c04b442a5,NEUROBAT,ANARTND,NEUROBAT__ANARTND,visit,False,False,,False,excluded,excluded,administration_protocol_or_semantically_excluded,none,50,distinct_fit_participants_with_observed_original_feature,recomputed_per_scenario_and_per_temporal_block_on_fit_data,False,True,True,remove_column_if_support_lt_50_or_all_missing_or_effectively_constant_in_fit_never_remove_visits,A06_frozen_crosscheck_exclusion,frozen_crosscheck_exclusion,A06,,True,not_profiled_removed_upstream,binary,train_binary_mapping+median_impute+missing_indicator,identity
2.0.0-crosschecked-b,True,benchmark04b,af33ab072e44c35c04b442a5,NEUROBAT,AVDELBEGAN,NEUROBAT__AVDELBEGAN,visit,False,False,,False,excluded,excluded,administration_protocol_or_semantically_excluded,none,50,distinct_fit_participants_with_observed_original_feature,recomputed_per_scenario_and_per_temporal_block_on_fit_data,False,True,True,remove_column_if_support_lt_50_or_all_missing_or_effectively_constant_in_fit_never_remove_visits,A06_frozen_crosscheck_exclusion,frozen_crosscheck_exclusion,A06,,True,not_profiled_removed_upstream,numeric,median_impute+missing_indicator+standardize,identity
2.0.0-crosschecked-b,True,benchmark04b,af33ab072e44c35c04b442a5,NEUROBAT,AVENDED,NEUROBAT__AVENDED,visit,False,False,,False,excluded,excluded,administration_protocol_or_semantically_excluded,none,50,distinct_fit_participants_with_observed_original_feature,recomputed_per_scenario_and_per_temporal_block_on_fit_data,False,True,True,remove_column_if_support_lt_50_or_all_missing_or_effectively_constant_in_fit_never_remove_visits,A06_frozen_crosscheck_exclusion,frozen_crosscheck_exclusion,A06,,True,not_profiled_removed_upstream,numeric,median_impute+missing_indicator+standardize,identity
2.0.0-crosschecked-b,True,benchmark04b,af33ab072e44c35c04b442a5,NEUROBAT,BNTND,NEUROBAT__BNTND,visit,False,False,,False,excluded,excluded,administration_protocol_or_semantically_excluded,none,50,distinct_fit_participants_with_observed_original_feature,recomputed_per_scenario_and_per_temporal_block_on_fit_data,False,True,True,remove_column_if_support_lt_50_or_all_missing_or_effectively_constant_in_fit_never_remove_visits,A06_frozen_crosscheck_exclusion,frozen_crosscheck_exclusion,A06,,True,not_profiled_removed_upstream,binary,train_binary_mapping+median_impute+missing_indicator,identity
2.0.0-crosschecked-b,True,benchmark04b,af33ab072e44c35c04b442a5,NEUROBAT,LDELBEGIN,NEUROBAT__LDELBEGIN,visit,False,False,,False,excluded,excluded,administration_protocol_or_semantically_excluded,none,50,distinct_fit_participants_with_observed_original_feature,recomputed_per_scenario_and_per_temporal_block_on_fit_data,False,True,True,remove_column_if_support_lt_50_or_all_missing_or_effectively_constant_in_fit_never_remove_visits,A06_frozen_crosscheck_exclusion,frozen_crosscheck_exclusion,A06,,True,not_profiled_removed_upstream,numeric,median_impute+missing_indicator+standardize,identity
2.0.0-crosschecked-b,True,benchmark04b,af33ab072e44c35c04b442a5,NEUROBAT,LIMMEND,NEUROBAT__LIMMEND,visit,False,False,,False,excluded,excluded,administration_protocol_or_semantically_excluded,none,50,distinct_fit_participants_with_observed_original_feature,recomputed_per_scenario_and_per_temporal_block_on_fit_data,False,True,True,remove_column_if_support_lt_50_or_all_missing_or_effectively_constant_in_fit_never_remove_visits,A06_frozen_crosscheck_exclusion,frozen_crosscheck_exclusion,A06,,True,not_profiled_removed_upstream,numeric,median_impute+missing_indicator+standardize,identity
2.0.0-crosschecked-b,True,benchmark04b,af33ab072e44c35c04b442a5,NEUROBAT,LMSTORY,NEUROBAT__LMSTORY,visit,False,False,,False,excluded,excluded,administration_protocol_or_semantically_excluded,none,50,distinct_fit_participants_with_observed_original_feature,recomputed_per_scenario_and_per_temporal_block_on_fit_data,False,True,True,remove_column_if_support_lt_50_or_all_missing_or_effectively_constant_in_fit_never_remove_visits,A06_frozen_crosscheck_exclusion,frozen_crosscheck_exclusion,A06,,True,not_profiled_removed_upstream,categorical,explicit_missing_category+one_hot_ignore_unknown,categorical_identity
2.0.0-crosschecked-b,True,benchmark04b,af33ab072e44c35c04b442a5,NEUROBAT,SOURCE,NEUROBAT__SOURCE,visit,False,False,,False,excluded,excluded,administration_protocol_or_semantically_excluded,none,50,distinct_fit_participants_with_observed_original_feature,recomputed_per_scenario_and_per_temporal_block_on_fit_data,False,True,True,remove_column_if_support_lt_50_or_all_missing_or_effectively_constant_in_fit_never_remove_visits,A06_frozen_crosscheck_exclusion,frozen_crosscheck_exclusion,A06,,True,not_profiled_removed_upstream,categorical,explicit_missing_category+one_hot_ignore_unknown,identity
2.0.0-crosschecked-b,True,benchmark04b,af33ab072e44c35c04b442a5,PTDEMOG,PTGENDER,PTDEMOG__PTGENDER,participant,True,False,1,True,categorical,categorical_one_hot,cross_phase_common_core_demographic,categorical_identity,50,distinct_fit_participants_with_observed_original_feature,recomputed_per_scenario_and_per_temporal_block_on_fit_data,False,True,True,remove_column_if_support_lt_50_or_all_missing_or_effectively_constant_in_fit_never_remove_visits,A06_frozen_crosscheck_directive,frozen_common_core_PTDEMOG_policy,A06/BENCHMARK04C,1987,True,binary_numeric_candidate,categorical,missing_token+one_hot_ignore_unknown,identity
2.0.0-crosschecked-b,True,benchmark04b,af33ab072e44c35c04b442a5,PTDEMOG,PTHAND,PTDEMOG__PTHAND,participant,True,False,2,True,categorical,categorical_one_hot,cross_phase_common_core_demographic,categorical_identity,50,distinct_fit_participants_with_observed_original_feature,recomputed_per_scenario_and_per_temporal_block_on_fit_data,False,True,True,remove_column_if_support_lt_50_or_all_missing_or_effectively_constant_in_fit_never_remove_visits,A06_frozen_crosscheck_directive,frozen_common_core_PTDEMOG_policy,A06/BENCHMARK04C,1986,True,binary_numeric_candidate,categorical,missing_token+one_hot_ignore_unknown,identity
2.0.0-crosschecked-b,True,benchmark04b,af33ab072e44c35c04b442a5,PTDEMOG,PTMARRY,PTDEMOG__PTMARRY,participant,True,False,3,True,categorical,categorical_one_hot,cross_phase_common_core_demographic,categorical_identity,50,distinct_fit_participants_with_observed_original_feature,recomputed_per_scenario_and_per_temporal_block_on_fit_data,False,True,True,remove_column_if_support_lt_50_or_all_missing_or_effectively_constant_in_fit_never_remove_visits,A06_frozen_crosscheck_directive,frozen_common_core_PTDEMOG_policy,A06/BENCHMARK04C,1986,True,categorical_numeric_code_candidate,categorical,missing_token+one_hot_ignore_unknown,identity
2.0.0-crosschecked-b,True,benchmark04b,af33ab072e44c35c04b442a5,PTDEMOG,PTEDUCAT,PTDEMOG__PTEDUCAT,participant,True,False,4,True,numeric,numeric_standardized,cross_phase_common_core_demographic,numeric_identity,50,distinct_fit_participants_with_observed_original_feature,recomputed_per_scenario_and_per_temporal_block_on_fit_data,False,True,True,remove_column_if_support_lt_50_or_all_missing_or_effectively_constant_in_fit_never_remove_visits,A06_frozen_crosscheck_directive,frozen_common_core_PTDEMOG_policy,A06/BENCHMARK04C,1987,True,categorical_numeric_code_candidate,numeric,median_impute+missing_indicator+standardize,numeric_identity
2.0.0-crosschecked-b,True,benchmark04b,af33ab072e44c35c04b442a5,PTDEMOG,PTNOTRT,PTDEMOG__PTNOTRT,participant,True,False,5,True,categorical,categorical_one_hot,cross_phase_common_core_demographic,categorical_identity,50,distinct_fit_participants_with_observed_original_feature,recomputed_per_scenario_and_per_temporal_block_on_fit_data,False,True,True,remove_column_if_support_lt_50_or_all_missing_or_effectively_constant_in_fit_never_remove_visits,A06_frozen_crosscheck_directive,frozen_common_core_PTDEMOG_policy,A06/BENCHMARK04C,1987,True,categorical_numeric_code_candidate,categorical,missing_token+one_hot_ignore_unknown,identity
2.0.0-crosschecked-b,True,benchmark04b,af33ab072e44c35c04b442a5,PTDEMOG,PTHOME,PTDEMOG__PTHOME,participant,True,False,6,True,categorical,categorical_one_hot,cross_phase_common_core_demographic,ptdemog_pthome_harmonization,50,distinct_fit_participants_with_observed_original_feature,recomputed_per_scenario_and_per_temporal_block_on_fit_data,False,True,True,remove_column_if_support_lt_50_or_all_missing_or_effectively_constant_in_fit_never_remove_visits,A06_frozen_crosscheck_directive,frozen_common_core_PTDEMOG_policy,A06/BENCHMARK04C,1987,True,categorical_numeric_code_candidate,categorical,explicit_missing_category+one_hot_ignore_unknown,ptdemog_pthome_harmonization
2.0.0-crosschecked-b,True,benchmark04b,af33ab072e44c35c04b442a5,PTDEMOG,PTPLANG,PTDEMOG__PTPLANG,participant,True,False,7,True,categorical,categorical_one_hot,cross_phase_common_core_demographic,categorical_identity,50,distinct_fit_participants_with_observed_original_feature,recomputed_per_scenario_and_per_temporal_block_on_fit_data,False,True,True,remove_column_if_support_lt_50_or_all_missing_or_effectively_constant_in_fit_never_remove_visits,A06_frozen_crosscheck_directive,frozen_common_core_PTDEMOG_policy,A06/BENCHMARK04C,1987,True,categorical_numeric_code_candidate,categorical,missing_token+one_hot_ignore_unknown,identity
2.0.0-crosschecked-b,True,benchmark04b,af33ab072e44c35c04b442a5,PTDEMOG,PTETHCAT,PTDEMOG__PTETHCAT,participant,True,False,8,True,categorical,categorical_one_hot,cross_phase_common_core_demographic,categorical_identity,50,distinct_fit_participants_with_observed_original_feature,recomputed_per_scenario_and_per_temporal_block_on_fit_data,False,True,True,remove_column_if_support_lt_50_or_all_missing_or_effectively_constant_in_fit_never_remove_visits,A06_frozen_crosscheck_directive,frozen_common_core_PTDEMOG_policy,A06/BENCHMARK04C,1987,True,categorical_numeric_code_candidate,categorical,missing_token+one_hot_ignore_unknown,identity
2.0.0-crosschecked-b,True,benchmark04b,af33ab072e44c35c04b442a5,PTDEMOG,PTRACCAT,PTDEMOG__PTRACCAT,participant,True,False,9,True,categorical,categorical_one_hot,cross_phase_common_core_demographic,categorical_identity,50,distinct_fit_participants_with_observed_original_feature,recomputed_per_scenario_and_per_temporal_block_on_fit_data,False,True,True,remove_column_if_support_lt_50_or_all_missing_or_effectively_constant_in_fit_never_remove_visits,A06_frozen_crosscheck_directive,frozen_common_core_PTDEMOG_policy,A06/BENCHMARK04C,1987,True,categorical_numeric_code_candidate,multi_response,dictionary_code_tokens+multi_hot+missing_indicator,dictionary_multi_response_tokens
2.0.0-crosschecked-b,True,benchmark04b,af33ab072e44c35c04b442a5,PTDEMOG,AGE_AT_TARGET,PTDEMOG__AGE_AT_TARGET,visit_derived,False,True,,True,numeric,numeric_standardized,visit_specific_age_covariate,derive_age_at_target_from_birth_year_and_current_target_date,50,distinct_fit_participants_with_valid_derived_feature,recomputed_per_scenario_and_per_temporal_block_on_fit_data,False,True,True,remove_column_if_support_lt_50_or_all_missing_or_effectively_constant_in_fit_never_remove_visits,A06_frozen_derive_later_directive,raw_birth_fields_are_not_predictors; A06_prepares_local_birth_year_metadata,BENCHMARK05b,,True,not_profiled_derived_in_BENCHMARK05b,,,
2.0.0-crosschecked-b,True,benchmark04b,af33ab072e44c35c04b442a5,PTDEMOG,PTADBEG,PTDEMOG__PTADBEG,participant,False,False,,False,excluded,excluded,administration_protocol_or_semantically_excluded,none,50,distinct_fit_participants_with_observed_original_feature,recomputed_per_scenario_and_per_temporal_block_on_fit_data,False,True,True,remove_column_if_support_lt_50_or_all_missing_or_effectively_constant_in_fit_never_remove_visits,A06_frozen_crosscheck_exclusion,frozen_crosscheck_exclusion,A06,,True,not_profiled_removed_upstream,excluded,none,none
2.0.0-crosschecked-b,True,benchmark04b,af33ab072e44c35c04b442a5,PTDEMOG,PTADDX,PTDEMOG__PTADDX,participant,False,False,,False,excluded,excluded,administration_protocol_or_semantically_excluded,none,50,distinct_fit_participants_with_observed_original_feature,recomputed_per_scenario_and_per_temporal_block_on_fit_data,False,True,True,remove_column_if_support_lt_50_or_all_missing_or_effectively_constant_in_fit_never_remove_visits,A06_frozen_crosscheck_exclusion,frozen_crosscheck_exclusion,A06,,True,not_profiled_removed_upstream,excluded,none,none
2.0.0-crosschecked-b,True,benchmark04b,af33ab072e44c35c04b442a5,PTDEMOG,PTASIAN,PTDEMOG__PTASIAN,participant,False,False,,False,excluded,excluded,administration_protocol_or_semantically_excluded,none,50,distinct_fit_participants_with_observed_original_feature,recomputed_per_scenario_and_per_temporal_block_on_fit_data,False,True,True,remove_column_if_support_lt_50_or_all_missing_or_effectively_constant_in_fit_never_remove_visits,A06_frozen_crosscheck_exclusion,frozen_crosscheck_exclusion,A06,,True,not_profiled_removed_upstream,categorical,missing_token+one_hot_ignore_unknown,identity
2.0.0-crosschecked-b,True,benchmark04b,af33ab072e44c35c04b442a5,PTDEMOG,PTBIRGR,PTDEMOG__PTBIRGR,participant,False,False,,False,excluded,excluded,administration_protocol_or_semantically_excluded,none,50,distinct_fit_participants_with_observed_original_feature,recomputed_per_scenario_and_per_temporal_block_on_fit_data,False,True,True,remove_column_if_support_lt_50_or_all_missing_or_effectively_constant_in_fit_never_remove_visits,A06_frozen_crosscheck_exclusion,frozen_crosscheck_exclusion,A06,,True,not_profiled_removed_upstream,categorical,missing_token+one_hot_ignore_unknown,identity
2.0.0-crosschecked-b,True,benchmark04b,af33ab072e44c35c04b442a5,PTDEMOG,PTBIRPL,PTDEMOG__PTBIRPL,participant,False,False,,False,excluded,excluded,administration_protocol_or_semantically_excluded,none,50,distinct_fit_participants_with_observed_original_feature,recomputed_per_scenario_and_per_temporal_block_on_fit_data,False,True,True,remove_column_if_support_lt_50_or_all_missing_or_effectively_constant_in_fit_never_remove_visits,A06_frozen_crosscheck_exclusion,frozen_crosscheck_exclusion,A06,,True,not_profiled_removed_upstream,categorical,missing_token+one_hot_ignore_unknown,identity
2.0.0-crosschecked-b,True,benchmark04b,af33ab072e44c35c04b442a5,PTDEMOG,PTBIRPR,PTDEMOG__PTBIRPR,participant,False,False,,False,excluded,excluded,administration_protocol_or_semantically_excluded,none,50,distinct_fit_participants_with_observed_original_feature,recomputed_per_scenario_and_per_temporal_block_on_fit_data,False,True,True,remove_column_if_support_lt_50_or_all_missing_or_effectively_constant_in_fit_never_remove_visits,A06_frozen_crosscheck_exclusion,frozen_crosscheck_exclusion,A06,,True,not_profiled_removed_upstream,categorical,missing_token+one_hot_ignore_unknown,identity
2.0.0-crosschecked-b,True,benchmark04b,af33ab072e44c35c04b442a5,PTDEMOG,PTBORN,PTDEMOG__PTBORN,participant,False,False,,False,excluded,excluded,administration_protocol_or_semantically_excluded,none,50,distinct_fit_participants_with_observed_original_feature,recomputed_per_scenario_and_per_temporal_block_on_fit_data,False,True,True,remove_column_if_support_lt_50_or_all_missing_or_effectively_constant_in_fit_never_remove_visits,A06_frozen_crosscheck_exclusion,frozen_crosscheck_exclusion,A06,,True,not_profiled_removed_upstream,categorical,missing_token+one_hot_ignore_unknown,identity
2.0.0-crosschecked-b,True,benchmark04b,af33ab072e44c35c04b442a5,PTDEMOG,PTCLANG,PTDEMOG__PTCLANG,participant,False,False,,False,excluded,excluded,administration_protocol_or_semantically_excluded,none,50,distinct_fit_participants_with_observed_original_feature,recomputed_per_scenario_and_per_temporal_block_on_fit_data,False,True,True,remove_column_if_support_lt_50_or_all_missing_or_effectively_constant_in_fit_never_remove_visits,A06_frozen_crosscheck_exclusion,frozen_crosscheck_exclusion,A06,,True,not_profiled_removed_upstream,categorical,missing_token+one_hot_ignore_unknown,identity
2.0.0-crosschecked-b,True,benchmark04b,af33ab072e44c35c04b442a5,PTDEMOG,PTCOGBEG,PTDEMOG__PTCOGBEG,participant,False,False,,False,excluded,excluded,administration_protocol_or_semantically_excluded,none,50,distinct_fit_participants_with_observed_original_feature,recomputed_per_scenario_and_per_temporal_block_on_fit_data,False,True,True,remove_column_if_support_lt_50_or_all_missing_or_effectively_constant_in_fit_never_remove_visits,A06_frozen_crosscheck_exclusion,frozen_crosscheck_exclusion,A06,,True,not_profiled_removed_upstream,excluded,none,none
2.0.0-crosschecked-b,True,benchmark04b,af33ab072e44c35c04b442a5,PTDEMOG,PTDOB,PTDEMOG__PTDOB,participant,False,False,,False,excluded,excluded,administration_protocol_or_semantically_excluded,none,50,distinct_fit_participants_with_observed_original_feature,recomputed_per_scenario_and_per_temporal_block_on_fit_data,False,True,True,remove_column_if_support_lt_50_or_all_missing_or_effectively_constant_in_fit_never_remove_visits,A06_frozen_crosscheck_exclusion,frozen_crosscheck_exclusion,A06,,True,not_profiled_removed_upstream,excluded,none,none
2.0.0-crosschecked-b,True,benchmark04b,af33ab072e44c35c04b442a5,PTDEMOG,PTDOBYY,PTDEMOG__PTDOBYY,participant,False,False,,False,excluded,excluded,administration_protocol_or_semantically_excluded,none,50,distinct_fit_participants_with_observed_original_feature,recomputed_per_scenario_and_per_temporal_block_on_fit_data,False,True,True,remove_column_if_support_lt_50_or_all_missing_or_effectively_constant_in_fit_never_remove_visits,A06_frozen_crosscheck_exclusion,frozen_crosscheck_exclusion,A06,,True,not_profiled_removed_upstream,numeric,median_impute+missing_indicator+standardize,extract_year_from_jan1_date_placeholder
2.0.0-crosschecked-b,True,benchmark04b,af33ab072e44c35c04b442a5,PTDEMOG,PTENGSPK,PTDEMOG__PTENGSPK,participant,False,False,,False,excluded,excluded,administration_protocol_or_semantically_excluded,none,50,distinct_fit_participants_with_observed_original_feature,recomputed_per_scenario_and_per_temporal_block_on_fit_data,False,True,True,remove_column_if_support_lt_50_or_all_missing_or_effectively_constant_in_fit_never_remove_visits,A06_frozen_crosscheck_exclusion,frozen_crosscheck_exclusion,A06,,True,not_profiled_removed_upstream,categorical,missing_token+one_hot_ignore_unknown,identity
2.0.0-crosschecked-b,True,benchmark04b,af33ab072e44c35c04b442a5,PTDEMOG,PTENGSPKAGE,PTDEMOG__PTENGSPKAGE,participant,False,False,,False,excluded,excluded,administration_protocol_or_semantically_excluded,none,50,distinct_fit_participants_with_observed_original_feature,recomputed_per_scenario_and_per_temporal_block_on_fit_data,False,True,True,remove_column_if_support_lt_50_or_all_missing_or_effectively_constant_in_fit_never_remove_visits,A06_frozen_crosscheck_exclusion,frozen_crosscheck_exclusion,A06,,True,not_profiled_removed_upstream,numeric,median_impute+missing_indicator+standardize,identity
2.0.0-crosschecked-b,True,benchmark04b,af33ab072e44c35c04b442a5,PTDEMOG,PTETHCATH,PTDEMOG__PTETHCATH,participant,False,False,,False,excluded,excluded,administration_protocol_or_semantically_excluded,none,50,distinct_fit_participants_with_observed_original_feature,recomputed_per_scenario_and_per_temporal_block_on_fit_data,False,True,True,remove_column_if_support_lt_50_or_all_missing_or_effectively_constant_in_fit_never_remove_visits,A06_frozen_crosscheck_exclusion,frozen_crosscheck_exclusion,A06,,True,not_profiled_removed_upstream,multi_response,dictionary_code_tokens+multi_hot+missing_indicator,dictionary_multi_response_tokens
2.0.0-crosschecked-b,True,benchmark04b,af33ab072e44c35c04b442a5,PTDEMOG,PTIDENT,PTDEMOG__PTIDENT,participant,False,False,,False,excluded,excluded,administration_protocol_or_semantically_excluded,none,50,distinct_fit_participants_with_observed_original_feature,recomputed_per_scenario_and_per_temporal_block_on_fit_data,False,True,True,remove_column_if_support_lt_50_or_all_missing_or_effectively_constant_in_fit_never_remove_visits,A06_frozen_crosscheck_exclusion,frozen_crosscheck_exclusion,A06,,True,not_profiled_removed_upstream,categorical,missing_token+one_hot_ignore_unknown,identity
2.0.0-crosschecked-b,True,benchmark04b,af33ab072e44c35c04b442a5,PTDEMOG,PTIMMAGE,PTDEMOG__PTIMMAGE,participant,False,False,,False,excluded,excluded,administration_protocol_or_semantically_excluded,none,50,distinct_fit_participants_with_observed_original_feature,recomputed_per_scenario_and_per_temporal_block_on_fit_data,False,True,True,remove_column_if_support_lt_50_or_all_missing_or_effectively_constant_in_fit_never_remove_visits,A06_frozen_crosscheck_exclusion,frozen_crosscheck_exclusion,A06,,True,not_profiled_removed_upstream,numeric,median_impute+missing_indicator+standardize,identity
2.0.0-crosschecked-b,True,benchmark04b,af33ab072e44c35c04b442a5,PTDEMOG,PTIMMWHY,PTDEMOG__PTIMMWHY,participant,False,False,,False,excluded,excluded,administration_protocol_or_semantically_excluded,none,50,distinct_fit_participants_with_observed_original_feature,recomputed_per_scenario_and_per_temporal_block_on_fit_data,False,True,True,remove_column_if_support_lt_50_or_all_missing_or_effectively_constant_in_fit_never_remove_visits,A06_frozen_crosscheck_exclusion,frozen_crosscheck_exclusion,A06,,True,not_profiled_removed_upstream,multi_response,dictionary_code_tokens+multi_hot+missing_indicator,dictionary_multi_response_tokens
2.0.0-crosschecked-b,True,benchmark04b,af33ab072e44c35c04b442a5,PTDEMOG,PTLANGPR1,PTDEMOG__PTLANGPR1,participant,False,False,,False,excluded,excluded,administration_protocol_or_semantically_excluded,none,50,distinct_fit_participants_with_observed_original_feature,recomputed_per_scenario_and_per_temporal_block_on_fit_data,False,True,True,remove_column_if_support_lt_50_or_all_missing_or_effectively_constant_in_fit_never_remove_visits,A06_frozen_crosscheck_exclusion,frozen_crosscheck_exclusion,A06,,True,not_profiled_removed_upstream,categorical,missing_token+one_hot_ignore_unknown,identity
2.0.0-crosschecked-b,True,benchmark04b,af33ab072e44c35c04b442a5,PTDEMOG,PTLANGPR2,PTDEMOG__PTLANGPR2,participant,False,False,,False,excluded,excluded,administration_protocol_or_semantically_excluded,none,50,distinct_fit_participants_with_observed_original_feature,recomputed_per_scenario_and_per_temporal_block_on_fit_data,False,True,True,remove_column_if_support_lt_50_or_all_missing_or_effectively_constant_in_fit_never_remove_visits,A06_frozen_crosscheck_exclusion,frozen_crosscheck_exclusion,A06,,True,not_profiled_removed_upstream,categorical,missing_token+one_hot_ignore_unknown,identity
2.0.0-crosschecked-b,True,benchmark04b,af33ab072e44c35c04b442a5,PTDEMOG,PTLANGPR3,PTDEMOG__PTLANGPR3,participant,False,False,,False,excluded,excluded,administration_protocol_or_semantically_excluded,none,50,distinct_fit_participants_with_observed_original_feature,recomputed_per_scenario_and_per_temporal_block_on_fit_data,False,True,True,remove_column_if_support_lt_50_or_all_missing_or_effectively_constant_in_fit_never_remove_visits,A06_frozen_crosscheck_exclusion,frozen_crosscheck_exclusion,A06,,True,not_profiled_removed_upstream,categorical,missing_token+one_hot_ignore_unknown,identity
2.0.0-crosschecked-b,True,benchmark04b,af33ab072e44c35c04b442a5,PTDEMOG,PTLANGPR4,PTDEMOG__PTLANGPR4,participant,False,False,,False,excluded,excluded,administration_protocol_or_semantically_excluded,none,50,distinct_fit_participants_with_observed_original_feature,recomputed_per_scenario_and_per_temporal_block_on_fit_data,False,True,True,remove_column_if_support_lt_50_or_all_missing_or_effectively_constant_in_fit_never_remove_visits,A06_frozen_crosscheck_exclusion,frozen_crosscheck_exclusion,A06,,True,not_profiled_removed_upstream,categorical,missing_token+one_hot_ignore_unknown,identity
2.0.0-crosschecked-b,True,benchmark04b,af33ab072e44c35c04b442a5,PTDEMOG,PTLANGPR5,PTDEMOG__PTLANGPR5,participant,False,False,,False,excluded,excluded,administration_protocol_or_semantically_excluded,none,50,distinct_fit_participants_with_observed_original_feature,recomputed_per_scenario_and_per_temporal_block_on_fit_data,False,True,True,remove_column_if_support_lt_50_or_all_missing_or_effectively_constant_in_fit_never_remove_visits,A06_frozen_crosscheck_exclusion,frozen_crosscheck_exclusion,A06,,True,not_profiled_removed_upstream,categorical,missing_token+one_hot_ignore_unknown,identity
2.0.0-crosschecked-b,True,benchmark04b,af33ab072e44c35c04b442a5,PTDEMOG,PTLANGPR6,PTDEMOG__PTLANGPR6,participant,False,False,,False,excluded,excluded,administration_protocol_or_semantically_excluded,none,50,distinct_fit_participants_with_observed_original_feature,recomputed_per_scenario_and_per_temporal_block_on_fit_data,False,True,True,remove_column_if_support_lt_50_or_all_missing_or_effectively_constant_in_fit_never_remove_visits,A06_frozen_crosscheck_exclusion,frozen_crosscheck_exclusion,A06,,True,not_profiled_removed_upstream,categorical,missing_token+one_hot_ignore_unknown,identity
2.0.0-crosschecked-b,True,benchmark04b,af33ab072e44c35c04b442a5,PTDEMOG,PTLANGRD1,PTDEMOG__PTLANGRD1,participant,False,False,,False,excluded,excluded,administration_protocol_or_semantically_excluded,none,50,distinct_fit_participants_with_observed_original_feature,recomputed_per_scenario_and_per_temporal_block_on_fit_data,False,True,True,remove_column_if_support_lt_50_or_all_missing_or_effectively_constant_in_fit_never_remove_visits,A06_frozen_crosscheck_exclusion,frozen_crosscheck_exclusion,A06,,True,not_profiled_removed_upstream,categorical,missing_token+one_hot_ignore_unknown,identity
2.0.0-crosschecked-b,True,benchmark04b,af33ab072e44c35c04b442a5,PTDEMOG,PTLANGRD2,PTDEMOG__PTLANGRD2,participant,False,False,,False,excluded,excluded,administration_protocol_or_semantically_excluded,none,50,distinct_fit_participants_with_observed_original_feature,recomputed_per_scenario_and_per_temporal_block_on_fit_data,False,True,True,remove_column_if_support_lt_50_or_all_missing_or_effectively_constant_in_fit_never_remove_visits,A06_frozen_crosscheck_exclusion,frozen_crosscheck_exclusion,A06,,True,not_profiled_removed_upstream,categorical,missing_token+one_hot_ignore_unknown,identity
2.0.0-crosschecked-b,True,benchmark04b,af33ab072e44c35c04b442a5,PTDEMOG,PTLANGRD3,PTDEMOG__PTLANGRD3,participant,False,False,,False,excluded,excluded,administration_protocol_or_semantically_excluded,none,50,distinct_fit_participants_with_observed_original_feature,recomputed_per_scenario_and_per_temporal_block_on_fit_data,False,True,True,remove_column_if_support_lt_50_or_all_missing_or_effectively_constant_in_fit_never_remove_visits,A06_frozen_crosscheck_exclusion,frozen_crosscheck_exclusion,A06,,True,not_profiled_removed_upstream,categorical,missing_token+one_hot_ignore_unknown,identity
2.0.0-crosschecked-b,True,benchmark04b,af33ab072e44c35c04b442a5,PTDEMOG,PTLANGRD4,PTDEMOG__PTLANGRD4,participant,False,False,,False,excluded,excluded,administration_protocol_or_semantically_excluded,none,50,distinct_fit_participants_with_observed_original_feature,recomputed_per_scenario_and_per_temporal_block_on_fit_data,False,True,True,remove_column_if_support_lt_50_or_all_missing_or_effectively_constant_in_fit_never_remove_visits,A06_frozen_crosscheck_exclusion,frozen_crosscheck_exclusion,A06,,True,not_profiled_removed_upstream,categorical,missing_token+one_hot_ignore_unknown,identity
2.0.0-crosschecked-b,True,benchmark04b,af33ab072e44c35c04b442a5,PTDEMOG,PTLANGRD5,PTDEMOG__PTLANGRD5,participant,False,False,,False,excluded,excluded,administration_protocol_or_semantically_excluded,none,50,distinct_fit_participants_with_observed_original_feature,recomputed_per_scenario_and_per_temporal_block_on_fit_data,False,True,True,remove_column_if_support_lt_50_or_all_missing_or_effectively_constant_in_fit_never_remove_visits,A06_frozen_crosscheck_exclusion,frozen_crosscheck_exclusion,A06,,True,not_profiled_removed_upstream,categorical,missing_token+one_hot_ignore_unknown,identity
2.0.0-crosschecked-b,True,benchmark04b,af33ab072e44c35c04b442a5,PTDEMOG,PTLANGRD6,PTDEMOG__PTLANGRD6,participant,False,False,,False,excluded,excluded,administration_protocol_or_semantically_excluded,none,50,distinct_fit_participants_with_observed_original_feature,recomputed_per_scenario_and_per_temporal_block_on_fit_data,False,True,True,remove_column_if_support_lt_50_or_all_missing_or_effectively_constant_in_fit_never_remove_visits,A06_frozen_crosscheck_exclusion,frozen_crosscheck_exclusion,A06,,True,not_profiled_removed_upstream,categorical,missing_token+one_hot_ignore_unknown,identity
2.0.0-crosschecked-b,True,benchmark04b,af33ab072e44c35c04b442a5,PTDEMOG,PTLANGSP,PTDEMOG__PTLANGSP,participant,False,False,,False,excluded,excluded,administration_protocol_or_semantically_excluded,none,50,distinct_fit_participants_with_observed_original_feature,recomputed_per_scenario_and_per_temporal_block_on_fit_data,False,True,True,remove_column_if_support_lt_50_or_all_missing_or_effectively_constant_in_fit_never_remove_visits,A06_frozen_crosscheck_exclusion,frozen_crosscheck_exclusion,A06,,True,not_profiled_removed_upstream,categorical,missing_token+one_hot_ignore_unknown,identity
2.0.0-crosschecked-b,True,benchmark04b,af33ab072e44c35c04b442a5,PTDEMOG,PTLANGSP1,PTDEMOG__PTLANGSP1,participant,False,False,,False,excluded,excluded,administration_protocol_or_semantically_excluded,none,50,distinct_fit_participants_with_observed_original_feature,recomputed_per_scenario_and_per_temporal_block_on_fit_data,False,True,True,remove_column_if_support_lt_50_or_all_missing_or_effectively_constant_in_fit_never_remove_visits,A06_frozen_crosscheck_exclusion,frozen_crosscheck_exclusion,A06,,True,not_profiled_removed_upstream,categorical,missing_token+one_hot_ignore_unknown,identity
2.0.0-crosschecked-b,True,benchmark04b,af33ab072e44c35c04b442a5,PTDEMOG,PTLANGSP2,PTDEMOG__PTLANGSP2,participant,False,False,,False,excluded,excluded,administration_protocol_or_semantically_excluded,none,50,distinct_fit_participants_with_observed_original_feature,recomputed_per_scenario_and_per_temporal_block_on_fit_data,False,True,True,remove_column_if_support_lt_50_or_all_missing_or_effectively_constant_in_fit_never_remove_visits,A06_frozen_crosscheck_exclusion,frozen_crosscheck_exclusion,A06,,True,not_profiled_removed_upstream,categorical,missing_token+one_hot_ignore_unknown,identity
2.0.0-crosschecked-b,True,benchmark04b,af33ab072e44c35c04b442a5,PTDEMOG,PTLANGSP3,PTDEMOG__PTLANGSP3,participant,False,False,,False,excluded,excluded,administration_protocol_or_semantically_excluded,none,50,distinct_fit_participants_with_observed_original_feature,recomputed_per_scenario_and_per_temporal_block_on_fit_data,False,True,True,remove_column_if_support_lt_50_or_all_missing_or_effectively_constant_in_fit_never_remove_visits,A06_frozen_crosscheck_exclusion,frozen_crosscheck_exclusion,A06,,True,not_profiled_removed_upstream,categorical,missing_token+one_hot_ignore_unknown,identity
2.0.0-crosschecked-b,True,benchmark04b,af33ab072e44c35c04b442a5,PTDEMOG,PTLANGSP4,PTDEMOG__PTLANGSP4,participant,False,False,,False,excluded,excluded,administration_protocol_or_semantically_excluded,none,50,distinct_fit_participants_with_observed_original_feature,recomputed_per_scenario_and_per_temporal_block_on_fit_data,False,True,True,remove_column_if_support_lt_50_or_all_missing_or_effectively_constant_in_fit_never_remove_visits,A06_frozen_crosscheck_exclusion,frozen_crosscheck_exclusion,A06,,True,not_profiled_removed_upstream,categorical,missing_token+one_hot_ignore_unknown,identity
2.0.0-crosschecked-b,True,benchmark04b,af33ab072e44c35c04b442a5,PTDEMOG,PTLANGSP5,PTDEMOG__PTLANGSP5,participant,False,False,,False,excluded,excluded,administration_protocol_or_semantically_excluded,none,50,distinct_fit_participants_with_observed_original_feature,recomputed_per_scenario_and_per_temporal_block_on_fit_data,False,True,True,remove_column_if_support_lt_50_or_all_missing_or_effectively_constant_in_fit_never_remove_visits,A06_frozen_crosscheck_exclusion,frozen_crosscheck_exclusion,A06,,True,not_profiled_removed_upstream,categorical,missing_token+one_hot_ignore_unknown,identity
2.0.0-crosschecked-b,True,benchmark04b,af33ab072e44c35c04b442a5,PTDEMOG,PTLANGSP6,PTDEMOG__PTLANGSP6,participant,False,False,,False,excluded,excluded,administration_protocol_or_semantically_excluded,none,50,distinct_fit_participants_with_observed_original_feature,recomputed_per_scenario_and_per_temporal_block_on_fit_data,False,True,True,remove_column_if_support_lt_50_or_all_missing_or_effectively_constant_in_fit_never_remove_visits,A06_frozen_crosscheck_exclusion,frozen_crosscheck_exclusion,A06,,True,not_profiled_removed_upstream,categorical,missing_token+one_hot_ignore_unknown,identity
2.0.0-crosschecked-b,True,benchmark04b,af33ab072e44c35c04b442a5,PTDEMOG,PTLANGTTL,PTDEMOG__PTLANGTTL,participant,False,False,,False,excluded,excluded,administration_protocol_or_semantically_excluded,none,50,distinct_fit_participants_with_observed_original_feature,recomputed_per_scenario_and_per_temporal_block_on_fit_data,False,True,True,remove_column_if_support_lt_50_or_all_missing_or_effectively_constant_in_fit_never_remove_visits,A06_frozen_crosscheck_exclusion,frozen_crosscheck_exclusion,A06,,True,not_profiled_removed_upstream,numeric,median_impute+missing_indicator+standardize,identity
2.0.0-crosschecked-b,True,benchmark04b,af33ab072e44c35c04b442a5,PTDEMOG,PTLANGUN1,PTDEMOG__PTLANGUN1,participant,False,False,,False,excluded,excluded,administration_protocol_or_semantically_excluded,none,50,distinct_fit_participants_with_observed_original_feature,recomputed_per_scenario_and_per_temporal_block_on_fit_data,False,True,True,remove_column_if_support_lt_50_or_all_missing_or_effectively_constant_in_fit_never_remove_visits,A06_frozen_crosscheck_exclusion,frozen_crosscheck_exclusion,A06,,True,not_profiled_removed_upstream,categorical,missing_token+one_hot_ignore_unknown,identity
2.0.0-crosschecked-b,True,benchmark04b,af33ab072e44c35c04b442a5,PTDEMOG,PTLANGUN2,PTDEMOG__PTLANGUN2,participant,False,False,,False,excluded,excluded,administration_protocol_or_semantically_excluded,none,50,distinct_fit_participants_with_observed_original_feature,recomputed_per_scenario_and_per_temporal_block_on_fit_data,False,True,True,remove_column_if_support_lt_50_or_all_missing_or_effectively_constant_in_fit_never_remove_visits,A06_frozen_crosscheck_exclusion,frozen_crosscheck_exclusion,A06,,True,not_profiled_removed_upstream,categorical,missing_token+one_hot_ignore_unknown,identity
2.0.0-crosschecked-b,True,benchmark04b,af33ab072e44c35c04b442a5,PTDEMOG,PTLANGUN3,PTDEMOG__PTLANGUN3,participant,False,False,,False,excluded,excluded,administration_protocol_or_semantically_excluded,none,50,distinct_fit_participants_with_observed_original_feature,recomputed_per_scenario_and_per_temporal_block_on_fit_data,False,True,True,remove_column_if_support_lt_50_or_all_missing_or_effectively_constant_in_fit_never_remove_visits,A06_frozen_crosscheck_exclusion,frozen_crosscheck_exclusion,A06,,True,not_profiled_removed_upstream,categorical,missing_token+one_hot_ignore_unknown,identity
2.0.0-crosschecked-b,True,benchmark04b,af33ab072e44c35c04b442a5,PTDEMOG,PTLANGUN4,PTDEMOG__PTLANGUN4,participant,False,False,,False,excluded,excluded,administration_protocol_or_semantically_excluded,none,50,distinct_fit_participants_with_observed_original_feature,recomputed_per_scenario_and_per_temporal_block_on_fit_data,False,True,True,remove_column_if_support_lt_50_or_all_missing_or_effectively_constant_in_fit_never_remove_visits,A06_frozen_crosscheck_exclusion,frozen_crosscheck_exclusion,A06,,True,not_profiled_removed_upstream,categorical,missing_token+one_hot_ignore_unknown,identity
2.0.0-crosschecked-b,True,benchmark04b,af33ab072e44c35c04b442a5,PTDEMOG,PTLANGUN5,PTDEMOG__PTLANGUN5,participant,False,False,,False,excluded,excluded,administration_protocol_or_semantically_excluded,none,50,distinct_fit_participants_with_observed_original_feature,recomputed_per_scenario_and_per_temporal_block_on_fit_data,False,True,True,remove_column_if_support_lt_50_or_all_missing_or_effectively_constant_in_fit_never_remove_visits,A06_frozen_crosscheck_exclusion,frozen_crosscheck_exclusion,A06,,True,not_profiled_removed_upstream,categorical,missing_token+one_hot_ignore_unknown,identity
2.0.0-crosschecked-b,True,benchmark04b,af33ab072e44c35c04b442a5,PTDEMOG,PTLANGUN6,PTDEMOG__PTLANGUN6,participant,False,False,,False,excluded,excluded,administration_protocol_or_semantically_excluded,none,50,distinct_fit_participants_with_observed_original_feature,recomputed_per_scenario_and_per_temporal_block_on_fit_data,False,True,True,remove_column_if_support_lt_50_or_all_missing_or_effectively_constant_in_fit_never_remove_visits,A06_frozen_crosscheck_exclusion,frozen_crosscheck_exclusion,A06,,True,not_profiled_removed_upstream,categorical,missing_token+one_hot_ignore_unknown,identity
2.0.0-crosschecked-b,True,benchmark04b,af33ab072e44c35c04b442a5,PTDEMOG,PTLANGWR,PTDEMOG__PTLANGWR,participant,False,False,,False,excluded,excluded,administration_protocol_or_semantically_excluded,none,50,distinct_fit_participants_with_observed_original_feature,recomputed_per_scenario_and_per_temporal_block_on_fit_data,False,True,True,remove_column_if_support_lt_50_or_all_missing_or_effectively_constant_in_fit_never_remove_visits,A06_frozen_crosscheck_exclusion,frozen_crosscheck_exclusion,A06,,True,not_profiled_removed_upstream,categorical,missing_token+one_hot_ignore_unknown,identity
2.0.0-crosschecked-b,True,benchmark04b,af33ab072e44c35c04b442a5,PTDEMOG,PTLANGWR1,PTDEMOG__PTLANGWR1,participant,False,False,,False,excluded,excluded,administration_protocol_or_semantically_excluded,none,50,distinct_fit_participants_with_observed_original_feature,recomputed_per_scenario_and_per_temporal_block_on_fit_data,False,True,True,remove_column_if_support_lt_50_or_all_missing_or_effectively_constant_in_fit_never_remove_visits,A06_frozen_crosscheck_exclusion,frozen_crosscheck_exclusion,A06,,True,not_profiled_removed_upstream,categorical,missing_token+one_hot_ignore_unknown,identity
2.0.0-crosschecked-b,True,benchmark04b,af33ab072e44c35c04b442a5,PTDEMOG,PTLANGWR2,PTDEMOG__PTLANGWR2,participant,False,False,,False,excluded,excluded,administration_protocol_or_semantically_excluded,none,50,distinct_fit_participants_with_observed_original_feature,recomputed_per_scenario_and_per_temporal_block_on_fit_data,False,True,True,remove_column_if_support_lt_50_or_all_missing_or_effectively_constant_in_fit_never_remove_visits,A06_frozen_crosscheck_exclusion,frozen_crosscheck_exclusion,A06,,True,not_profiled_removed_upstream,categorical,missing_token+one_hot_ignore_unknown,identity
2.0.0-crosschecked-b,True,benchmark04b,af33ab072e44c35c04b442a5,PTDEMOG,PTLANGWR3,PTDEMOG__PTLANGWR3,participant,False,False,,False,excluded,excluded,administration_protocol_or_semantically_excluded,none,50,distinct_fit_participants_with_observed_original_feature,recomputed_per_scenario_and_per_temporal_block_on_fit_data,False,True,True,remove_column_if_support_lt_50_or_all_missing_or_effectively_constant_in_fit_never_remove_visits,A06_frozen_crosscheck_exclusion,frozen_crosscheck_exclusion,A06,,True,not_profiled_removed_upstream,categorical,missing_token+one_hot_ignore_unknown,identity
2.0.0-crosschecked-b,True,benchmark04b,af33ab072e44c35c04b442a5,PTDEMOG,PTLANGWR4,PTDEMOG__PTLANGWR4,participant,False,False,,False,excluded,excluded,administration_protocol_or_semantically_excluded,none,50,distinct_fit_participants_with_observed_original_feature,recomputed_per_scenario_and_per_temporal_block_on_fit_data,False,True,True,remove_column_if_support_lt_50_or_all_missing_or_effectively_constant_in_fit_never_remove_visits,A06_frozen_crosscheck_exclusion,frozen_crosscheck_exclusion,A06,,True,not_profiled_removed_upstream,categorical,missing_token+one_hot_ignore_unknown,identity
2.0.0-crosschecked-b,True,benchmark04b,af33ab072e44c35c04b442a5,PTDEMOG,PTLANGWR5,PTDEMOG__PTLANGWR5,participant,False,False,,False,excluded,excluded,administration_protocol_or_semantically_excluded,none,50,distinct_fit_participants_with_observed_original_feature,recomputed_per_scenario_and_per_temporal_block_on_fit_data,False,True,True,remove_column_if_support_lt_50_or_all_missing_or_effectively_constant_in_fit_never_remove_visits,A06_frozen_crosscheck_exclusion,frozen_crosscheck_exclusion,A06,,True,not_profiled_removed_upstream,categorical,missing_token+one_hot_ignore_unknown,identity
2.0.0-crosschecked-b,True,benchmark04b,af33ab072e44c35c04b442a5,PTDEMOG,PTLANGWR6,PTDEMOG__PTLANGWR6,participant,False,False,,False,excluded,excluded,administration_protocol_or_semantically_excluded,none,50,distinct_fit_participants_with_observed_original_feature,recomputed_per_scenario_and_per_temporal_block_on_fit_data,False,True,True,remove_column_if_support_lt_50_or_all_missing_or_effectively_constant_in_fit_never_remove_visits,A06_frozen_crosscheck_exclusion,frozen_crosscheck_exclusion,A06,,True,not_profiled_removed_upstream,categorical,missing_token+one_hot_ignore_unknown,identity
2.0.0-crosschecked-b,True,benchmark04b,af33ab072e44c35c04b442a5,PTDEMOG,PTNLANG,PTDEMOG__PTNLANG,participant,False,False,,False,excluded,excluded,administration_protocol_or_semantically_excluded,none,50,distinct_fit_participants_with_observed_original_feature,recomputed_per_scenario_and_per_temporal_block_on_fit_data,False,True,True,remove_column_if_support_lt_50_or_all_missing_or_effectively_constant_in_fit_never_remove_visits,A06_frozen_crosscheck_exclusion,frozen_crosscheck_exclusion,A06,,True,not_profiled_removed_upstream,categorical,missing_token+one_hot_ignore_unknown,identity
2.0.0-crosschecked-b,True,benchmark04b,af33ab072e44c35c04b442a5,PTDEMOG,PTOPI,PTDEMOG__PTOPI,participant,False,False,,False,excluded,excluded,administration_protocol_or_semantically_excluded,none,50,distinct_fit_participants_with_observed_original_feature,recomputed_per_scenario_and_per_temporal_block_on_fit_data,False,True,True,remove_column_if_support_lt_50_or_all_missing_or_effectively_constant_in_fit_never_remove_visits,A06_frozen_crosscheck_exclusion,frozen_crosscheck_exclusion,A06,,True,not_profiled_removed_upstream,categorical,missing_token+one_hot_ignore_unknown,identity
2.0.0-crosschecked-b,True,benchmark04b,af33ab072e44c35c04b442a5,PTDEMOG,PTORIENT,PTDEMOG__PTORIENT,participant,False,False,,False,excluded,excluded,administration_protocol_or_semantically_excluded,none,50,distinct_fit_participants_with_observed_original_feature,recomputed_per_scenario_and_per_temporal_block_on_fit_data,False,True,True,remove_column_if_support_lt_50_or_all_missing_or_effectively_constant_in_fit_never_remove_visits,A06_frozen_crosscheck_exclusion,frozen_crosscheck_exclusion,A06,,True,not_profiled_removed_upstream,categorical,missing_token+one_hot_ignore_unknown,identity
2.0.0-crosschecked-b,True,benchmark04b,af33ab072e44c35c04b442a5,PTDEMOG,PTORIENTOT,PTDEMOG__PTORIENTOT,participant,False,False,,False,excluded,excluded,administration_protocol_or_semantically_excluded,none,50,distinct_fit_participants_with_observed_original_feature,recomputed_per_scenario_and_per_temporal_block_on_fit_data,False,True,True,remove_column_if_support_lt_50_or_all_missing_or_effectively_constant_in_fit_never_remove_visits,A06_frozen_crosscheck_exclusion,frozen_crosscheck_exclusion,A06,,True,not_profiled_removed_upstream,excluded,none,none
2.0.0-crosschecked-b,True,benchmark04b,af33ab072e44c35c04b442a5,PTDEMOG,PTRTYR,PTDEMOG__PTRTYR,participant,False,False,,False,excluded,excluded,administration_protocol_or_semantically_excluded,none,50,distinct_fit_participants_with_observed_original_feature,recomputed_per_scenario_and_per_temporal_block_on_fit_data,False,True,True,remove_column_if_support_lt_50_or_all_missing_or_effectively_constant_in_fit_never_remove_visits,A06_frozen_crosscheck_exclusion,frozen_crosscheck_exclusion,A06,,True,not_profiled_removed_upstream,numeric,median_impute+missing_indicator+standardize,identity
2.0.0-crosschecked-b,True,benchmark04b,af33ab072e44c35c04b442a5,PTDEMOG,PTSOURCE,PTDEMOG__PTSOURCE,participant,False,False,,False,excluded,excluded,administration_protocol_or_semantically_excluded,none,50,distinct_fit_participants_with_observed_original_feature,recomputed_per_scenario_and_per_temporal_block_on_fit_data,False,True,True,remove_column_if_support_lt_50_or_all_missing_or_effectively_constant_in_fit_never_remove_visits,A06_frozen_crosscheck_exclusion,frozen_crosscheck_exclusion,A06,,True,not_profiled_removed_upstream,categorical,explicit_missing_category+one_hot_ignore_unknown,identity
2.0.0-crosschecked-b,True,benchmark04b,af33ab072e44c35c04b442a5,PTDEMOG,PTSPOTTIM,PTDEMOG__PTSPOTTIM,participant,False,False,,False,excluded,excluded,administration_protocol_or_semantically_excluded,none,50,distinct_fit_participants_with_observed_original_feature,recomputed_per_scenario_and_per_temporal_block_on_fit_data,False,True,True,remove_column_if_support_lt_50_or_all_missing_or_effectively_constant_in_fit_never_remove_visits,A06_frozen_crosscheck_exclusion,frozen_crosscheck_exclusion,A06,,True,not_profiled_removed_upstream,numeric,median_impute+missing_indicator+standardize,identity
2.0.0-crosschecked-b,True,benchmark04b,af33ab072e44c35c04b442a5,PTDEMOG,PTSPTIM,PTDEMOG__PTSPTIM,participant,False,False,,False,excluded,excluded,administration_protocol_or_semantically_excluded,none,50,distinct_fit_participants_with_observed_original_feature,recomputed_per_scenario_and_per_temporal_block_on_fit_data,False,True,True,remove_column_if_support_lt_50_or_all_missing_or_effectively_constant_in_fit_never_remove_visits,A06_frozen_crosscheck_exclusion,frozen_crosscheck_exclusion,A06,,True,not_profiled_removed_upstream,numeric,median_impute+missing_indicator+standardize,identity
2.0.0-crosschecked-b,True,benchmark04b,af33ab072e44c35c04b442a5,PTDEMOG,PTTLANG,PTDEMOG__PTTLANG,participant,False,False,,False,excluded,excluded,administration_protocol_or_semantically_excluded,none,50,distinct_fit_participants_with_observed_original_feature,recomputed_per_scenario_and_per_temporal_block_on_fit_data,False,True,True,remove_column_if_support_lt_50_or_all_missing_or_effectively_constant_in_fit_never_remove_visits,A06_frozen_crosscheck_exclusion,frozen_crosscheck_exclusion,A06,,True,not_profiled_removed_upstream,categorical,missing_token+one_hot_ignore_unknown,identity
2.0.0-crosschecked-b,True,benchmark04b,af33ab072e44c35c04b442a5,PTDEMOG,PTWORK,PTDEMOG__PTWORK,participant,False,False,,False,excluded,excluded,administration_protocol_or_semantically_excluded,none,50,distinct_fit_participants_with_observed_original_feature,recomputed_per_scenario_and_per_temporal_block_on_fit_data,False,True,True,remove_column_if_support_lt_50_or_all_missing_or_effectively_constant_in_fit_never_remove_visits,A06_frozen_crosscheck_exclusion,frozen_crosscheck_exclusion,A06,,True,not_profiled_removed_upstream,categorical,missing_token+one_hot_ignore_unknown,identity
2.0.0-crosschecked-b,True,benchmark04b,af33ab072e44c35c04b442a5,PTDEMOG,PTWORKHS,PTDEMOG__PTWORKHS,participant,False,False,,False,excluded,excluded,administration_protocol_or_semantically_excluded,none,50,distinct_fit_participants_with_observed_original_feature,recomputed_per_scenario_and_per_temporal_block_on_fit_data,False,True,True,remove_column_if_support_lt_50_or_all_missing_or_effectively_constant_in_fit_never_remove_visits,A06_frozen_crosscheck_exclusion,frozen_crosscheck_exclusion,A06,,True,not_profiled_removed_upstream,categorical,missing_token+one_hot_ignore_unknown,identity
