source_name,grain,feature_position_within_source,column_name,full_column_name,semantic_include,proposed_feature_type,proposed_encoding,semantic_role,decision_reason,review_status,manual_review_group,temporal_policy,support_threshold_participants,support_unit,support_application,statistical_removal_rule,snapshot_train_observed_participants_reference,snapshot_train_support_ge_50_reference,snapshot_train_observed_fraction_reference,snapshot_train_distinct_observed_values_reference,snapshot_train_all_missing_reference,snapshot_train_observed_constant_reference,snapshot_train_effective_constant_reference,benchmark02_suggested_type,benchmark02_suggested_encoding,benchmark02_review_flags,final_include,final_feature_type,final_encoding,final_semantic_role,final_decision_reason,auditor_notes,dictionary_match_status,dictionary_row_count,dictionary_phases,official_definition_variants,official_storage_types,official_code_definitions,official_units,official_status,official_mapping_notes,dictionary_definition_variant_count,dictionary_code_variant_count,recommended_include,recommended_type,recommended_encoding,recommended_semantic_role,recommendation_status,recommendation_reason,audit_flags,decision_changed,dictionary_documented_phase_count,train_distinct_raw_values,train_observed_phase_count,phase_column_available,phase_missing_observed_rows,domain_check_applicable,checked_distinct_token_count,undocumented_distinct_value_count,undocumented_row_count,undocumented_participant_count,unassessable_distinct_value_count,unassessable_row_count,unassessable_participant_count,phase_semantic_conflict_count,phase_equivalent_label_split_count,phase_metadata_sufficient,dictionary_storage_type_variant_count,dictionary_unit_variant_count,dictionary_definition_variant_count_relevant_phases,support_pilot_eligible,semantic_audit_version,semantic_audit_frozen,semantic_lock_status,semantic_lock_reason,phase_semantics_status,phase_harmonization_required,domain_status,dictionary_storage_type_status,dictionary_unit_status,train_observed_rows,train_observed_participants,resolved_include,resolved_feature_type,resolved_encoding,resolved_semantic_role,semantic_resolution_status,semantic_resolution_reason,value_transform_id,phase_required_for_transform,phase_exposed_to_model,local_train_observed_rows,local_train_observed_participants,numeric_parse_failure_rows,numeric_parse_failure_participants,binary_domain_failure_rows,binary_domain_failure_participants,local_value_validation_passed,support_pilot_eligible_resolved,semantic_resolution_frozen,semantic_resolution_version,support_threshold_selected,support_threshold_candidates,actual_train_observed_participants,retained_support_ge_2,retained_support_ge_10,retained_support_ge_30,retained_support_ge_50,retained_support_ge_100,official_schema_version,official_schema_frozen,official_freeze_stage,official_decision_id,official_semantic_include,official_feature_type,official_encoding,official_semantic_role,official_value_transform_id,official_support_threshold_participants,official_support_unit,official_support_application,official_support_filter_removes_visits,official_support_evaluated_before_encoding,official_support_recomputed_at_final_refit,official_statistical_removal_rule,snapshot_all_train_reference_retained_at_threshold_50,snapshot_all_train_reference_status,official_methodological_note
ADAS,visit,1,DONE,ADAS__DONE,False,excluded,none,assessment_administration,instrument_completion_status,manual_group_review_required,R01_ADMINISTRATIVE_EXCLUSIONS,current_and_previous_blocks_evaluated_independently,50,distinct_fit_participants_with_observed_original_feature,recomputed_per_scenario_and_per_temporal_block_on_fit_data,remove_if_support_lt_50_or_all_missing_or_effectively_constant_in_fit,588,False,0.1771283733412852,2,False,False,False,binary_numeric_candidate,binary_or_one_hot_review,numeric_looking_code_requires_semantic_review,False,excluded,none,redundant_assessment_completion_status,preserve_dictionary_audited_semantic_exclusion,semantic_support_candidate_not_official_v0.1.2,matched,2,ADNI3;ADNI4,Was Assessment/Procedure Done?,N,0=No; 1=Yes || 0=No;1=Yes,,Redacted,ADAS Item Level and Sub Scores Redacted,1,2,False,excluded,none,redundant_assessment_completion_status,corrected,exclude_DONE_redundant_with_modality_and_feature_missingness_indicators,dictionary_status_redacted|code_dictionary_varies_by_phase,False,2,2,2,True,0,False,0,0,0,0,0,0,0,0,0,True,1,0,1,False,0.1.0,False,approved_exclusion,feature_is_semantically_excluded_before_support_filtering,not_applicable_excluded,False,not_applicable_excluded,consistent,consistent,2674,953,False,excluded,none,redundant_assessment_completion_status,approved_exclusion,preserve_dictionary_audited_semantic_exclusion,none,False,False,,,0,0,0,0,True,False,True,0.1.2,True,2|10|30|50|100,0,False,False,False,False,False,1.0.0,True,benchmark04e_freeze_feature_schema,acfd34080ed60c0a6f59,False,excluded,none,redundant_assessment_completion_status,none,50,distinct_fit_participants_with_observed_original_feature,recomputed_per_scenario_and_per_temporal_block_on_fit_data,False,True,True,remove_if_support_lt_50_or_all_missing_or_effectively_constant_in_fit,False,semantically_excluded,Semantically excluded before statistical support filtering.
ADAS,visit,2,NDREASON,ADAS__NDREASON,False,excluded,none,assessment_administration,instrument_noncompletion_reason,manual_group_review_required,R01_ADMINISTRATIVE_EXCLUSIONS,current_and_previous_blocks_evaluated_independently,50,distinct_fit_participants_with_observed_original_feature,recomputed_per_scenario_and_per_temporal_block_on_fit_data,remove_if_support_lt_50_or_all_missing_or_effectively_constant_in_fit,5,False,0.0007454897867899,3,False,False,False,categorical_numeric_code_candidate,one_hot_or_numeric_review,numeric_looking_code_requires_semantic_review|train_missingness_at_least_99_percent|low_train_participant_support_review,True,categorical,explicit_missing_category+one_hot_ignore_unknown,measurement_context,benchmark04b_semantic_audit_approved,semantic_support_candidate_not_official_v0.1.2,matched,2,ADNI3;ADNI4,"If No, Reason Not Done:",N,"1=Participant Unable for Cognitive Reasons; 2=Participant Unable for Other Reasons (Physical, auditory, etc.); 3=Participant/Study Partner Refused; 7=Site Error; 8=Other Reason; 9=Unknown || 1=Participant Unable for Cognitive Reasons;2=Participant Unable for Other Reasons (Physical, auditory, etc.);3=Participant/Study Partner Refused;7=Site Error;8=Other Reason;9=Unknown",,Redacted,ADAS Item Level and Sub Scores Redacted,1,2,True,categorical,explicit_missing_category+one_hot_ignore_unknown,measurement_context,corrected,include_documented_source_version_wordlist_or_noncompletion_context_as_categorical,dictionary_status_redacted|code_dictionary_varies_by_phase,True,2,6,2,True,0,True,10,0,0,0,0,0,0,0,0,True,1,0,1,True,0.1.0,False,approved_for_support_pilot,dictionary_domain_and_observed_phase_semantics_are_compatible_in_training,observed_code_semantics_phase_compatible,False,all_observed_values_documented,consistent,consistent,57,55,True,categorical,explicit_missing_category+one_hot_ignore_unknown,measurement_context,approved,benchmark04b_semantic_audit_approved,identity,False,False,,,0,0,0,0,True,True,True,0.1.2,True,2|10|30|50|100,5,True,False,False,False,False,1.0.0,True,benchmark04e_freeze_feature_schema,acfd34080ed60c0a6f59,True,categorical,explicit_missing_category+one_hot_ignore_unknown,measurement_context,identity,50,distinct_fit_participants_with_observed_original_feature,recomputed_per_scenario_and_per_temporal_block_on_fit_data,False,True,True,remove_if_support_lt_50_or_all_missing_or_effectively_constant_in_fit,False,semantically_authorized_but_below_50_in_snapshot_all_train_reference,Semantically authorized. Apply the frozen support rule independently within each scenario and temporal block using fit participants only.
ADAS,visit,3,SOURCE,ADAS__SOURCE,False,excluded,none,assessment_administration,instrument_source_or_provenance,manual_group_review_required,R01_ADMINISTRATIVE_EXCLUSIONS,current_and_previous_blocks_evaluated_independently,50,distinct_fit_participants_with_observed_original_feature,recomputed_per_scenario_and_per_temporal_block_on_fit_data,remove_if_support_lt_50_or_all_missing_or_effectively_constant_in_fit,371,False,0.0726107052333383,2,False,False,False,binary_numeric_candidate,binary_or_one_hot_review,administrative_name_pattern|numeric_looking_code_requires_semantic_review,True,categorical,explicit_missing_category+one_hot_ignore_unknown,measurement_context,benchmark04b_semantic_audit_approved,semantic_support_candidate_not_official_v0.1.2,matched,2,ADNI3;ADNI4,Information Source,N,1=Participant Visit; 2=Telephone Call/Video Call || 1=Participant Visit;2=Telephone Call/Video Call,,Redacted,ADAS Item Level and Sub Scores Redacted,1,2,True,categorical,explicit_missing_category+one_hot_ignore_unknown,measurement_context,corrected,include_documented_source_version_wordlist_or_noncompletion_context_as_categorical,dictionary_status_redacted|code_dictionary_varies_by_phase,True,2,2,2,True,0,True,3,0,0,0,0,0,0,0,0,True,1,0,1,True,0.1.0,False,approved_for_support_pilot,dictionary_domain_and_observed_phase_semantics_are_compatible_in_training,observed_code_semantics_phase_compatible,False,all_observed_values_documented,consistent,consistent,1332,689,True,categorical,explicit_missing_category+one_hot_ignore_unknown,measurement_context,approved,benchmark04b_semantic_audit_approved,identity,False,False,,,0,0,0,0,True,True,True,0.1.2,True,2|10|30|50|100,371,True,True,True,True,True,1.0.0,True,benchmark04e_freeze_feature_schema,acfd34080ed60c0a6f59,True,categorical,explicit_missing_category+one_hot_ignore_unknown,measurement_context,identity,50,distinct_fit_participants_with_observed_original_feature,recomputed_per_scenario_and_per_temporal_block_on_fit_data,False,True,True,remove_if_support_lt_50_or_all_missing_or_effectively_constant_in_fit,True,retained_at_50_in_snapshot_all_train_reference,Semantically authorized. Apply the frozen support rule independently within each scenario and temporal block using fit participants only.
ADAS,visit,4,WORDLIST,ADAS__WORDLIST,False,excluded,none,assessment_administration,instrument_form_or_wordlist,manual_group_review_required,R01_ADMINISTRATIVE_EXCLUSIONS,current_and_previous_blocks_evaluated_independently,50,distinct_fit_participants_with_observed_original_feature,recomputed_per_scenario_and_per_temporal_block_on_fit_data,remove_if_support_lt_50_or_all_missing_or_effectively_constant_in_fit,1421,False,0.6436558819144178,4,False,False,False,categorical_numeric_code_candidate,one_hot_or_numeric_review,numeric_looking_code_requires_semantic_review,True,categorical,explicit_missing_category+one_hot_ignore_unknown,measurement_context,documented_controlled_category_or_measurement_context_with_train_learned_domain,semantic_support_candidate_not_official_v0.1.2,matched,2,ADNI2;ADNIGO,Word Recall and Recognition Tasks List Number,N,1=English Word List 1; 3=English Word List 2; 5=English Word List 3; 7=English Word List 4; 2=Spanish Word List 1; 4=Spanish Word List 2; 6=Spanish Word List 3; 8=Spanish Word List 4,,Redacted,ADAS Item Level and Sub Scores Redacted,1,1,True,categorical,explicit_missing_category+one_hot_ignore_unknown,measurement_context,corrected,include_documented_source_version_wordlist_or_noncompletion_context_as_categorical,dictionary_status_redacted,True,2,4,5,True,0,True,10,0,0,0,3,5271,1444,0,0,True,1,0,1,False,0.1.0,False,manual_review_unassessable_phase_domain,one_or_more_observed_phases_have_no_parseable_dictionary_domain,phase_dictionary_missing_for_observed_phase,True,observed_values_unassessable_in_one_or_more_phases,consistent,consistent,8781,1838,True,categorical,explicit_missing_category+one_hot_ignore_unknown,measurement_context,approved,documented_controlled_category_or_measurement_context_with_train_learned_domain,categorical_identity,False,False,,,0,0,0,0,True,True,True,0.1.2,True,2|10|30|50|100,1421,True,True,True,True,True,1.0.0,True,benchmark04e_freeze_feature_schema,acfd34080ed60c0a6f59,True,categorical,explicit_missing_category+one_hot_ignore_unknown,measurement_context,categorical_identity,50,distinct_fit_participants_with_observed_original_feature,recomputed_per_scenario_and_per_temporal_block_on_fit_data,False,True,True,remove_if_support_lt_50_or_all_missing_or_effectively_constant_in_fit,True,retained_at_50_in_snapshot_all_train_reference,Semantically authorized. Apply the frozen support rule independently within each scenario and temporal block using fit participants only.
ADAS,visit,5,Q1TR1,ADAS__Q1TR1,True,multi_response,split_pipe_or_semicolon+multi_hot+missing_indicator,cognitive_multiresponse_item,source_specific_semantic_rule_pending_group_review,manual_group_review_required,R03_ADAS_MULTI_RESPONSE,current_and_previous_blocks_evaluated_independently,50,distinct_fit_participants_with_observed_original_feature,recomputed_per_scenario_and_per_temporal_block_on_fit_data,remove_if_support_lt_50_or_all_missing_or_effectively_constant_in_fit,1411,True,0.6375428656627404,740,False,False,False,multi_response_candidate,multi_hot,multi_response_requires_token_semantics_review,False,excluded,none,phase_or_form_dependent_raw_word_identity,preserve_dictionary_audited_semantic_exclusion,semantic_support_candidate_not_official_v0.1.2,matched,4,ADNI2;ADNI3;ADNI4;ADNIGO,Trial 1,T,0=Butter; 1=Arm; 10=None recalled correctly; 2=Shore; 3=Letter; 4=Queen; 5=Cabin; 6=Pole; 7=Ticket; 8=Grass; 9=Engine || 0=Butter;1=Arm;2=Shore;3=Letter;4=Queen;5=Cabin;6=Pole;7=Ticket;8=Grass;9=Engine;10=None recalled correctly || 0=Word 1;1=Word 2; 2=Word 3; 3=Word 4; 4=Word 5; 5=Word 6; 6=Word 7; 7=Word 8; 8=Word 9; 9=Word10;10=None recalled correctly,,Redacted,ADAS Item Level and Sub Scores Redacted,1,3,False,excluded,none,phase_or_form_dependent_raw_word_identity,corrected,exclude_raw_word_identity_codes_because_meaning_changes_across_phases_or_word_lists_and_summary_scores_are_available,dictionary_status_redacted|code_dictionary_varies_by_phase|phase_dependent_code_semantics,True,4,843,5,True,0,False,0,0,0,0,0,0,0,0,0,True,1,0,1,False,0.1.0,False,approved_exclusion,feature_is_semantically_excluded_before_support_filtering,not_applicable_excluded,False,not_applicable_excluded,consistent,consistent,8650,1834,False,excluded,none,phase_or_form_dependent_raw_word_identity,approved_exclusion,preserve_dictionary_audited_semantic_exclusion,none,False,False,,,0,0,0,0,True,False,True,0.1.2,True,2|10|30|50|100,0,False,False,False,False,False,1.0.0,True,benchmark04e_freeze_feature_schema,acfd34080ed60c0a6f59,False,excluded,none,phase_or_form_dependent_raw_word_identity,none,50,distinct_fit_participants_with_observed_original_feature,recomputed_per_scenario_and_per_temporal_block_on_fit_data,False,True,True,remove_if_support_lt_50_or_all_missing_or_effectively_constant_in_fit,False,semantically_excluded,Semantically excluded before statistical support filtering.
ADAS,visit,6,Q1TR2,ADAS__Q1TR2,True,multi_response,split_pipe_or_semicolon+multi_hot+missing_indicator,cognitive_multiresponse_item,source_specific_semantic_rule_pending_group_review,manual_group_review_required,R03_ADAS_MULTI_RESPONSE,current_and_previous_blocks_evaluated_independently,50,distinct_fit_participants_with_observed_original_feature,recomputed_per_scenario_and_per_temporal_block_on_fit_data,remove_if_support_lt_50_or_all_missing_or_effectively_constant_in_fit,1418,True,0.6402266288951841,723,False,False,False,multi_response_candidate,multi_hot,multi_response_requires_token_semantics_review,False,excluded,none,phase_or_form_dependent_raw_word_identity,preserve_dictionary_audited_semantic_exclusion,semantic_support_candidate_not_official_v0.1.2,matched,4,ADNI2;ADNI3;ADNI4;ADNIGO,Trial 2,T,0=Pole; 1=Letter; 10=None recalled correctly; 2=Butter; 3=Queen; 4=Arm; 5=Shore; 6=Grass; 7=Cabin; 8=Ticket; 9=Engine || 0=Pole;1=Letter;2=Butter;3=Queen;4=Arm;5=Shore;6=Grass;7=Cabin;8=Ticket;9=Engine;10=None recalled correctly || 0=Word 1;1=Word 2; 2=Word 3; 3=Word 4; 4=Word 5; 5=Word 6; 6=Word 7; 7=Word 8; 8=Word 9; 9=Word10;10=None recalled correctly,,Redacted,ADAS Item Level and Sub Scores Redacted,1,3,False,excluded,none,phase_or_form_dependent_raw_word_identity,corrected,exclude_raw_word_identity_codes_because_meaning_changes_across_phases_or_word_lists_and_summary_scores_are_available,dictionary_status_redacted|code_dictionary_varies_by_phase|phase_dependent_code_semantics,True,4,868,5,True,0,False,0,0,0,0,0,0,0,0,0,True,1,0,1,False,0.1.0,False,approved_exclusion,feature_is_semantically_excluded_before_support_filtering,not_applicable_excluded,False,not_applicable_excluded,consistent,consistent,8676,1836,False,excluded,none,phase_or_form_dependent_raw_word_identity,approved_exclusion,preserve_dictionary_audited_semantic_exclusion,none,False,False,,,0,0,0,0,True,False,True,0.1.2,True,2|10|30|50|100,0,False,False,False,False,False,1.0.0,True,benchmark04e_freeze_feature_schema,acfd34080ed60c0a6f59,False,excluded,none,phase_or_form_dependent_raw_word_identity,none,50,distinct_fit_participants_with_observed_original_feature,recomputed_per_scenario_and_per_temporal_block_on_fit_data,False,True,True,remove_if_support_lt_50_or_all_missing_or_effectively_constant_in_fit,False,semantically_excluded,Semantically excluded before statistical support filtering.
ADAS,visit,7,Q1TR3,ADAS__Q1TR3,True,multi_response,split_pipe_or_semicolon+multi_hot+missing_indicator,cognitive_multiresponse_item,source_specific_semantic_rule_pending_group_review,manual_group_review_required,R03_ADAS_MULTI_RESPONSE,current_and_previous_blocks_evaluated_independently,50,distinct_fit_participants_with_observed_original_feature,recomputed_per_scenario_and_per_temporal_block_on_fit_data,remove_if_support_lt_50_or_all_missing_or_effectively_constant_in_fit,1415,True,0.6403757268525421,584,False,False,False,multi_response_candidate,multi_hot,multi_response_requires_token_semantics_review,False,excluded,none,phase_or_form_dependent_raw_word_identity,preserve_dictionary_audited_semantic_exclusion,semantic_support_candidate_not_official_v0.1.2,matched,4,ADNI2;ADNI3;ADNI4;ADNIGO,Trial 3,T,0=Shore; 1=Letter; 10=None recalled correctly; 2=Arm; 3=Cabin; 4=Pole; 5=Ticket; 6=Engine; 7=Grass; 8=Butter; 9=Queen || 0=Shore;1=Letter;2=Arm;3=Cabin;4=Pole;5=Ticket;6=Engine;7=Grass;8=Butter;9=Queen;10=None recalled correctly || 0=Word 1;1=Word 2; 2=Word 3; 3=Word 4; 4=Word 5; 5=Word 6; 6=Word 7; 7=Word 8; 8=Word 9; 9=Word10;10=None recalled correctly,,Redacted,ADAS Item Level and Sub Scores Redacted,1,3,False,excluded,none,phase_or_form_dependent_raw_word_identity,corrected,exclude_raw_word_identity_codes_because_meaning_changes_across_phases_or_word_lists_and_summary_scores_are_available,dictionary_status_redacted|code_dictionary_varies_by_phase|phase_dependent_code_semantics,True,4,714,5,True,0,False,0,0,0,0,0,0,0,0,0,True,1,0,1,False,0.1.0,False,approved_exclusion,feature_is_semantically_excluded_before_support_filtering,not_applicable_excluded,False,not_applicable_excluded,consistent,consistent,8676,1836,False,excluded,none,phase_or_form_dependent_raw_word_identity,approved_exclusion,preserve_dictionary_audited_semantic_exclusion,none,False,False,,,0,0,0,0,True,False,True,0.1.2,True,2|10|30|50|100,0,False,False,False,False,False,1.0.0,True,benchmark04e_freeze_feature_schema,acfd34080ed60c0a6f59,False,excluded,none,phase_or_form_dependent_raw_word_identity,none,50,distinct_fit_participants_with_observed_original_feature,recomputed_per_scenario_and_per_temporal_block_on_fit_data,False,True,True,remove_if_support_lt_50_or_all_missing_or_effectively_constant_in_fit,False,semantically_excluded,Semantically excluded before statistical support filtering.
ADAS,visit,8,Q1TRIT,ADAS__Q1TRIT,True,numeric,median_impute+missing_indicator+standardize,cognitive_item_or_measure,cognitive_instrument_semantic_rule,automatic_proposal,,current_and_previous_blocks_evaluated_independently,50,distinct_fit_participants_with_observed_original_feature,recomputed_per_scenario_and_per_temporal_block_on_fit_data,remove_if_support_lt_50_or_all_missing_or_effectively_constant_in_fit,1061,True,0.4112121663933204,11,False,False,False,categorical_numeric_code_candidate,one_hot_or_numeric_review,numeric_looking_code_requires_semantic_review,True,numeric,median_impute+missing_indicator+standardize,cognitive_item_or_measure,benchmark04b_semantic_audit_approved,semantic_support_candidate_not_official_v0.1.2,matched,2,ADNI3;ADNI4,Trial 1 Total,N,,,Redacted,ADAS Item Level and Sub Scores Redacted,1,0,True,numeric,median_impute+missing_indicator+standardize,cognitive_item_or_measure,confirmed,dictionary_consistent_with_candidate_schema,dictionary_status_redacted,False,2,11,3,True,0,False,0,0,0,0,0,0,0,0,0,True,1,0,1,True,0.1.0,False,approved_for_support_pilot,dictionary_domain_and_observed_phase_semantics_are_compatible_in_training,not_assessable_no_code_dictionary,False,not_applicable_numeric_without_coded_domain,consistent,consistent,5201,1440,True,numeric,median_impute+missing_indicator+standardize,cognitive_item_or_measure,approved,benchmark04b_semantic_audit_approved,identity,False,False,5201.0,1440.0,0,0,0,0,True,True,True,0.1.2,True,2|10|30|50|100,1061,True,True,True,True,True,1.0.0,True,benchmark04e_freeze_feature_schema,acfd34080ed60c0a6f59,True,numeric,median_impute+missing_indicator+standardize,cognitive_item_or_measure,identity,50,distinct_fit_participants_with_observed_original_feature,recomputed_per_scenario_and_per_temporal_block_on_fit_data,False,True,True,remove_if_support_lt_50_or_all_missing_or_effectively_constant_in_fit,True,retained_at_50_in_snapshot_all_train_reference,Semantically authorized. Apply the frozen support rule independently within each scenario and temporal block using fit participants only.
ADAS,visit,9,Q1TR2T,ADAS__Q1TR2T,True,numeric,median_impute+missing_indicator+standardize,cognitive_item_or_measure,cognitive_instrument_semantic_rule,automatic_proposal,,current_and_previous_blocks_evaluated_independently,50,distinct_fit_participants_with_observed_original_feature,recomputed_per_scenario_and_per_temporal_block_on_fit_data,remove_if_support_lt_50_or_all_missing_or_effectively_constant_in_fit,1061,True,0.4112121663933204,11,False,False,False,categorical_numeric_code_candidate,one_hot_or_numeric_review,numeric_looking_code_requires_semantic_review,True,numeric,median_impute+missing_indicator+standardize,cognitive_item_or_measure,benchmark04b_semantic_audit_approved,semantic_support_candidate_not_official_v0.1.2,matched,2,ADNI3;ADNI4,Trial 2 Total,N,,,Redacted,ADAS Item Level and Sub Scores Redacted,1,0,True,numeric,median_impute+missing_indicator+standardize,cognitive_item_or_measure,confirmed,dictionary_consistent_with_candidate_schema,dictionary_status_redacted,False,2,11,3,True,0,False,0,0,0,0,0,0,0,0,0,True,1,0,1,True,0.1.0,False,approved_for_support_pilot,dictionary_domain_and_observed_phase_semantics_are_compatible_in_training,not_assessable_no_code_dictionary,False,not_applicable_numeric_without_coded_domain,consistent,consistent,5201,1440,True,numeric,median_impute+missing_indicator+standardize,cognitive_item_or_measure,approved,benchmark04b_semantic_audit_approved,identity,False,False,5201.0,1440.0,0,0,0,0,True,True,True,0.1.2,True,2|10|30|50|100,1061,True,True,True,True,True,1.0.0,True,benchmark04e_freeze_feature_schema,acfd34080ed60c0a6f59,True,numeric,median_impute+missing_indicator+standardize,cognitive_item_or_measure,identity,50,distinct_fit_participants_with_observed_original_feature,recomputed_per_scenario_and_per_temporal_block_on_fit_data,False,True,True,remove_if_support_lt_50_or_all_missing_or_effectively_constant_in_fit,True,retained_at_50_in_snapshot_all_train_reference,Semantically authorized. Apply the frozen support rule independently within each scenario and temporal block using fit participants only.
ADAS,visit,10,Q1TRT,ADAS__Q1TRT,True,numeric,median_impute+missing_indicator+standardize,cognitive_item_or_measure,cognitive_instrument_semantic_rule,automatic_proposal,,current_and_previous_blocks_evaluated_independently,50,distinct_fit_participants_with_observed_original_feature,recomputed_per_scenario_and_per_temporal_block_on_fit_data,remove_if_support_lt_50_or_all_missing_or_effectively_constant_in_fit,1061,True,0.4112121663933204,11,False,False,False,categorical_numeric_code_candidate,one_hot_or_numeric_review,numeric_looking_code_requires_semantic_review,True,numeric,median_impute+missing_indicator+standardize,cognitive_item_or_measure,benchmark04b_semantic_audit_approved,semantic_support_candidate_not_official_v0.1.2,matched,2,ADNI3;ADNI4,Trial 3 Total,N,,,Redacted,ADAS Item Level and Sub Scores Redacted,1,0,True,numeric,median_impute+missing_indicator+standardize,cognitive_item_or_measure,confirmed,dictionary_consistent_with_candidate_schema,dictionary_status_redacted,False,2,11,3,True,0,False,0,0,0,0,0,0,0,0,0,True,1,0,1,True,0.1.0,False,approved_for_support_pilot,dictionary_domain_and_observed_phase_semantics_are_compatible_in_training,not_assessable_no_code_dictionary,False,not_applicable_numeric_without_coded_domain,consistent,consistent,5201,1440,True,numeric,median_impute+missing_indicator+standardize,cognitive_item_or_measure,approved,benchmark04b_semantic_audit_approved,identity,False,False,5201.0,1440.0,0,0,0,0,True,True,True,0.1.2,True,2|10|30|50|100,1061,True,True,True,True,True,1.0.0,True,benchmark04e_freeze_feature_schema,acfd34080ed60c0a6f59,True,numeric,median_impute+missing_indicator+standardize,cognitive_item_or_measure,identity,50,distinct_fit_participants_with_observed_original_feature,recomputed_per_scenario_and_per_temporal_block_on_fit_data,False,True,True,remove_if_support_lt_50_or_all_missing_or_effectively_constant_in_fit,True,retained_at_50_in_snapshot_all_train_reference,Semantically authorized. Apply the frozen support rule independently within each scenario and temporal block using fit participants only.
ADAS,visit,11,Q1UNABLE,ADAS__Q1UNABLE,True,numeric,median_impute+missing_indicator+standardize,cognitive_item_or_measure,cognitive_instrument_semantic_rule,automatic_proposal,,current_and_previous_blocks_evaluated_independently,50,distinct_fit_participants_with_observed_original_feature,recomputed_per_scenario_and_per_temporal_block_on_fit_data,remove_if_support_lt_50_or_all_missing_or_effectively_constant_in_fit,596,True,0.1777247651707171,4,False,False,False,categorical_numeric_code_candidate,one_hot_or_numeric_review,numeric_looking_code_requires_semantic_review,True,categorical,explicit_missing_category+one_hot_ignore_unknown,assessment_noncompletion_reason,documented_controlled_category_or_measurement_context_with_train_learned_domain,semantic_support_candidate_not_official_v0.1.2,matched,4,ADNI2;ADNI3;ADNI4;ADNIGO,1. Word Recall || Task 1. Word Recall,N,0=Conducted; 1=Not done (for reasons other than physical/cognitive); 2=Participant refused; 4=Participant unable to complete 3 trials for cognitive reasons || 0=Conducted;1=Not done (for reasons other than physical/cognitive);2=Participant refused;4=Participant unable to complete 3 trials for cognitive reasons || 1=Not done (for reasons other than physical/cognitive); 2=Participant refused; 4=Participant unable to complete 3 trials for cognitive reasons,,Redacted,ADAS Item Level and Sub Scores Redacted,2,3,True,categorical,explicit_missing_category+one_hot_ignore_unknown,assessment_noncompletion_reason,corrected_type,dictionary_codes_are_reasons_for_noncompletion_not_numeric_measurements,dictionary_status_redacted|definition_varies_by_phase|code_dictionary_varies_by_phase,True,4,4,4,True,0,True,12,0,0,0,3,14,14,0,0,True,1,0,2,False,0.1.0,False,manual_review_unassessable_phase_domain,one_or_more_observed_phases_have_no_parseable_dictionary_domain,phase_dictionary_missing_for_observed_phase,True,observed_values_unassessable_in_one_or_more_phases,consistent,consistent,2642,971,True,categorical,explicit_missing_category+one_hot_ignore_unknown,assessment_noncompletion_reason,approved,documented_controlled_category_or_measurement_context_with_train_learned_domain,categorical_identity,False,False,,,0,0,0,0,True,True,True,0.1.2,True,2|10|30|50|100,596,True,True,True,True,True,1.0.0,True,benchmark04e_freeze_feature_schema,acfd34080ed60c0a6f59,True,categorical,explicit_missing_category+one_hot_ignore_unknown,assessment_noncompletion_reason,categorical_identity,50,distinct_fit_participants_with_observed_original_feature,recomputed_per_scenario_and_per_temporal_block_on_fit_data,False,True,True,remove_if_support_lt_50_or_all_missing_or_effectively_constant_in_fit,True,retained_at_50_in_snapshot_all_train_reference,Semantically authorized. Apply the frozen support rule independently within each scenario and temporal block using fit participants only.
ADAS,visit,12,Q2TASK,ADAS__Q2TASK,True,multi_response,split_pipe_or_semicolon+multi_hot+missing_indicator,cognitive_multiresponse_item,source_specific_semantic_rule_pending_group_review,manual_group_review_required,R03_ADAS_MULTI_RESPONSE,current_and_previous_blocks_evaluated_independently,50,distinct_fit_participants_with_observed_original_feature,recomputed_per_scenario_and_per_temporal_block_on_fit_data,remove_if_support_lt_50_or_all_missing_or_effectively_constant_in_fit,1419,True,0.6420158043834799,25,False,False,False,multi_response_candidate,multi_hot,multi_response_requires_token_semantics_review,True,multi_response,dictionary_code_tokens+multi_hot+missing_indicator,documented_task_component_set,fixed_documented_task_component_set,semantic_support_candidate_not_official_v0.1.2,matched,4,ADNI2;ADNI3;ADNI4;ADNIGO,2. Commands || <!--2. Commands-->,T,"0=None performed correctly; 1=a. Make a fist; 2=b. Point to the ceiling, then to the floor; 3=c. Put the pencil on top of the card, then put it back; 4=d. Put the watch on the other side of the pencil and turn over the card; 5=e. Tap each shoulder twice with two fingers, keeping your eyes shut || 0=None performed correctly;1=a. Make a fist;2=b. Point to the ceiling, then to the floor;3=c. Put the pencil on top of the card, then put it back;4=d. Put the watch on the other side of the pencil and turn over the card;5=e. Tap each shoulder twice with two fingers, keeping your eyes shut || 1=Make a fist; 2=Point to the ceiling, then to the floor; 3=Put the pencil on top of the card, then put it back; 4=Put the watch on the other side of the pencil and turn over the card; 5=Tap each shoulder twice with two fingers, keeping your eyes shut; 0=None performed correctly",,Redacted,ADAS Item Level and Sub Scores Redacted,2,3,True,multi_response,dictionary_code_tokens+multi_hot+missing_indicator,documented_task_component_set,confirmed_with_special_encoding,include_fixed_documented_task_component_set_as_multi_response,dictionary_status_redacted|definition_varies_by_phase|code_dictionary_varies_by_phase,True,4,31,5,True,0,True,30,0,0,0,17,2588,544,0,0,True,1,0,1,False,0.1.0,False,manual_review_unassessable_phase_domain,one_or_more_observed_phases_have_no_parseable_dictionary_domain,phase_dictionary_missing_for_observed_phase,True,observed_values_unassessable_in_one_or_more_phases,consistent,consistent,8702,1836,True,multi_response,dictionary_code_tokens+multi_hot+missing_indicator,documented_task_component_set,approved,fixed_documented_task_component_set,dictionary_multi_response_tokens,False,False,,,0,0,0,0,True,True,True,0.1.2,True,2|10|30|50|100,1419,True,True,True,True,True,1.0.0,True,benchmark04e_freeze_feature_schema,acfd34080ed60c0a6f59,True,multi_response,dictionary_code_tokens+multi_hot+missing_indicator,documented_task_component_set,dictionary_multi_response_tokens,50,distinct_fit_participants_with_observed_original_feature,recomputed_per_scenario_and_per_temporal_block_on_fit_data,False,True,True,remove_if_support_lt_50_or_all_missing_or_effectively_constant_in_fit,True,retained_at_50_in_snapshot_all_train_reference,Semantically authorized. Apply the frozen support rule independently within each scenario and temporal block using fit participants only.
ADAS,visit,13,Q2UNABLE,ADAS__Q2UNABLE,True,numeric,median_impute+missing_indicator+standardize,cognitive_item_or_measure,cognitive_instrument_semantic_rule,automatic_proposal,,current_and_previous_blocks_evaluated_independently,50,distinct_fit_participants_with_observed_original_feature,recomputed_per_scenario_and_per_temporal_block_on_fit_data,remove_if_support_lt_50_or_all_missing_or_effectively_constant_in_fit,593,True,0.1772774712986432,4,False,False,False,categorical_numeric_code_candidate,one_hot_or_numeric_review,numeric_looking_code_requires_semantic_review,True,categorical,explicit_missing_category+one_hot_ignore_unknown,assessment_noncompletion_reason,documented_controlled_category_or_measurement_context_with_train_learned_domain,semantic_support_candidate_not_official_v0.1.2,matched,4,ADNI2;ADNI3;ADNI4;ADNIGO,2. Commands || Task 2. Commands,N,0=Conducted; 1=Not done (for reasons other than physical/cognitive); 2=Participant refused; 3=Participant unable for physical reasons; 4=Participant unable for cognitive reasons || 0=Conducted;1=Not done (for reasons other than physical/cognitive);2=Participant refused;3=Participant unable for physical reasons;4=Participant unable for cognitive reasons || 1=Not done (for reasons other than physical/cognitive); 2=Participant refused; 3=Participant unable for physical reasons;4=Participant unable for cognitive reasons,,Redacted,ADAS Item Level and Sub Scores Redacted,2,3,True,categorical,explicit_missing_category+one_hot_ignore_unknown,assessment_noncompletion_reason,corrected_type,dictionary_codes_are_reasons_for_noncompletion_not_numeric_measurements,dictionary_status_redacted|definition_varies_by_phase|code_dictionary_varies_by_phase,True,4,4,4,True,0,True,10,0,0,0,3,9,9,0,0,True,1,0,2,False,0.1.0,False,manual_review_unassessable_phase_domain,one_or_more_observed_phases_have_no_parseable_dictionary_domain,phase_dictionary_missing_for_observed_phase,True,observed_values_unassessable_in_one_or_more_phases,consistent,consistent,2637,967,True,categorical,explicit_missing_category+one_hot_ignore_unknown,assessment_noncompletion_reason,approved,documented_controlled_category_or_measurement_context_with_train_learned_domain,categorical_identity,False,False,,,0,0,0,0,True,True,True,0.1.2,True,2|10|30|50|100,593,True,True,True,True,True,1.0.0,True,benchmark04e_freeze_feature_schema,acfd34080ed60c0a6f59,True,categorical,explicit_missing_category+one_hot_ignore_unknown,assessment_noncompletion_reason,categorical_identity,50,distinct_fit_participants_with_observed_original_feature,recomputed_per_scenario_and_per_temporal_block_on_fit_data,False,True,True,remove_if_support_lt_50_or_all_missing_or_effectively_constant_in_fit,True,retained_at_50_in_snapshot_all_train_reference,Semantically authorized. Apply the frozen support rule independently within each scenario and temporal block using fit participants only.
ADAS,visit,14,Q3TASK1,ADAS__Q3TASK1,True,numeric,median_impute+missing_indicator+standardize,cognitive_item_or_measure,cognitive_instrument_semantic_rule,automatic_proposal,,current_and_previous_blocks_evaluated_independently,50,distinct_fit_participants_with_observed_original_feature,recomputed_per_scenario_and_per_temporal_block_on_fit_data,remove_if_support_lt_50_or_all_missing_or_effectively_constant_in_fit,1416,True,0.6406739227672581,2,False,False,False,categorical_numeric_code_candidate,one_hot_or_numeric_review,numeric_looking_code_requires_semantic_review,True,categorical,explicit_missing_category+one_hot_ignore_unknown,constructional_praxis_response_state,three_response_states_are_categorical_not_interval_numeric,semantic_support_candidate_not_official_v0.1.2,matched,4,ADNI2;ADNI3;ADNI4;ADNIGO,Circle || a. Circle,N,1=Figure drawn correctly; 2=Figure drawn incorrectly (at least one side/section of figure drawn); 3=No recognizable attempt at drawing any side/section of figure || 1=Figure drawn correctly;2=Figure drawn incorrectly (at least one side/section of figure drawn);3=No recognizable attempt at drawing any side/section of figure || 1=Shape drawn correctly;2=Shape drawn incorrectly (at least one side/section of shape drawn);3=No recognizable attempt at drawing any side/section of shape,,Redacted,ADAS Item Level and Sub Scores Redacted,2,3,True,numeric,median_impute+missing_indicator+standardize,cognitive_item_or_measure,confirmed,dictionary_consistent_with_candidate_schema,dictionary_status_redacted|definition_varies_by_phase|code_dictionary_varies_by_phase,False,4,3,5,True,0,True,9,0,0,0,1,2569,544,2,0,True,1,0,2,False,0.1.0,False,manual_review_unassessable_phase_domain,one_or_more_observed_phases_have_no_parseable_dictionary_domain,phase_semantic_conflict,True,observed_values_unassessable_in_one_or_more_phases,consistent,consistent,8681,1836,True,categorical,explicit_missing_category+one_hot_ignore_unknown,constructional_praxis_response_state,approved,three_response_states_are_categorical_not_interval_numeric,categorical_identity,False,False,,,0,0,0,0,True,True,True,0.1.2,True,2|10|30|50|100,1416,True,True,True,True,True,1.0.0,True,benchmark04e_freeze_feature_schema,acfd34080ed60c0a6f59,True,categorical,explicit_missing_category+one_hot_ignore_unknown,constructional_praxis_response_state,categorical_identity,50,distinct_fit_participants_with_observed_original_feature,recomputed_per_scenario_and_per_temporal_block_on_fit_data,False,True,True,remove_if_support_lt_50_or_all_missing_or_effectively_constant_in_fit,True,retained_at_50_in_snapshot_all_train_reference,Semantically authorized. Apply the frozen support rule independently within each scenario and temporal block using fit participants only.
ADAS,visit,15,Q3TASK2,ADAS__Q3TASK2,True,numeric,median_impute+missing_indicator+standardize,cognitive_item_or_measure,cognitive_instrument_semantic_rule,automatic_proposal,,current_and_previous_blocks_evaluated_independently,50,distinct_fit_participants_with_observed_original_feature,recomputed_per_scenario_and_per_temporal_block_on_fit_data,remove_if_support_lt_50_or_all_missing_or_effectively_constant_in_fit,1407,True,0.6356045922170867,3,False,False,False,categorical_numeric_code_candidate,one_hot_or_numeric_review,numeric_looking_code_requires_semantic_review,True,categorical,explicit_missing_category+one_hot_ignore_unknown,constructional_praxis_response_state,three_response_states_are_categorical_not_interval_numeric,semantic_support_candidate_not_official_v0.1.2,matched,4,ADNI2;ADNI3;ADNI4;ADNIGO,Two overlapping rectangles || b. Two overlapping rectangles,N,1=Figure drawn correctly; 2=Figure drawn incorrectly (at least one side/section of figure drawn); 3=No recognizable attempt at drawing any side/section of figure || 1=Figure drawn correctly;2=Figure drawn incorrectly (at least one side/section of figure drawn);3=No recognizable attempt at drawing any side/section of figure || 1=Shape drawn correctly;2=Shape drawn incorrectly (at least one side/section of shape drawn);3=No recognizable attempt at drawing any side/section of shape,,Redacted,ADAS Item Level and Sub Scores Redacted,2,3,True,numeric,median_impute+missing_indicator+standardize,cognitive_item_or_measure,confirmed,dictionary_consistent_with_candidate_schema,dictionary_status_redacted|definition_varies_by_phase|code_dictionary_varies_by_phase,False,4,3,5,True,0,True,12,0,0,0,1,2503,537,3,0,True,1,0,2,False,0.1.0,False,manual_review_unassessable_phase_domain,one_or_more_observed_phases_have_no_parseable_dictionary_domain,phase_semantic_conflict,True,observed_values_unassessable_in_one_or_more_phases,consistent,consistent,8615,1829,True,categorical,explicit_missing_category+one_hot_ignore_unknown,constructional_praxis_response_state,approved,three_response_states_are_categorical_not_interval_numeric,categorical_identity,False,False,,,0,0,0,0,True,True,True,0.1.2,True,2|10|30|50|100,1407,True,True,True,True,True,1.0.0,True,benchmark04e_freeze_feature_schema,acfd34080ed60c0a6f59,True,categorical,explicit_missing_category+one_hot_ignore_unknown,constructional_praxis_response_state,categorical_identity,50,distinct_fit_participants_with_observed_original_feature,recomputed_per_scenario_and_per_temporal_block_on_fit_data,False,True,True,remove_if_support_lt_50_or_all_missing_or_effectively_constant_in_fit,True,retained_at_50_in_snapshot_all_train_reference,Semantically authorized. Apply the frozen support rule independently within each scenario and temporal block using fit participants only.
ADAS,visit,16,Q3TASK3,ADAS__Q3TASK3,True,numeric,median_impute+missing_indicator+standardize,cognitive_item_or_measure,cognitive_instrument_semantic_rule,automatic_proposal,,current_and_previous_blocks_evaluated_independently,50,distinct_fit_participants_with_observed_original_feature,recomputed_per_scenario_and_per_temporal_block_on_fit_data,remove_if_support_lt_50_or_all_missing_or_effectively_constant_in_fit,1408,True,0.632324437155211,3,False,False,False,categorical_numeric_code_candidate,one_hot_or_numeric_review,numeric_looking_code_requires_semantic_review,True,categorical,explicit_missing_category+one_hot_ignore_unknown,constructional_praxis_response_state,three_response_states_are_categorical_not_interval_numeric,semantic_support_candidate_not_official_v0.1.2,matched,4,ADNI2;ADNI3;ADNI4;ADNIGO,Rhombus(Diamond) || c. Rhombus (Diamond),N,1=Figure drawn correctly; 2=Figure drawn incorrectly (at least one side/section of figure drawn); 3=No recognizable attempt at drawing any side/section of figure || 1=Figure drawn correctly;2=Figure drawn incorrectly (at least one side/section of figure drawn);3=No recognizable attempt at drawing any side/section of figure || 1=Shape drawn correctly;2=Shape drawn incorrectly (at least one side/section of shape drawn);3=No recognizable attempt at drawing any side/section of shape,,Redacted,ADAS Item Level and Sub Scores Redacted,2,3,True,numeric,median_impute+missing_indicator+standardize,cognitive_item_or_measure,confirmed,dictionary_consistent_with_candidate_schema,dictionary_status_redacted|definition_varies_by_phase|code_dictionary_varies_by_phase,False,4,3,5,True,0,True,11,0,0,0,1,2465,541,3,0,True,1,0,2,False,0.1.0,False,manual_review_unassessable_phase_domain,one_or_more_observed_phases_have_no_parseable_dictionary_domain,phase_semantic_conflict,True,observed_values_unassessable_in_one_or_more_phases,consistent,consistent,8577,1833,True,categorical,explicit_missing_category+one_hot_ignore_unknown,constructional_praxis_response_state,approved,three_response_states_are_categorical_not_interval_numeric,categorical_identity,False,False,,,0,0,0,0,True,True,True,0.1.2,True,2|10|30|50|100,1408,True,True,True,True,True,1.0.0,True,benchmark04e_freeze_feature_schema,acfd34080ed60c0a6f59,True,categorical,explicit_missing_category+one_hot_ignore_unknown,constructional_praxis_response_state,categorical_identity,50,distinct_fit_participants_with_observed_original_feature,recomputed_per_scenario_and_per_temporal_block_on_fit_data,False,True,True,remove_if_support_lt_50_or_all_missing_or_effectively_constant_in_fit,True,retained_at_50_in_snapshot_all_train_reference,Semantically authorized. Apply the frozen support rule independently within each scenario and temporal block using fit participants only.
ADAS,visit,17,Q3TASK4,ADAS__Q3TASK4,True,numeric,median_impute+missing_indicator+standardize,cognitive_item_or_measure,cognitive_instrument_semantic_rule,automatic_proposal,,current_and_previous_blocks_evaluated_independently,50,distinct_fit_participants_with_observed_original_feature,recomputed_per_scenario_and_per_temporal_block_on_fit_data,remove_if_support_lt_50_or_all_missing_or_effectively_constant_in_fit,1269,True,0.5352616669151633,3,False,False,False,categorical_numeric_code_candidate,one_hot_or_numeric_review,numeric_looking_code_requires_semantic_review,True,categorical,explicit_missing_category+one_hot_ignore_unknown,constructional_praxis_response_state,three_response_states_are_categorical_not_interval_numeric,semantic_support_candidate_not_official_v0.1.2,matched,4,ADNI2;ADNI3;ADNI4;ADNIGO,Cube || d. Cube,N,1=Figure drawn correctly; 2=Figure drawn incorrectly (at least one side/section of figure drawn); 3=No recognizable attempt at drawing any side/section of figure || 1=Figure drawn correctly;2=Figure drawn incorrectly (at least one side/section of figure drawn);3=No recognizable attempt at drawing any side/section of figure || 1=Shape drawn correctly;2=Shape drawn incorrectly (at least one side/section of shape drawn);3=No recognizable attempt at drawing any side/section of shape,,Redacted,ADAS Item Level and Sub Scores Redacted,2,3,True,numeric,median_impute+missing_indicator+standardize,cognitive_item_or_measure,confirmed,dictionary_consistent_with_candidate_schema,dictionary_status_redacted|definition_varies_by_phase|code_dictionary_varies_by_phase,False,4,3,5,True,0,True,13,0,0,0,1,1363,404,3,0,True,1,0,2,False,0.1.0,False,manual_review_unassessable_phase_domain,one_or_more_observed_phases_have_no_parseable_dictionary_domain,phase_semantic_conflict,True,observed_values_unassessable_in_one_or_more_phases,consistent,consistent,7475,1715,True,categorical,explicit_missing_category+one_hot_ignore_unknown,constructional_praxis_response_state,approved,three_response_states_are_categorical_not_interval_numeric,categorical_identity,False,False,,,0,0,0,0,True,True,True,0.1.2,True,2|10|30|50|100,1269,True,True,True,True,True,1.0.0,True,benchmark04e_freeze_feature_schema,acfd34080ed60c0a6f59,True,categorical,explicit_missing_category+one_hot_ignore_unknown,constructional_praxis_response_state,categorical_identity,50,distinct_fit_participants_with_observed_original_feature,recomputed_per_scenario_and_per_temporal_block_on_fit_data,False,True,True,remove_if_support_lt_50_or_all_missing_or_effectively_constant_in_fit,True,retained_at_50_in_snapshot_all_train_reference,Semantically authorized. Apply the frozen support rule independently within each scenario and temporal block using fit participants only.
ADAS,visit,18,Q3TASK5,ADAS__Q3TASK5,True,binary,train_binary_mapping+median_impute+missing_indicator,cognitive_item_or_measure,cognitive_instrument_semantic_rule,automatic_proposal,,current_and_previous_blocks_evaluated_independently,50,distinct_fit_participants_with_observed_original_feature,recomputed_per_scenario_and_per_temporal_block_on_fit_data,remove_if_support_lt_50_or_all_missing_or_effectively_constant_in_fit,2,False,0.0002981959147159,1,False,True,False,binary_numeric_candidate,binary_or_one_hot_review,numeric_looking_code_requires_semantic_review|train_missingness_at_least_99_percent|low_train_participant_support_review|snapshot_train_observed_value_constant_missingness_may_vary,False,excluded,none,undocumented_or_obsolete_field,preserve_dictionary_audited_semantic_exclusion,semantic_support_candidate_not_official_v0.1.2,not_found,0,,,,,,,,0,0,False,excluded,none,undocumented_or_obsolete_field,corrected,exclude_not_found_in_05May2026_dictionary_and_below_support_with_observed_constant_value,not_found_in_dictionary,True,0,1,1,True,0,False,0,0,0,0,0,0,0,0,0,True,0,0,0,False,0.1.0,False,approved_exclusion,feature_is_semantically_excluded_before_support_filtering,not_applicable_excluded,False,not_applicable_excluded,consistent,consistent,7,6,False,excluded,none,undocumented_or_obsolete_field,approved_exclusion,preserve_dictionary_audited_semantic_exclusion,none,False,False,,,0,0,0,0,True,False,True,0.1.2,True,2|10|30|50|100,0,False,False,False,False,False,1.0.0,True,benchmark04e_freeze_feature_schema,acfd34080ed60c0a6f59,False,excluded,none,undocumented_or_obsolete_field,none,50,distinct_fit_participants_with_observed_original_feature,recomputed_per_scenario_and_per_temporal_block_on_fit_data,False,True,True,remove_if_support_lt_50_or_all_missing_or_effectively_constant_in_fit,False,semantically_excluded,Semantically excluded before statistical support filtering.
ADAS,visit,19,Q3UNABLE,ADAS__Q3UNABLE,True,numeric,median_impute+missing_indicator+standardize,cognitive_item_or_measure,cognitive_instrument_semantic_rule,automatic_proposal,,current_and_previous_blocks_evaluated_independently,50,distinct_fit_participants_with_observed_original_feature,recomputed_per_scenario_and_per_temporal_block_on_fit_data,remove_if_support_lt_50_or_all_missing_or_effectively_constant_in_fit,594,True,0.1774265692560012,4,False,False,False,categorical_numeric_code_candidate,one_hot_or_numeric_review,numeric_looking_code_requires_semantic_review,True,categorical,explicit_missing_category+one_hot_ignore_unknown,assessment_noncompletion_reason,documented_controlled_category_or_measurement_context_with_train_learned_domain,semantic_support_candidate_not_official_v0.1.2,matched,4,ADNI2;ADNI3;ADNI4;ADNIGO,3. Constructional Praxis || Task 3. Constructional Praxis,N,0=Conducted; 1=Not done (for reasons other than physical/cognitive); 2=Participant refused; 3=Participant unable for physical reasons; 4=Participant unable for cognitive reasons || 0=Conducted;1=Not done (for reasons other than physical/cognitive);2=Participant refused;3=Participant unable for physical reasons;4=Participant unable for cognitive reasons || 1=Not done (for reasons other than physical/cognitive); 2=Participant refused; 3=Participant unable for physical reasons; 4=Participant unable for cognitive reasons,,Redacted,ADAS Item Level and Sub Scores Redacted,2,3,True,categorical,explicit_missing_category+one_hot_ignore_unknown,assessment_noncompletion_reason,corrected_type,dictionary_codes_are_reasons_for_noncompletion_not_numeric_measurements,dictionary_status_redacted|definition_varies_by_phase|code_dictionary_varies_by_phase,True,4,5,4,True,0,True,12,0,0,0,3,10,10,0,0,True,1,0,2,False,0.1.0,False,manual_review_unassessable_phase_domain,one_or_more_observed_phases_have_no_parseable_dictionary_domain,phase_dictionary_missing_for_observed_phase,True,observed_values_unassessable_in_one_or_more_phases,consistent,consistent,2638,968,True,categorical,explicit_missing_category+one_hot_ignore_unknown,assessment_noncompletion_reason,approved,documented_controlled_category_or_measurement_context_with_train_learned_domain,categorical_identity,False,False,,,0,0,0,0,True,True,True,0.1.2,True,2|10|30|50|100,594,True,True,True,True,True,1.0.0,True,benchmark04e_freeze_feature_schema,acfd34080ed60c0a6f59,True,categorical,explicit_missing_category+one_hot_ignore_unknown,assessment_noncompletion_reason,categorical_identity,50,distinct_fit_participants_with_observed_original_feature,recomputed_per_scenario_and_per_temporal_block_on_fit_data,False,True,True,remove_if_support_lt_50_or_all_missing_or_effectively_constant_in_fit,True,retained_at_50_in_snapshot_all_train_reference,Semantically authorized. Apply the frozen support rule independently within each scenario and temporal block using fit participants only.
ADAS,visit,20,Q4TASK,ADAS__Q4TASK,True,multi_response,split_pipe_or_semicolon+multi_hot+missing_indicator,cognitive_multiresponse_item,source_specific_semantic_rule_pending_group_review,manual_group_review_required,R03_ADAS_MULTI_RESPONSE,current_and_previous_blocks_evaluated_independently,50,distinct_fit_participants_with_observed_original_feature,recomputed_per_scenario_and_per_temporal_block_on_fit_data,remove_if_support_lt_50_or_all_missing_or_effectively_constant_in_fit,1359,True,0.6004174742806023,806,False,False,False,multi_response_candidate,multi_hot,multi_response_requires_token_semantics_review,False,excluded,none,phase_or_form_dependent_raw_word_identity,preserve_dictionary_audited_semantic_exclusion,semantic_support_candidate_not_official_v0.1.2,matched,4,ADNI2;ADNI3;ADNI4;ADNIGO,4. Delayed Word Recall || <!--4. Delayed Word Recall-->,T,0=Butter; 1=Arm; 10=None recalled correctly; 2=Shore; 3=Letter; 4=Queen; 5=Cabin; 6=Pole; 7=Ticket; 8=Grass; 9=Engine || 0=Butter;1=Arm;2=Shore;3=Letter;4=Queen;5=Cabin;6=Pole;7=Ticket;8=Grass;9=Engine;10=None recalled correctly || 0=Word 1;1=Word 2; 2=Word 3; 3=Word 4; 4=Word 5; 5=Word 6; 6=Word 7; 7=Word 8; 8=Word 9; 9=Word10;10=None recalled correctly,,Redacted,ADAS Item Level and Sub Scores Redacted,2,3,False,excluded,none,phase_or_form_dependent_raw_word_identity,corrected,exclude_raw_word_identity_codes_because_meaning_changes_across_phases_or_word_lists_and_summary_scores_are_available,dictionary_status_redacted|definition_varies_by_phase|code_dictionary_varies_by_phase|phase_dependent_code_semantics,True,4,934,5,True,0,False,0,0,0,0,0,0,0,0,0,True,1,0,1,False,0.1.0,False,approved_exclusion,feature_is_semantically_excluded_before_support_filtering,not_applicable_excluded,False,not_applicable_excluded,consistent,consistent,8215,1800,False,excluded,none,phase_or_form_dependent_raw_word_identity,approved_exclusion,preserve_dictionary_audited_semantic_exclusion,none,False,False,,,0,0,0,0,True,False,True,0.1.2,True,2|10|30|50|100,0,False,False,False,False,False,1.0.0,True,benchmark04e_freeze_feature_schema,acfd34080ed60c0a6f59,False,excluded,none,phase_or_form_dependent_raw_word_identity,none,50,distinct_fit_participants_with_observed_original_feature,recomputed_per_scenario_and_per_temporal_block_on_fit_data,False,True,True,remove_if_support_lt_50_or_all_missing_or_effectively_constant_in_fit,False,semantically_excluded,Semantically excluded before statistical support filtering.
ADAS,visit,21,Q4UNABLE,ADAS__Q4UNABLE,True,numeric,median_impute+missing_indicator+standardize,cognitive_item_or_measure,cognitive_instrument_semantic_rule,automatic_proposal,,current_and_previous_blocks_evaluated_independently,50,distinct_fit_participants_with_observed_original_feature,recomputed_per_scenario_and_per_temporal_block_on_fit_data,remove_if_support_lt_50_or_all_missing_or_effectively_constant_in_fit,611,True,0.1804085284031608,4,False,False,False,categorical_numeric_code_candidate,one_hot_or_numeric_review,numeric_looking_code_requires_semantic_review,True,categorical,explicit_missing_category+one_hot_ignore_unknown,assessment_noncompletion_reason,documented_controlled_category_or_measurement_context_with_train_learned_domain,semantic_support_candidate_not_official_v0.1.2,matched,4,ADNI2;ADNI3;ADNI4;ADNIGO,4. Delayed Word Recall || Task 4. Delayed Word Recall,N,0=Conducted; 1=Not done (for reasons other than physical/cognitive); 2=Participant refused; 4=Participant unable for cognitive reasons || 0=Conducted;1=Not done (for reasons other than physical/cognitive);2=Participant refused;4=Participant unable for cognitive reasons || 1=Not done (for reasons other than physical/cognitive); 2=Participant refused; 4=Participant unable for cognitive reasons,,Redacted,ADAS Item Level and Sub Scores Redacted,2,3,True,categorical,explicit_missing_category+one_hot_ignore_unknown,assessment_noncompletion_reason,corrected_type,dictionary_codes_are_reasons_for_noncompletion_not_numeric_measurements,dictionary_status_redacted|definition_varies_by_phase|code_dictionary_varies_by_phase,True,4,4,5,True,0,True,14,0,0,0,3,36,30,0,0,True,1,0,2,False,0.1.0,False,manual_review_unassessable_phase_domain,one_or_more_observed_phases_have_no_parseable_dictionary_domain,phase_dictionary_missing_for_observed_phase,True,observed_values_unassessable_in_one_or_more_phases,consistent,consistent,2672,992,True,categorical,explicit_missing_category+one_hot_ignore_unknown,assessment_noncompletion_reason,approved,documented_controlled_category_or_measurement_context_with_train_learned_domain,categorical_identity,False,False,,,0,0,0,0,True,True,True,0.1.2,True,2|10|30|50|100,611,True,True,True,True,True,1.0.0,True,benchmark04e_freeze_feature_schema,acfd34080ed60c0a6f59,True,categorical,explicit_missing_category+one_hot_ignore_unknown,assessment_noncompletion_reason,categorical_identity,50,distinct_fit_participants_with_observed_original_feature,recomputed_per_scenario_and_per_temporal_block_on_fit_data,False,True,True,remove_if_support_lt_50_or_all_missing_or_effectively_constant_in_fit,True,retained_at_50_in_snapshot_all_train_reference,Semantically authorized. Apply the frozen support rule independently within each scenario and temporal block using fit participants only.
ADAS,visit,22,Q5NAME1,ADAS__Q5NAME1,True,numeric,median_impute+missing_indicator+standardize,cognitive_item_or_measure,cognitive_instrument_semantic_rule,automatic_proposal,,current_and_previous_blocks_evaluated_independently,50,distinct_fit_participants_with_observed_original_feature,recomputed_per_scenario_and_per_temporal_block_on_fit_data,remove_if_support_lt_50_or_all_missing_or_effectively_constant_in_fit,1419,True,0.641866706426122,4,False,False,False,categorical_numeric_code_candidate,one_hot_or_numeric_review,numeric_looking_code_requires_semantic_review,True,categorical,explicit_missing_category+one_hot_ignore_unknown,item_response_and_cue_state,documented_controlled_category_or_measurement_context_with_train_learned_domain,semantic_support_candidate_not_official_v0.1.2,matched,2,ADNI3;ADNI4,Flower,N,0=Incorrect; 1=Correct - no cue; 2=Correct with semantic cue || 0=Incorrect;1=Correct - no cue;2=Correct with semantic cue,,Redacted,ADAS Item Level and Sub Scores Redacted,1,2,True,categorical,explicit_missing_category+one_hot_ignore_unknown,item_response_and_cue_state,corrected_type,codes_are_incorrect_correct_without_cue_correct_with_semantic_cue_and_raw_numeric_order_is_not_valid,dictionary_status_redacted|code_dictionary_varies_by_phase,True,2,4,5,True,0,True,12,0,0,0,6,6087,1173,0,0,True,1,0,1,False,0.1.0,False,manual_review_unassessable_phase_domain,one_or_more_observed_phases_have_no_parseable_dictionary_domain,phase_dictionary_missing_for_observed_phase,True,observed_values_unassessable_in_one_or_more_phases,consistent,consistent,8701,1836,True,categorical,explicit_missing_category+one_hot_ignore_unknown,item_response_and_cue_state,approved,documented_controlled_category_or_measurement_context_with_train_learned_domain,categorical_identity,False,False,,,0,0,0,0,True,True,True,0.1.2,True,2|10|30|50|100,1419,True,True,True,True,True,1.0.0,True,benchmark04e_freeze_feature_schema,acfd34080ed60c0a6f59,True,categorical,explicit_missing_category+one_hot_ignore_unknown,item_response_and_cue_state,categorical_identity,50,distinct_fit_participants_with_observed_original_feature,recomputed_per_scenario_and_per_temporal_block_on_fit_data,False,True,True,remove_if_support_lt_50_or_all_missing_or_effectively_constant_in_fit,True,retained_at_50_in_snapshot_all_train_reference,Semantically authorized. Apply the frozen support rule independently within each scenario and temporal block using fit participants only.
ADAS,visit,23,Q5NAME2,ADAS__Q5NAME2,True,numeric,median_impute+missing_indicator+standardize,cognitive_item_or_measure,cognitive_instrument_semantic_rule,automatic_proposal,,current_and_previous_blocks_evaluated_independently,50,distinct_fit_participants_with_observed_original_feature,recomputed_per_scenario_and_per_temporal_block_on_fit_data,remove_if_support_lt_50_or_all_missing_or_effectively_constant_in_fit,1419,True,0.641866706426122,4,False,False,False,categorical_numeric_code_candidate,one_hot_or_numeric_review,numeric_looking_code_requires_semantic_review,True,categorical,explicit_missing_category+one_hot_ignore_unknown,item_response_and_cue_state,documented_controlled_category_or_measurement_context_with_train_learned_domain,semantic_support_candidate_not_official_v0.1.2,matched,2,ADNI3;ADNI4,Bed,N,0=Incorrect; 1=Correct - no cue; 2=Correct with semantic cue || 0=Incorrect;1=Correct - no cue;2=Correct with semantic cue,,Redacted,ADAS Item Level and Sub Scores Redacted,1,2,True,categorical,explicit_missing_category+one_hot_ignore_unknown,item_response_and_cue_state,corrected_type,codes_are_incorrect_correct_without_cue_correct_with_semantic_cue_and_raw_numeric_order_is_not_valid,dictionary_status_redacted|code_dictionary_varies_by_phase,True,2,4,5,True,0,True,11,0,0,0,5,6087,1173,0,0,True,1,0,1,False,0.1.0,False,manual_review_unassessable_phase_domain,one_or_more_observed_phases_have_no_parseable_dictionary_domain,phase_dictionary_missing_for_observed_phase,True,observed_values_unassessable_in_one_or_more_phases,consistent,consistent,8701,1836,True,categorical,explicit_missing_category+one_hot_ignore_unknown,item_response_and_cue_state,approved,documented_controlled_category_or_measurement_context_with_train_learned_domain,categorical_identity,False,False,,,0,0,0,0,True,True,True,0.1.2,True,2|10|30|50|100,1419,True,True,True,True,True,1.0.0,True,benchmark04e_freeze_feature_schema,acfd34080ed60c0a6f59,True,categorical,explicit_missing_category+one_hot_ignore_unknown,item_response_and_cue_state,categorical_identity,50,distinct_fit_participants_with_observed_original_feature,recomputed_per_scenario_and_per_temporal_block_on_fit_data,False,True,True,remove_if_support_lt_50_or_all_missing_or_effectively_constant_in_fit,True,retained_at_50_in_snapshot_all_train_reference,Semantically authorized. Apply the frozen support rule independently within each scenario and temporal block using fit participants only.
ADAS,visit,24,Q5NAME3,ADAS__Q5NAME3,True,numeric,median_impute+missing_indicator+standardize,cognitive_item_or_measure,cognitive_instrument_semantic_rule,automatic_proposal,,current_and_previous_blocks_evaluated_independently,50,distinct_fit_participants_with_observed_original_feature,recomputed_per_scenario_and_per_temporal_block_on_fit_data,remove_if_support_lt_50_or_all_missing_or_effectively_constant_in_fit,1419,True,0.641866706426122,4,False,False,False,categorical_numeric_code_candidate,one_hot_or_numeric_review,numeric_looking_code_requires_semantic_review,True,categorical,explicit_missing_category+one_hot_ignore_unknown,item_response_and_cue_state,documented_controlled_category_or_measurement_context_with_train_learned_domain,semantic_support_candidate_not_official_v0.1.2,matched,2,ADNI3;ADNI4,Whistle,N,0=Incorrect; 1=Correct - no cue; 2=Correct with semantic cue || 0=Incorrect;1=Correct - no cue;2=Correct with semantic cue,,Redacted,ADAS Item Level and Sub Scores Redacted,1,2,True,categorical,explicit_missing_category+one_hot_ignore_unknown,item_response_and_cue_state,corrected_type,codes_are_incorrect_correct_without_cue_correct_with_semantic_cue_and_raw_numeric_order_is_not_valid,dictionary_status_redacted|code_dictionary_varies_by_phase,True,2,4,5,True,0,True,12,0,0,0,6,6087,1173,0,0,True,1,0,1,False,0.1.0,False,manual_review_unassessable_phase_domain,one_or_more_observed_phases_have_no_parseable_dictionary_domain,phase_dictionary_missing_for_observed_phase,True,observed_values_unassessable_in_one_or_more_phases,consistent,consistent,8701,1836,True,categorical,explicit_missing_category+one_hot_ignore_unknown,item_response_and_cue_state,approved,documented_controlled_category_or_measurement_context_with_train_learned_domain,categorical_identity,False,False,,,0,0,0,0,True,True,True,0.1.2,True,2|10|30|50|100,1419,True,True,True,True,True,1.0.0,True,benchmark04e_freeze_feature_schema,acfd34080ed60c0a6f59,True,categorical,explicit_missing_category+one_hot_ignore_unknown,item_response_and_cue_state,categorical_identity,50,distinct_fit_participants_with_observed_original_feature,recomputed_per_scenario_and_per_temporal_block_on_fit_data,False,True,True,remove_if_support_lt_50_or_all_missing_or_effectively_constant_in_fit,True,retained_at_50_in_snapshot_all_train_reference,Semantically authorized. Apply the frozen support rule independently within each scenario and temporal block using fit participants only.
ADAS,visit,25,Q5NAME4,ADAS__Q5NAME4,True,numeric,median_impute+missing_indicator+standardize,cognitive_item_or_measure,cognitive_instrument_semantic_rule,automatic_proposal,,current_and_previous_blocks_evaluated_independently,50,distinct_fit_participants_with_observed_original_feature,recomputed_per_scenario_and_per_temporal_block_on_fit_data,remove_if_support_lt_50_or_all_missing_or_effectively_constant_in_fit,1419,True,0.641866706426122,4,False,False,False,categorical_numeric_code_candidate,one_hot_or_numeric_review,numeric_looking_code_requires_semantic_review,True,categorical,explicit_missing_category+one_hot_ignore_unknown,item_response_and_cue_state,documented_controlled_category_or_measurement_context_with_train_learned_domain,semantic_support_candidate_not_official_v0.1.2,matched,2,ADNI3;ADNI4,Pencil,N,0=Incorrect; 1=Correct - no cue; 2=Correct with semantic cue || 0=Incorrect;1=Correct - no cue;2=Correct with semantic cue,,Redacted,ADAS Item Level and Sub Scores Redacted,1,2,True,categorical,explicit_missing_category+one_hot_ignore_unknown,item_response_and_cue_state,corrected_type,codes_are_incorrect_correct_without_cue_correct_with_semantic_cue_and_raw_numeric_order_is_not_valid,dictionary_status_redacted|code_dictionary_varies_by_phase,True,2,4,5,True,0,True,9,0,0,0,5,6087,1173,0,0,True,1,0,1,False,0.1.0,False,manual_review_unassessable_phase_domain,one_or_more_observed_phases_have_no_parseable_dictionary_domain,phase_dictionary_missing_for_observed_phase,True,observed_values_unassessable_in_one_or_more_phases,consistent,consistent,8701,1836,True,categorical,explicit_missing_category+one_hot_ignore_unknown,item_response_and_cue_state,approved,documented_controlled_category_or_measurement_context_with_train_learned_domain,categorical_identity,False,False,,,0,0,0,0,True,True,True,0.1.2,True,2|10|30|50|100,1419,True,True,True,True,True,1.0.0,True,benchmark04e_freeze_feature_schema,acfd34080ed60c0a6f59,True,categorical,explicit_missing_category+one_hot_ignore_unknown,item_response_and_cue_state,categorical_identity,50,distinct_fit_participants_with_observed_original_feature,recomputed_per_scenario_and_per_temporal_block_on_fit_data,False,True,True,remove_if_support_lt_50_or_all_missing_or_effectively_constant_in_fit,True,retained_at_50_in_snapshot_all_train_reference,Semantically authorized. Apply the frozen support rule independently within each scenario and temporal block using fit participants only.
ADAS,visit,26,Q5NAME5,ADAS__Q5NAME5,True,numeric,median_impute+missing_indicator+standardize,cognitive_item_or_measure,cognitive_instrument_semantic_rule,automatic_proposal,,current_and_previous_blocks_evaluated_independently,50,distinct_fit_participants_with_observed_original_feature,recomputed_per_scenario_and_per_temporal_block_on_fit_data,remove_if_support_lt_50_or_all_missing_or_effectively_constant_in_fit,1419,True,0.641866706426122,4,False,False,False,categorical_numeric_code_candidate,one_hot_or_numeric_review,numeric_looking_code_requires_semantic_review,True,categorical,explicit_missing_category+one_hot_ignore_unknown,item_response_and_cue_state,documented_controlled_category_or_measurement_context_with_train_learned_domain,semantic_support_candidate_not_official_v0.1.2,matched,2,ADNI3;ADNI4,Rattle,N,0=Incorrect; 1=Correct - no cue; 2=Correct with semantic cue || 0=Incorrect;1=Correct - no cue;2=Correct with semantic cue,,Redacted,ADAS Item Level and Sub Scores Redacted,1,2,True,categorical,explicit_missing_category+one_hot_ignore_unknown,item_response_and_cue_state,corrected_type,codes_are_incorrect_correct_without_cue_correct_with_semantic_cue_and_raw_numeric_order_is_not_valid,dictionary_status_redacted|code_dictionary_varies_by_phase,True,2,4,5,True,0,True,12,0,0,0,6,6087,1173,0,0,True,1,0,1,False,0.1.0,False,manual_review_unassessable_phase_domain,one_or_more_observed_phases_have_no_parseable_dictionary_domain,phase_dictionary_missing_for_observed_phase,True,observed_values_unassessable_in_one_or_more_phases,consistent,consistent,8701,1836,True,categorical,explicit_missing_category+one_hot_ignore_unknown,item_response_and_cue_state,approved,documented_controlled_category_or_measurement_context_with_train_learned_domain,categorical_identity,False,False,,,0,0,0,0,True,True,True,0.1.2,True,2|10|30|50|100,1419,True,True,True,True,True,1.0.0,True,benchmark04e_freeze_feature_schema,acfd34080ed60c0a6f59,True,categorical,explicit_missing_category+one_hot_ignore_unknown,item_response_and_cue_state,categorical_identity,50,distinct_fit_participants_with_observed_original_feature,recomputed_per_scenario_and_per_temporal_block_on_fit_data,False,True,True,remove_if_support_lt_50_or_all_missing_or_effectively_constant_in_fit,True,retained_at_50_in_snapshot_all_train_reference,Semantically authorized. Apply the frozen support rule independently within each scenario and temporal block using fit participants only.
ADAS,visit,27,Q5NAME6,ADAS__Q5NAME6,True,numeric,median_impute+missing_indicator+standardize,cognitive_item_or_measure,cognitive_instrument_semantic_rule,automatic_proposal,,current_and_previous_blocks_evaluated_independently,50,distinct_fit_participants_with_observed_original_feature,recomputed_per_scenario_and_per_temporal_block_on_fit_data,remove_if_support_lt_50_or_all_missing_or_effectively_constant_in_fit,1419,True,0.641866706426122,4,False,False,False,categorical_numeric_code_candidate,one_hot_or_numeric_review,numeric_looking_code_requires_semantic_review,True,categorical,explicit_missing_category+one_hot_ignore_unknown,item_response_and_cue_state,documented_controlled_category_or_measurement_context_with_train_learned_domain,semantic_support_candidate_not_official_v0.1.2,matched,2,ADNI3;ADNI4,Mask,N,0=Incorrect; 1=Correct - no cue; 2=Correct with semantic cue || 0=Incorrect;1=Correct - no cue;2=Correct with semantic cue,,Redacted,ADAS Item Level and Sub Scores Redacted,1,2,True,categorical,explicit_missing_category+one_hot_ignore_unknown,item_response_and_cue_state,corrected_type,codes_are_incorrect_correct_without_cue_correct_with_semantic_cue_and_raw_numeric_order_is_not_valid,dictionary_status_redacted|code_dictionary_varies_by_phase,True,2,4,5,True,0,True,12,0,0,0,6,6087,1173,0,0,True,1,0,1,False,0.1.0,False,manual_review_unassessable_phase_domain,one_or_more_observed_phases_have_no_parseable_dictionary_domain,phase_dictionary_missing_for_observed_phase,True,observed_values_unassessable_in_one_or_more_phases,consistent,consistent,8701,1836,True,categorical,explicit_missing_category+one_hot_ignore_unknown,item_response_and_cue_state,approved,documented_controlled_category_or_measurement_context_with_train_learned_domain,categorical_identity,False,False,,,0,0,0,0,True,True,True,0.1.2,True,2|10|30|50|100,1419,True,True,True,True,True,1.0.0,True,benchmark04e_freeze_feature_schema,acfd34080ed60c0a6f59,True,categorical,explicit_missing_category+one_hot_ignore_unknown,item_response_and_cue_state,categorical_identity,50,distinct_fit_participants_with_observed_original_feature,recomputed_per_scenario_and_per_temporal_block_on_fit_data,False,True,True,remove_if_support_lt_50_or_all_missing_or_effectively_constant_in_fit,True,retained_at_50_in_snapshot_all_train_reference,Semantically authorized. Apply the frozen support rule independently within each scenario and temporal block using fit participants only.
ADAS,visit,28,Q5NAME7,ADAS__Q5NAME7,True,numeric,median_impute+missing_indicator+standardize,cognitive_item_or_measure,cognitive_instrument_semantic_rule,automatic_proposal,,current_and_previous_blocks_evaluated_independently,50,distinct_fit_participants_with_observed_original_feature,recomputed_per_scenario_and_per_temporal_block_on_fit_data,remove_if_support_lt_50_or_all_missing_or_effectively_constant_in_fit,1419,True,0.641866706426122,4,False,False,False,categorical_numeric_code_candidate,one_hot_or_numeric_review,numeric_looking_code_requires_semantic_review,True,categorical,explicit_missing_category+one_hot_ignore_unknown,item_response_and_cue_state,documented_controlled_category_or_measurement_context_with_train_learned_domain,semantic_support_candidate_not_official_v0.1.2,matched,2,ADNI3;ADNI4,Scissors,N,0=Incorrect; 1=Correct - no cue; 2=Correct with semantic cue || 0=Incorrect;1=Correct - no cue;2=Correct with semantic cue,,Redacted,ADAS Item Level and Sub Scores Redacted,1,2,True,categorical,explicit_missing_category+one_hot_ignore_unknown,item_response_and_cue_state,corrected_type,codes_are_incorrect_correct_without_cue_correct_with_semantic_cue_and_raw_numeric_order_is_not_valid,dictionary_status_redacted|code_dictionary_varies_by_phase,True,2,4,5,True,0,True,10,0,0,0,6,6087,1173,0,0,True,1,0,1,False,0.1.0,False,manual_review_unassessable_phase_domain,one_or_more_observed_phases_have_no_parseable_dictionary_domain,phase_dictionary_missing_for_observed_phase,True,observed_values_unassessable_in_one_or_more_phases,consistent,consistent,8701,1836,True,categorical,explicit_missing_category+one_hot_ignore_unknown,item_response_and_cue_state,approved,documented_controlled_category_or_measurement_context_with_train_learned_domain,categorical_identity,False,False,,,0,0,0,0,True,True,True,0.1.2,True,2|10|30|50|100,1419,True,True,True,True,True,1.0.0,True,benchmark04e_freeze_feature_schema,acfd34080ed60c0a6f59,True,categorical,explicit_missing_category+one_hot_ignore_unknown,item_response_and_cue_state,categorical_identity,50,distinct_fit_participants_with_observed_original_feature,recomputed_per_scenario_and_per_temporal_block_on_fit_data,False,True,True,remove_if_support_lt_50_or_all_missing_or_effectively_constant_in_fit,True,retained_at_50_in_snapshot_all_train_reference,Semantically authorized. Apply the frozen support rule independently within each scenario and temporal block using fit participants only.
ADAS,visit,29,Q5NAME8,ADAS__Q5NAME8,True,numeric,median_impute+missing_indicator+standardize,cognitive_item_or_measure,cognitive_instrument_semantic_rule,automatic_proposal,,current_and_previous_blocks_evaluated_independently,50,distinct_fit_participants_with_observed_original_feature,recomputed_per_scenario_and_per_temporal_block_on_fit_data,remove_if_support_lt_50_or_all_missing_or_effectively_constant_in_fit,1419,True,0.641866706426122,4,False,False,False,categorical_numeric_code_candidate,one_hot_or_numeric_review,numeric_looking_code_requires_semantic_review,True,categorical,explicit_missing_category+one_hot_ignore_unknown,item_response_and_cue_state,documented_controlled_category_or_measurement_context_with_train_learned_domain,semantic_support_candidate_not_official_v0.1.2,matched,2,ADNI3;ADNI4,Comb,N,0=Incorrect; 1=Correct - no cue; 2=Correct with semantic cue || 0=Incorrect;1=Correct - no cue;2=Correct with semantic cue,,Redacted,ADAS Item Level and Sub Scores Redacted,1,2,True,categorical,explicit_missing_category+one_hot_ignore_unknown,item_response_and_cue_state,corrected_type,codes_are_incorrect_correct_without_cue_correct_with_semantic_cue_and_raw_numeric_order_is_not_valid,dictionary_status_redacted|code_dictionary_varies_by_phase,True,2,4,5,True,0,True,12,0,0,0,6,6087,1173,0,0,True,1,0,1,False,0.1.0,False,manual_review_unassessable_phase_domain,one_or_more_observed_phases_have_no_parseable_dictionary_domain,phase_dictionary_missing_for_observed_phase,True,observed_values_unassessable_in_one_or_more_phases,consistent,consistent,8701,1836,True,categorical,explicit_missing_category+one_hot_ignore_unknown,item_response_and_cue_state,approved,documented_controlled_category_or_measurement_context_with_train_learned_domain,categorical_identity,False,False,,,0,0,0,0,True,True,True,0.1.2,True,2|10|30|50|100,1419,True,True,True,True,True,1.0.0,True,benchmark04e_freeze_feature_schema,acfd34080ed60c0a6f59,True,categorical,explicit_missing_category+one_hot_ignore_unknown,item_response_and_cue_state,categorical_identity,50,distinct_fit_participants_with_observed_original_feature,recomputed_per_scenario_and_per_temporal_block_on_fit_data,False,True,True,remove_if_support_lt_50_or_all_missing_or_effectively_constant_in_fit,True,retained_at_50_in_snapshot_all_train_reference,Semantically authorized. Apply the frozen support rule independently within each scenario and temporal block using fit participants only.
ADAS,visit,30,Q5NAME9,ADAS__Q5NAME9,True,numeric,median_impute+missing_indicator+standardize,cognitive_item_or_measure,cognitive_instrument_semantic_rule,automatic_proposal,,current_and_previous_blocks_evaluated_independently,50,distinct_fit_participants_with_observed_original_feature,recomputed_per_scenario_and_per_temporal_block_on_fit_data,remove_if_support_lt_50_or_all_missing_or_effectively_constant_in_fit,1419,True,0.641866706426122,4,False,False,False,categorical_numeric_code_candidate,one_hot_or_numeric_review,numeric_looking_code_requires_semantic_review,True,categorical,explicit_missing_category+one_hot_ignore_unknown,item_response_and_cue_state,documented_controlled_category_or_measurement_context_with_train_learned_domain,semantic_support_candidate_not_official_v0.1.2,matched,2,ADNI3;ADNI4,Wallet,N,0=Incorrect; 1=Correct - no cue; 2=Correct with semantic cue || 0=Incorrect;1=Correct - no cue;2=Correct with semantic cue,,Redacted,ADAS Item Level and Sub Scores Redacted,1,2,True,categorical,explicit_missing_category+one_hot_ignore_unknown,item_response_and_cue_state,corrected_type,codes_are_incorrect_correct_without_cue_correct_with_semantic_cue_and_raw_numeric_order_is_not_valid,dictionary_status_redacted|code_dictionary_varies_by_phase,True,2,4,5,True,0,True,12,0,0,0,6,6087,1173,0,0,True,1,0,1,False,0.1.0,False,manual_review_unassessable_phase_domain,one_or_more_observed_phases_have_no_parseable_dictionary_domain,phase_dictionary_missing_for_observed_phase,True,observed_values_unassessable_in_one_or_more_phases,consistent,consistent,8701,1836,True,categorical,explicit_missing_category+one_hot_ignore_unknown,item_response_and_cue_state,approved,documented_controlled_category_or_measurement_context_with_train_learned_domain,categorical_identity,False,False,,,0,0,0,0,True,True,True,0.1.2,True,2|10|30|50|100,1419,True,True,True,True,True,1.0.0,True,benchmark04e_freeze_feature_schema,acfd34080ed60c0a6f59,True,categorical,explicit_missing_category+one_hot_ignore_unknown,item_response_and_cue_state,categorical_identity,50,distinct_fit_participants_with_observed_original_feature,recomputed_per_scenario_and_per_temporal_block_on_fit_data,False,True,True,remove_if_support_lt_50_or_all_missing_or_effectively_constant_in_fit,True,retained_at_50_in_snapshot_all_train_reference,Semantically authorized. Apply the frozen support rule independently within each scenario and temporal block using fit participants only.
ADAS,visit,31,Q5NAME10,ADAS__Q5NAME10,True,numeric,median_impute+missing_indicator+standardize,cognitive_item_or_measure,cognitive_instrument_semantic_rule,automatic_proposal,,current_and_previous_blocks_evaluated_independently,50,distinct_fit_participants_with_observed_original_feature,recomputed_per_scenario_and_per_temporal_block_on_fit_data,remove_if_support_lt_50_or_all_missing_or_effectively_constant_in_fit,1419,True,0.641866706426122,4,False,False,False,categorical_numeric_code_candidate,one_hot_or_numeric_review,numeric_looking_code_requires_semantic_review,True,categorical,explicit_missing_category+one_hot_ignore_unknown,item_response_and_cue_state,documented_controlled_category_or_measurement_context_with_train_learned_domain,semantic_support_candidate_not_official_v0.1.2,matched,2,ADNI3;ADNI4,Harmonica,N,0=Incorrect; 1=Correct - no cue; 2=Correct with semantic cue || 0=Incorrect;1=Correct - no cue;2=Correct with semantic cue,,Redacted,ADAS Item Level and Sub Scores Redacted,1,2,True,categorical,explicit_missing_category+one_hot_ignore_unknown,item_response_and_cue_state,corrected_type,codes_are_incorrect_correct_without_cue_correct_with_semantic_cue_and_raw_numeric_order_is_not_valid,dictionary_status_redacted|code_dictionary_varies_by_phase,True,2,4,5,True,0,True,12,0,0,0,6,6087,1173,0,0,True,1,0,1,False,0.1.0,False,manual_review_unassessable_phase_domain,one_or_more_observed_phases_have_no_parseable_dictionary_domain,phase_dictionary_missing_for_observed_phase,True,observed_values_unassessable_in_one_or_more_phases,consistent,consistent,8701,1836,True,categorical,explicit_missing_category+one_hot_ignore_unknown,item_response_and_cue_state,approved,documented_controlled_category_or_measurement_context_with_train_learned_domain,categorical_identity,False,False,,,0,0,0,0,True,True,True,0.1.2,True,2|10|30|50|100,1419,True,True,True,True,True,1.0.0,True,benchmark04e_freeze_feature_schema,acfd34080ed60c0a6f59,True,categorical,explicit_missing_category+one_hot_ignore_unknown,item_response_and_cue_state,categorical_identity,50,distinct_fit_participants_with_observed_original_feature,recomputed_per_scenario_and_per_temporal_block_on_fit_data,False,True,True,remove_if_support_lt_50_or_all_missing_or_effectively_constant_in_fit,True,retained_at_50_in_snapshot_all_train_reference,Semantically authorized. Apply the frozen support rule independently within each scenario and temporal block using fit participants only.
ADAS,visit,32,Q5NAME11,ADAS__Q5NAME11,True,numeric,median_impute+missing_indicator+standardize,cognitive_item_or_measure,cognitive_instrument_semantic_rule,automatic_proposal,,current_and_previous_blocks_evaluated_independently,50,distinct_fit_participants_with_observed_original_feature,recomputed_per_scenario_and_per_temporal_block_on_fit_data,remove_if_support_lt_50_or_all_missing_or_effectively_constant_in_fit,1419,True,0.641866706426122,4,False,False,False,categorical_numeric_code_candidate,one_hot_or_numeric_review,numeric_looking_code_requires_semantic_review,True,categorical,explicit_missing_category+one_hot_ignore_unknown,item_response_and_cue_state,documented_controlled_category_or_measurement_context_with_train_learned_domain,semantic_support_candidate_not_official_v0.1.2,matched,2,ADNI3;ADNI4,Stethoscope,N,0=Incorrect; 1=Correct - no cue; 2=Correct with semantic cue || 0=Incorrect;1=Correct - no cue;2=Correct with semantic cue,,Redacted,ADAS Item Level and Sub Scores Redacted,1,2,True,categorical,explicit_missing_category+one_hot_ignore_unknown,item_response_and_cue_state,corrected_type,codes_are_incorrect_correct_without_cue_correct_with_semantic_cue_and_raw_numeric_order_is_not_valid,dictionary_status_redacted|code_dictionary_varies_by_phase,True,2,4,5,True,0,True,12,0,0,0,6,6087,1173,0,0,True,1,0,1,False,0.1.0,False,manual_review_unassessable_phase_domain,one_or_more_observed_phases_have_no_parseable_dictionary_domain,phase_dictionary_missing_for_observed_phase,True,observed_values_unassessable_in_one_or_more_phases,consistent,consistent,8701,1836,True,categorical,explicit_missing_category+one_hot_ignore_unknown,item_response_and_cue_state,approved,documented_controlled_category_or_measurement_context_with_train_learned_domain,categorical_identity,False,False,,,0,0,0,0,True,True,True,0.1.2,True,2|10|30|50|100,1419,True,True,True,True,True,1.0.0,True,benchmark04e_freeze_feature_schema,acfd34080ed60c0a6f59,True,categorical,explicit_missing_category+one_hot_ignore_unknown,item_response_and_cue_state,categorical_identity,50,distinct_fit_participants_with_observed_original_feature,recomputed_per_scenario_and_per_temporal_block_on_fit_data,False,True,True,remove_if_support_lt_50_or_all_missing_or_effectively_constant_in_fit,True,retained_at_50_in_snapshot_all_train_reference,Semantically authorized. Apply the frozen support rule independently within each scenario and temporal block using fit participants only.
ADAS,visit,33,Q5NAME12,ADAS__Q5NAME12,True,numeric,median_impute+missing_indicator+standardize,cognitive_item_or_measure,cognitive_instrument_semantic_rule,automatic_proposal,,current_and_previous_blocks_evaluated_independently,50,distinct_fit_participants_with_observed_original_feature,recomputed_per_scenario_and_per_temporal_block_on_fit_data,remove_if_support_lt_50_or_all_missing_or_effectively_constant_in_fit,1419,True,0.641866706426122,4,False,False,False,categorical_numeric_code_candidate,one_hot_or_numeric_review,numeric_looking_code_requires_semantic_review,True,categorical,explicit_missing_category+one_hot_ignore_unknown,item_response_and_cue_state,documented_controlled_category_or_measurement_context_with_train_learned_domain,semantic_support_candidate_not_official_v0.1.2,matched,2,ADNI3;ADNI4,Tongs,N,0=Incorrect; 1=Correct - no cue; 2=Correct with semantic cue || 0=Incorrect;1=Correct - no cue;2=Correct with semantic cue,,Redacted,ADAS Item Level and Sub Scores Redacted,1,2,True,categorical,explicit_missing_category+one_hot_ignore_unknown,item_response_and_cue_state,corrected_type,codes_are_incorrect_correct_without_cue_correct_with_semantic_cue_and_raw_numeric_order_is_not_valid,dictionary_status_redacted|code_dictionary_varies_by_phase,True,2,4,5,True,0,True,12,0,0,0,6,6087,1173,0,0,True,1,0,1,False,0.1.0,False,manual_review_unassessable_phase_domain,one_or_more_observed_phases_have_no_parseable_dictionary_domain,phase_dictionary_missing_for_observed_phase,True,observed_values_unassessable_in_one_or_more_phases,consistent,consistent,8700,1835,True,categorical,explicit_missing_category+one_hot_ignore_unknown,item_response_and_cue_state,approved,documented_controlled_category_or_measurement_context_with_train_learned_domain,categorical_identity,False,False,,,0,0,0,0,True,True,True,0.1.2,True,2|10|30|50|100,1419,True,True,True,True,True,1.0.0,True,benchmark04e_freeze_feature_schema,acfd34080ed60c0a6f59,True,categorical,explicit_missing_category+one_hot_ignore_unknown,item_response_and_cue_state,categorical_identity,50,distinct_fit_participants_with_observed_original_feature,recomputed_per_scenario_and_per_temporal_block_on_fit_data,False,True,True,remove_if_support_lt_50_or_all_missing_or_effectively_constant_in_fit,True,retained_at_50_in_snapshot_all_train_reference,Semantically authorized. Apply the frozen support rule independently within each scenario and temporal block using fit participants only.
ADAS,visit,34,Q5FINGER,ADAS__Q5FINGER,True,multi_response,split_pipe_or_semicolon+multi_hot+missing_indicator,cognitive_multiresponse_item,source_specific_semantic_rule_pending_group_review,manual_group_review_required,R03_ADAS_MULTI_RESPONSE,current_and_previous_blocks_evaluated_independently,50,distinct_fit_participants_with_observed_original_feature,recomputed_per_scenario_and_per_temporal_block_on_fit_data,remove_if_support_lt_50_or_all_missing_or_effectively_constant_in_fit,1419,True,0.641717608468764,31,False,False,False,multi_response_candidate,multi_hot,multi_response_requires_token_semantics_review,True,multi_response,dictionary_code_tokens+multi_hot+missing_indicator,documented_task_component_set,fixed_documented_task_component_set,semantic_support_candidate_not_official_v0.1.2,matched,2,ADNI3;ADNI4,Naming Fingers,N,0=None recalled correctly; 1=Thumb; 2=Middle; 3=Ring; 4=Index/Pointer/Forefinger; 5=Pinky/Little || 0=None recalled correctly;1=Thumb;2=Middle;3=Ring;4=Index/Pointer/Forefinger;5=Pinky/Little,,Redacted,ADAS Item Level and Sub Scores Redacted,1,2,True,multi_response,dictionary_code_tokens+multi_hot+missing_indicator,documented_task_component_set,confirmed_with_special_encoding,include_fixed_documented_task_component_set_as_multi_response,dictionary_status_redacted|code_dictionary_varies_by_phase,True,2,41,5,True,0,True,30,0,0,0,70,6087,1173,0,0,True,1,0,1,False,0.1.0,False,manual_review_unassessable_phase_domain,one_or_more_observed_phases_have_no_parseable_dictionary_domain,phase_dictionary_missing_for_observed_phase,True,observed_values_unassessable_in_one_or_more_phases,consistent,consistent,8699,1836,True,multi_response,dictionary_code_tokens+multi_hot+missing_indicator,documented_task_component_set,approved,fixed_documented_task_component_set,dictionary_multi_response_tokens,False,False,,,0,0,0,0,True,True,True,0.1.2,True,2|10|30|50|100,1419,True,True,True,True,True,1.0.0,True,benchmark04e_freeze_feature_schema,acfd34080ed60c0a6f59,True,multi_response,dictionary_code_tokens+multi_hot+missing_indicator,documented_task_component_set,dictionary_multi_response_tokens,50,distinct_fit_participants_with_observed_original_feature,recomputed_per_scenario_and_per_temporal_block_on_fit_data,False,True,True,remove_if_support_lt_50_or_all_missing_or_effectively_constant_in_fit,True,retained_at_50_in_snapshot_all_train_reference,Semantically authorized. Apply the frozen support rule independently within each scenario and temporal block using fit participants only.
ADAS,visit,35,Q5UNABLE,ADAS__Q5UNABLE,True,numeric,median_impute+missing_indicator+standardize,cognitive_item_or_measure,cognitive_instrument_semantic_rule,automatic_proposal,,current_and_previous_blocks_evaluated_independently,50,distinct_fit_participants_with_observed_original_feature,recomputed_per_scenario_and_per_temporal_block_on_fit_data,remove_if_support_lt_50_or_all_missing_or_effectively_constant_in_fit,593,True,0.1772774712986432,4,False,False,False,categorical_numeric_code_candidate,one_hot_or_numeric_review,numeric_looking_code_requires_semantic_review,True,categorical,explicit_missing_category+one_hot_ignore_unknown,assessment_noncompletion_reason,documented_controlled_category_or_measurement_context_with_train_learned_domain,semantic_support_candidate_not_official_v0.1.2,matched,4,ADNI2;ADNI3;ADNI4;ADNIGO,5. Naming Objects and Fingers || Task 5. Naming Objects and Fingers,N,0=Conducted; 1=Not done (for reasons other than physical/cognitive); 2=Participant refused; 4=Participant unable for cognitive reasons || 0=Conducted;1=Not done (for reasons other than physical/cognitive);2=Participant refused;4=Participant unable for cognitive reasons || 1=Not done (for reasons other than physical/cognitive); 2=Participant refused; 4=Participant unable for cognitive reasons,,Redacted,ADAS Item Level and Sub Scores Redacted,2,3,True,categorical,explicit_missing_category+one_hot_ignore_unknown,assessment_noncompletion_reason,corrected_type,dictionary_codes_are_reasons_for_noncompletion_not_numeric_measurements,dictionary_status_redacted|definition_varies_by_phase|code_dictionary_varies_by_phase,True,4,4,5,True,0,True,11,0,0,0,2,8,8,0,0,True,1,0,2,False,0.1.0,False,manual_review_unassessable_phase_domain,one_or_more_observed_phases_have_no_parseable_dictionary_domain,phase_dictionary_missing_for_observed_phase,True,observed_values_unassessable_in_one_or_more_phases,consistent,consistent,2637,967,True,categorical,explicit_missing_category+one_hot_ignore_unknown,assessment_noncompletion_reason,approved,documented_controlled_category_or_measurement_context_with_train_learned_domain,categorical_identity,False,False,,,0,0,0,0,True,True,True,0.1.2,True,2|10|30|50|100,593,True,True,True,True,True,1.0.0,True,benchmark04e_freeze_feature_schema,acfd34080ed60c0a6f59,True,categorical,explicit_missing_category+one_hot_ignore_unknown,assessment_noncompletion_reason,categorical_identity,50,distinct_fit_participants_with_observed_original_feature,recomputed_per_scenario_and_per_temporal_block_on_fit_data,False,True,True,remove_if_support_lt_50_or_all_missing_or_effectively_constant_in_fit,True,retained_at_50_in_snapshot_all_train_reference,Semantically authorized. Apply the frozen support rule independently within each scenario and temporal block using fit participants only.
ADAS,visit,36,Q6TASK,ADAS__Q6TASK,True,multi_response,split_pipe_or_semicolon+multi_hot+missing_indicator,cognitive_multiresponse_item,source_specific_semantic_rule_pending_group_review,manual_group_review_required,R03_ADAS_MULTI_RESPONSE,current_and_previous_blocks_evaluated_independently,50,distinct_fit_participants_with_observed_original_feature,recomputed_per_scenario_and_per_temporal_block_on_fit_data,remove_if_support_lt_50_or_all_missing_or_effectively_constant_in_fit,1418,True,0.641717608468764,29,False,False,False,multi_response_candidate,multi_hot,multi_response_requires_token_semantics_review,True,multi_response,dictionary_code_tokens+multi_hot+missing_indicator,documented_task_component_set,fixed_documented_task_component_set,semantic_support_candidate_not_official_v0.1.2,matched,4,ADNI2;ADNI3;ADNI4;ADNIGO,6. Ideational Praxis || <!--6. Ideational Praxis-->,T,0=None completed correctly; 1=a. Fold the paper; 2=b. Put the paper in the envelope; 3=c. Seal envelope; 4=d. Address envelope; 5=e. Show me where the stamp goes || 0=None completed correctly;1=a. Fold the paper;2=b. Put the paper in the envelope;3=c. Seal envelope;4=d. Address envelope;5=e. Show me where the stamp goes || 1=Fold a letter; 2=Put letter in envelope; 3=Seal envelope; 4=Address envelope; 5=Indicate where stamp goes; 0=None completed correctly || 1=Fold the paper; 2=Put the paper in the envelope; 3=Seal envelope; 4=Address envelope; 5=Indicate where stamp goes; 0=None completed correctly,,Redacted,ADAS Item Level and Sub Scores Redacted,2,4,True,multi_response,dictionary_code_tokens+multi_hot+missing_indicator,documented_task_component_set,confirmed_with_special_encoding,include_fixed_documented_task_component_set_as_multi_response,dictionary_status_redacted|definition_varies_by_phase|code_dictionary_varies_by_phase,True,4,39,5,True,0,True,29,0,0,0,21,2587,544,0,0,True,1,0,1,False,0.1.0,False,manual_review_unassessable_phase_domain,one_or_more_observed_phases_have_no_parseable_dictionary_domain,phase_dictionary_missing_for_observed_phase,True,observed_values_unassessable_in_one_or_more_phases,consistent,consistent,8693,1836,True,multi_response,dictionary_code_tokens+multi_hot+missing_indicator,documented_task_component_set,approved,fixed_documented_task_component_set,dictionary_multi_response_tokens,False,False,,,0,0,0,0,True,True,True,0.1.2,True,2|10|30|50|100,1418,True,True,True,True,True,1.0.0,True,benchmark04e_freeze_feature_schema,acfd34080ed60c0a6f59,True,multi_response,dictionary_code_tokens+multi_hot+missing_indicator,documented_task_component_set,dictionary_multi_response_tokens,50,distinct_fit_participants_with_observed_original_feature,recomputed_per_scenario_and_per_temporal_block_on_fit_data,False,True,True,remove_if_support_lt_50_or_all_missing_or_effectively_constant_in_fit,True,retained_at_50_in_snapshot_all_train_reference,Semantically authorized. Apply the frozen support rule independently within each scenario and temporal block using fit participants only.
ADAS,visit,37,Q6UNABLE,ADAS__Q6UNABLE,True,numeric,median_impute+missing_indicator+standardize,cognitive_item_or_measure,cognitive_instrument_semantic_rule,automatic_proposal,,current_and_previous_blocks_evaluated_independently,50,distinct_fit_participants_with_observed_original_feature,recomputed_per_scenario_and_per_temporal_block_on_fit_data,remove_if_support_lt_50_or_all_missing_or_effectively_constant_in_fit,594,True,0.1774265692560012,4,False,False,False,categorical_numeric_code_candidate,one_hot_or_numeric_review,numeric_looking_code_requires_semantic_review,True,categorical,explicit_missing_category+one_hot_ignore_unknown,assessment_noncompletion_reason,documented_controlled_category_or_measurement_context_with_train_learned_domain,semantic_support_candidate_not_official_v0.1.2,matched,4,ADNI2;ADNI3;ADNI4;ADNIGO,6. Ideational Praxis || Task 6. Ideational Praxis,N,0=Conducted; 1=Not done (for reasons other than physical/cognitive); 2=Participant refused; 3=Participant unable for physical reasons; 4=Participant unable for cognitive reasons || 0=Conducted;1=Not done (for reasons other than physical/cognitive);2=Participant refused;3=Participant unable for physical reasons;4=Participant unable for cognitive reasons || 1=Not done (for reasons other than physical/cognitive); 2=Participant refused; 3=Participant unable for physical reasons; 4=Participant unable for cognitive reasons,,Redacted,ADAS Item Level and Sub Scores Redacted,2,3,True,categorical,explicit_missing_category+one_hot_ignore_unknown,assessment_noncompletion_reason,corrected_type,dictionary_codes_are_reasons_for_noncompletion_not_numeric_measurements,dictionary_status_redacted|definition_varies_by_phase|code_dictionary_varies_by_phase,True,4,4,4,True,0,True,12,0,0,0,3,10,10,0,0,True,1,0,2,False,0.1.0,False,manual_review_unassessable_phase_domain,one_or_more_observed_phases_have_no_parseable_dictionary_domain,phase_dictionary_missing_for_observed_phase,True,observed_values_unassessable_in_one_or_more_phases,consistent,consistent,2642,971,True,categorical,explicit_missing_category+one_hot_ignore_unknown,assessment_noncompletion_reason,approved,documented_controlled_category_or_measurement_context_with_train_learned_domain,categorical_identity,False,False,,,0,0,0,0,True,True,True,0.1.2,True,2|10|30|50|100,594,True,True,True,True,True,1.0.0,True,benchmark04e_freeze_feature_schema,acfd34080ed60c0a6f59,True,categorical,explicit_missing_category+one_hot_ignore_unknown,assessment_noncompletion_reason,categorical_identity,50,distinct_fit_participants_with_observed_original_feature,recomputed_per_scenario_and_per_temporal_block_on_fit_data,False,True,True,remove_if_support_lt_50_or_all_missing_or_effectively_constant_in_fit,True,retained_at_50_in_snapshot_all_train_reference,Semantically authorized. Apply the frozen support rule independently within each scenario and temporal block using fit participants only.
ADAS,visit,38,Q7TASK,ADAS__Q7TASK,True,multi_response,split_pipe_or_semicolon+multi_hot+missing_indicator,cognitive_multiresponse_item,source_specific_semantic_rule_pending_group_review,manual_group_review_required,R03_ADAS_MULTI_RESPONSE,current_and_previous_blocks_evaluated_independently,50,distinct_fit_participants_with_observed_original_feature,recomputed_per_scenario_and_per_temporal_block_on_fit_data,remove_if_support_lt_50_or_all_missing_or_effectively_constant_in_fit,1417,True,0.641568510511406,139,False,False,False,multi_response_candidate,multi_hot,multi_response_requires_token_semantics_review,True,multi_response,dictionary_code_tokens+multi_hot+missing_indicator,documented_task_component_set,fixed_documented_task_component_set,semantic_support_candidate_not_official_v0.1.2,matched,4,ADNI2;ADNI3;ADNI4;ADNIGO,7. Orientation || <!--7. Orientation-->,T,0=None completed correctly; 1=a. Full name (exact); 2=b. Month (exact); 3=c. Date (± 1 day); 4=d. Year (exact); 5=e. Day of the week (exact); 6=f. Season (within 1 week of upcoming or within 2 weeks of previous season); 7=g. Place (Refer to your site-specific scoring rules); 8=h. Clock Time (+/- one hour) || 0=None completed correctly;1=a. Full name (exact);2=b. Month (exact);3=c. Date (± 1 day);4=d. Year (exact);5=e. Day of the week (exact);6=f. Season (within 1 week of upcoming or within 2 weeks of previous season);7=g. Place (Refer to your site-specific scoring rules) ;8=h. Clock Time (+/- one hour) || 1=Full name;2=Month;3=Date;4=Year;5=Day;6=Season;7=Place;8=Clock Time (+/- one hour);0=None completed correctly || 1=Full name;2=Month;3=Date;4=Year;5=Day;6=Season;7=Place;8=Time of day;0=None completed correctly,,Redacted,ADAS Item Level and Sub Scores Redacted,2,4,True,multi_response,dictionary_code_tokens+multi_hot+missing_indicator,documented_task_component_set,confirmed_with_special_encoding,include_fixed_documented_task_component_set_as_multi_response,dictionary_status_redacted|definition_varies_by_phase|code_dictionary_varies_by_phase,True,4,162,5,True,0,True,44,0,0,0,117,2587,544,0,0,True,1,0,1,False,0.1.0,False,manual_review_unassessable_phase_domain,one_or_more_observed_phases_have_no_parseable_dictionary_domain,phase_dictionary_missing_for_observed_phase,True,observed_values_unassessable_in_one_or_more_phases,consistent,consistent,8695,1836,True,multi_response,dictionary_code_tokens+multi_hot+missing_indicator,documented_task_component_set,approved,fixed_documented_task_component_set,dictionary_multi_response_tokens,False,False,,,0,0,0,0,True,True,True,0.1.2,True,2|10|30|50|100,1417,True,True,True,True,True,1.0.0,True,benchmark04e_freeze_feature_schema,acfd34080ed60c0a6f59,True,multi_response,dictionary_code_tokens+multi_hot+missing_indicator,documented_task_component_set,dictionary_multi_response_tokens,50,distinct_fit_participants_with_observed_original_feature,recomputed_per_scenario_and_per_temporal_block_on_fit_data,False,True,True,remove_if_support_lt_50_or_all_missing_or_effectively_constant_in_fit,True,retained_at_50_in_snapshot_all_train_reference,Semantically authorized. Apply the frozen support rule independently within each scenario and temporal block using fit participants only.
ADAS,visit,39,Q7UNABLE,ADAS__Q7UNABLE,True,numeric,median_impute+missing_indicator+standardize,cognitive_item_or_measure,cognitive_instrument_semantic_rule,automatic_proposal,,current_and_previous_blocks_evaluated_independently,50,distinct_fit_participants_with_observed_original_feature,recomputed_per_scenario_and_per_temporal_block_on_fit_data,remove_if_support_lt_50_or_all_missing_or_effectively_constant_in_fit,594,True,0.1774265692560012,4,False,False,False,categorical_numeric_code_candidate,one_hot_or_numeric_review,numeric_looking_code_requires_semantic_review,True,categorical,explicit_missing_category+one_hot_ignore_unknown,assessment_noncompletion_reason,documented_controlled_category_or_measurement_context_with_train_learned_domain,semantic_support_candidate_not_official_v0.1.2,matched,4,ADNI2;ADNI3;ADNI4;ADNIGO,7. Orientation || Task 7. Orientation,N,0=Conducted; 1=Not done (for reasons other than physical/cognitive); 2=Participant refused; 4=Participant unable for cognitive reasons || 0=Conducted;1=Not done (for reasons other than physical/cognitive);2=Participant refused;4=Participant unable for cognitive reasons || 1=Not done (for reasons other than physical/cognitive); 2=Participant refused; 4=Participant unable for cognitive reasons,,Redacted,ADAS Item Level and Sub Scores Redacted,2,3,True,categorical,explicit_missing_category+one_hot_ignore_unknown,assessment_noncompletion_reason,corrected_type,dictionary_codes_are_reasons_for_noncompletion_not_numeric_measurements,dictionary_status_redacted|definition_varies_by_phase|code_dictionary_varies_by_phase,True,4,4,4,True,0,True,12,0,0,0,3,10,10,0,0,True,1,0,2,False,0.1.0,False,manual_review_unassessable_phase_domain,one_or_more_observed_phases_have_no_parseable_dictionary_domain,phase_dictionary_missing_for_observed_phase,True,observed_values_unassessable_in_one_or_more_phases,consistent,consistent,2641,970,True,categorical,explicit_missing_category+one_hot_ignore_unknown,assessment_noncompletion_reason,approved,documented_controlled_category_or_measurement_context_with_train_learned_domain,categorical_identity,False,False,,,0,0,0,0,True,True,True,0.1.2,True,2|10|30|50|100,594,True,True,True,True,True,1.0.0,True,benchmark04e_freeze_feature_schema,acfd34080ed60c0a6f59,True,categorical,explicit_missing_category+one_hot_ignore_unknown,assessment_noncompletion_reason,categorical_identity,50,distinct_fit_participants_with_observed_original_feature,recomputed_per_scenario_and_per_temporal_block_on_fit_data,False,True,True,remove_if_support_lt_50_or_all_missing_or_effectively_constant_in_fit,True,retained_at_50_in_snapshot_all_train_reference,Semantically authorized. Apply the frozen support rule independently within each scenario and temporal block using fit participants only.
ADAS,visit,40,Q8WORD1,ADAS__Q8WORD1,True,binary,train_binary_mapping+median_impute+missing_indicator,cognitive_item_or_measure,cognitive_instrument_semantic_rule,automatic_proposal,,current_and_previous_blocks_evaluated_independently,50,distinct_fit_participants_with_observed_original_feature,recomputed_per_scenario_and_per_temporal_block_on_fit_data,remove_if_support_lt_50_or_all_missing_or_effectively_constant_in_fit,1416,True,0.6403757268525421,2,False,False,False,binary_numeric_candidate,binary_or_one_hot_review,numeric_looking_code_requires_semantic_review,True,binary,train_binary_mapping+median_impute+missing_indicator,cognitive_item_or_measure,binary_item_with_missing_phase_CODE_but_stable_documented_semantics+training_values_pass_type_domain_check,semantic_support_candidate_not_official_v0.1.2,matched,4,ADNI2;ADNI3;ADNI4;ADNIGO,Nurse || Word 1,N,0=No; 1=Yes || 0=No;1=Yes || 1=Yes; 0=No,,Redacted,ADAS Item Level and Sub Scores Redacted,2,3,True,binary,train_binary_mapping+median_impute+missing_indicator,cognitive_item_or_measure,confirmed,dictionary_consistent_with_candidate_schema,dictionary_status_redacted|definition_varies_by_phase|code_dictionary_varies_by_phase,False,4,2,5,True,0,True,10,0,0,0,2,2581,544,0,0,True,1,0,2,False,0.1.0,False,manual_review_unassessable_phase_domain,one_or_more_observed_phases_have_no_parseable_dictionary_domain,phase_dictionary_missing_for_observed_phase,True,observed_values_unassessable_in_one_or_more_phases,consistent,consistent,8672,1836,True,binary,train_binary_mapping+median_impute+missing_indicator,cognitive_item_or_measure,approved,binary_item_with_missing_phase_CODE_but_stable_documented_semantics+training_values_pass_type_domain_check,binary_zero_one_identity,False,False,8672.0,1836.0,0,0,0,0,True,True,True,0.1.2,True,2|10|30|50|100,1416,True,True,True,True,True,1.0.0,True,benchmark04e_freeze_feature_schema,acfd34080ed60c0a6f59,True,binary,train_binary_mapping+median_impute+missing_indicator,cognitive_item_or_measure,binary_zero_one_identity,50,distinct_fit_participants_with_observed_original_feature,recomputed_per_scenario_and_per_temporal_block_on_fit_data,False,True,True,remove_if_support_lt_50_or_all_missing_or_effectively_constant_in_fit,True,retained_at_50_in_snapshot_all_train_reference,Semantically authorized. Apply the frozen support rule independently within each scenario and temporal block using fit participants only.
ADAS,visit,41,Q8WORD2,ADAS__Q8WORD2,True,binary,train_binary_mapping+median_impute+missing_indicator,cognitive_item_or_measure,cognitive_instrument_semantic_rule,automatic_proposal,,current_and_previous_blocks_evaluated_independently,50,distinct_fit_participants_with_observed_original_feature,recomputed_per_scenario_and_per_temporal_block_on_fit_data,remove_if_support_lt_50_or_all_missing_or_effectively_constant_in_fit,1415,True,0.6402266288951841,2,False,False,False,binary_numeric_candidate,binary_or_one_hot_review,numeric_looking_code_requires_semantic_review,True,binary,train_binary_mapping+median_impute+missing_indicator,cognitive_item_or_measure,binary_item_with_missing_phase_CODE_but_stable_documented_semantics+training_values_pass_type_domain_check,semantic_support_candidate_not_official_v0.1.2,matched,4,ADNI2;ADNI3;ADNI4;ADNIGO,Magazine || Word 2,N,0=No; 1=Yes || 0=No;1=Yes || 1=Yes; 0=No,,Redacted,ADAS Item Level and Sub Scores Redacted,2,3,True,binary,train_binary_mapping+median_impute+missing_indicator,cognitive_item_or_measure,confirmed,dictionary_consistent_with_candidate_schema,dictionary_status_redacted|definition_varies_by_phase|code_dictionary_varies_by_phase,False,4,2,5,True,0,True,10,0,0,0,2,2578,544,0,0,True,1,0,2,False,0.1.0,False,manual_review_unassessable_phase_domain,one_or_more_observed_phases_have_no_parseable_dictionary_domain,phase_dictionary_missing_for_observed_phase,True,observed_values_unassessable_in_one_or_more_phases,consistent,consistent,8670,1836,True,binary,train_binary_mapping+median_impute+missing_indicator,cognitive_item_or_measure,approved,binary_item_with_missing_phase_CODE_but_stable_documented_semantics+training_values_pass_type_domain_check,binary_zero_one_identity,False,False,8670.0,1836.0,0,0,0,0,True,True,True,0.1.2,True,2|10|30|50|100,1415,True,True,True,True,True,1.0.0,True,benchmark04e_freeze_feature_schema,acfd34080ed60c0a6f59,True,binary,train_binary_mapping+median_impute+missing_indicator,cognitive_item_or_measure,binary_zero_one_identity,50,distinct_fit_participants_with_observed_original_feature,recomputed_per_scenario_and_per_temporal_block_on_fit_data,False,True,True,remove_if_support_lt_50_or_all_missing_or_effectively_constant_in_fit,True,retained_at_50_in_snapshot_all_train_reference,Semantically authorized. Apply the frozen support rule independently within each scenario and temporal block using fit participants only.
ADAS,visit,42,Q8WORD3,ADAS__Q8WORD3,True,binary,train_binary_mapping+median_impute+missing_indicator,cognitive_item_or_measure,cognitive_instrument_semantic_rule,automatic_proposal,,current_and_previous_blocks_evaluated_independently,50,distinct_fit_participants_with_observed_original_feature,recomputed_per_scenario_and_per_temporal_block_on_fit_data,remove_if_support_lt_50_or_all_missing_or_effectively_constant_in_fit,1416,True,0.6403757268525421,2,False,False,False,binary_numeric_candidate,binary_or_one_hot_review,numeric_looking_code_requires_semantic_review,True,binary,train_binary_mapping+median_impute+missing_indicator,cognitive_item_or_measure,binary_item_with_missing_phase_CODE_but_stable_documented_semantics+training_values_pass_type_domain_check,semantic_support_candidate_not_official_v0.1.2,matched,4,ADNI2;ADNI3;ADNI4;ADNIGO,Wizard || Word 3,N,0=No; 1=Yes || 0=No;1=Yes || 1=Yes; 0=No,,Redacted,ADAS Item Level and Sub Scores Redacted,2,3,True,binary,train_binary_mapping+median_impute+missing_indicator,cognitive_item_or_measure,confirmed,dictionary_consistent_with_candidate_schema,dictionary_status_redacted|definition_varies_by_phase|code_dictionary_varies_by_phase,False,4,2,5,True,0,True,10,0,0,0,2,2579,544,0,0,True,1,0,2,False,0.1.0,False,manual_review_unassessable_phase_domain,one_or_more_observed_phases_have_no_parseable_dictionary_domain,phase_dictionary_missing_for_observed_phase,True,observed_values_unassessable_in_one_or_more_phases,consistent,consistent,8671,1836,True,binary,train_binary_mapping+median_impute+missing_indicator,cognitive_item_or_measure,approved,binary_item_with_missing_phase_CODE_but_stable_documented_semantics+training_values_pass_type_domain_check,binary_zero_one_identity,False,False,8671.0,1836.0,0,0,0,0,True,True,True,0.1.2,True,2|10|30|50|100,1416,True,True,True,True,True,1.0.0,True,benchmark04e_freeze_feature_schema,acfd34080ed60c0a6f59,True,binary,train_binary_mapping+median_impute+missing_indicator,cognitive_item_or_measure,binary_zero_one_identity,50,distinct_fit_participants_with_observed_original_feature,recomputed_per_scenario_and_per_temporal_block_on_fit_data,False,True,True,remove_if_support_lt_50_or_all_missing_or_effectively_constant_in_fit,True,retained_at_50_in_snapshot_all_train_reference,Semantically authorized. Apply the frozen support rule independently within each scenario and temporal block using fit participants only.
ADAS,visit,43,Q8WORD3R,ADAS__Q8WORD3R,True,binary,train_binary_mapping+median_impute+missing_indicator,cognitive_item_or_measure,cognitive_instrument_semantic_rule,automatic_proposal,,current_and_previous_blocks_evaluated_independently,50,distinct_fit_participants_with_observed_original_feature,recomputed_per_scenario_and_per_temporal_block_on_fit_data,remove_if_support_lt_50_or_all_missing_or_effectively_constant_in_fit,30,False,0.0049202325928134,1,False,True,False,binary_numeric_candidate,binary_or_one_hot_review,numeric_looking_code_requires_semantic_review|train_missingness_at_least_99_percent|low_train_participant_support_review|snapshot_train_observed_value_constant_missingness_may_vary,True,binary,train_binary_mapping+median_impute+missing_indicator,cognitive_item_or_measure,binary_item_with_missing_phase_CODE_but_stable_documented_semantics+training_values_pass_type_domain_check,semantic_support_candidate_not_official_v0.1.2,matched,4,ADNI2;ADNI3;ADNI4;ADNIGO,<!--Reminder given?--> || Reminder given? [Word 3],T,1=Check here if reminder given,,Redacted,ADAS Item Level and Sub Scores Redacted,2,1,True,binary,train_binary_mapping+median_impute+missing_indicator,cognitive_item_or_measure,confirmed,dictionary_consistent_with_candidate_schema,dictionary_status_redacted|definition_varies_by_phase,False,4,1,5,True,0,True,5,0,0,0,1,38,27,0,0,True,1,0,2,False,0.1.0,False,manual_review_unassessable_phase_domain,one_or_more_observed_phases_have_no_parseable_dictionary_domain,phase_dictionary_missing_for_observed_phase,True,observed_values_unassessable_in_one_or_more_phases,consistent,consistent,72,60,True,binary,train_binary_mapping+median_impute+missing_indicator,cognitive_item_or_measure,approved,binary_item_with_missing_phase_CODE_but_stable_documented_semantics+training_values_pass_type_domain_check,binary_zero_one_identity,False,False,72.0,60.0,0,0,0,0,True,True,True,0.1.2,True,2|10|30|50|100,30,True,True,True,False,False,1.0.0,True,benchmark04e_freeze_feature_schema,acfd34080ed60c0a6f59,True,binary,train_binary_mapping+median_impute+missing_indicator,cognitive_item_or_measure,binary_zero_one_identity,50,distinct_fit_participants_with_observed_original_feature,recomputed_per_scenario_and_per_temporal_block_on_fit_data,False,True,True,remove_if_support_lt_50_or_all_missing_or_effectively_constant_in_fit,False,semantically_authorized_but_below_50_in_snapshot_all_train_reference,Semantically authorized. Apply the frozen support rule independently within each scenario and temporal block using fit participants only.
ADAS,visit,44,Q8WORD4,ADAS__Q8WORD4,True,binary,train_binary_mapping+median_impute+missing_indicator,cognitive_item_or_measure,cognitive_instrument_semantic_rule,automatic_proposal,,current_and_previous_blocks_evaluated_independently,50,distinct_fit_participants_with_observed_original_feature,recomputed_per_scenario_and_per_temporal_block_on_fit_data,remove_if_support_lt_50_or_all_missing_or_effectively_constant_in_fit,1416,True,0.6403757268525421,2,False,False,False,binary_numeric_candidate,binary_or_one_hot_review,numeric_looking_code_requires_semantic_review,True,binary,train_binary_mapping+median_impute+missing_indicator,cognitive_item_or_measure,binary_item_with_missing_phase_CODE_but_stable_documented_semantics+training_values_pass_type_domain_check,semantic_support_candidate_not_official_v0.1.2,matched,4,ADNI2;ADNI3;ADNI4;ADNIGO,Van || Word 4,N,0=No; 1=Yes || 0=No;1=Yes || 1=Yes; 0=No,,Redacted,ADAS Item Level and Sub Scores Redacted,2,3,True,binary,train_binary_mapping+median_impute+missing_indicator,cognitive_item_or_measure,confirmed,dictionary_consistent_with_candidate_schema,dictionary_status_redacted|definition_varies_by_phase|code_dictionary_varies_by_phase,False,4,2,5,True,0,True,10,0,0,0,2,2578,544,0,0,True,1,0,2,False,0.1.0,False,manual_review_unassessable_phase_domain,one_or_more_observed_phases_have_no_parseable_dictionary_domain,phase_dictionary_missing_for_observed_phase,True,observed_values_unassessable_in_one_or_more_phases,consistent,consistent,8670,1836,True,binary,train_binary_mapping+median_impute+missing_indicator,cognitive_item_or_measure,approved,binary_item_with_missing_phase_CODE_but_stable_documented_semantics+training_values_pass_type_domain_check,binary_zero_one_identity,False,False,8670.0,1836.0,0,0,0,0,True,True,True,0.1.2,True,2|10|30|50|100,1416,True,True,True,True,True,1.0.0,True,benchmark04e_freeze_feature_schema,acfd34080ed60c0a6f59,True,binary,train_binary_mapping+median_impute+missing_indicator,cognitive_item_or_measure,binary_zero_one_identity,50,distinct_fit_participants_with_observed_original_feature,recomputed_per_scenario_and_per_temporal_block_on_fit_data,False,True,True,remove_if_support_lt_50_or_all_missing_or_effectively_constant_in_fit,True,retained_at_50_in_snapshot_all_train_reference,Semantically authorized. Apply the frozen support rule independently within each scenario and temporal block using fit participants only.
ADAS,visit,45,Q8WORD4R,ADAS__Q8WORD4R,True,binary,train_binary_mapping+median_impute+missing_indicator,cognitive_item_or_measure,cognitive_instrument_semantic_rule,automatic_proposal,,current_and_previous_blocks_evaluated_independently,50,distinct_fit_participants_with_observed_original_feature,recomputed_per_scenario_and_per_temporal_block_on_fit_data,remove_if_support_lt_50_or_all_missing_or_effectively_constant_in_fit,30,False,0.0044729387207395,1,False,True,False,binary_numeric_candidate,binary_or_one_hot_review,numeric_looking_code_requires_semantic_review|train_missingness_at_least_99_percent|low_train_participant_support_review|snapshot_train_observed_value_constant_missingness_may_vary,True,binary,train_binary_mapping+median_impute+missing_indicator,cognitive_item_or_measure,binary_item_with_missing_phase_CODE_but_stable_documented_semantics+training_values_pass_type_domain_check,semantic_support_candidate_not_official_v0.1.2,matched,4,ADNI2;ADNI3;ADNI4;ADNIGO,<!--Reminder given?--> || Reminder given? [Word 4],T,1=Check here if reminder given,,Redacted,ADAS Item Level and Sub Scores Redacted,2,1,True,binary,train_binary_mapping+median_impute+missing_indicator,cognitive_item_or_measure,confirmed,dictionary_consistent_with_candidate_schema,dictionary_status_redacted|definition_varies_by_phase,False,4,1,5,True,0,True,5,0,0,0,1,41,32,0,0,True,1,0,2,False,0.1.0,False,manual_review_unassessable_phase_domain,one_or_more_observed_phases_have_no_parseable_dictionary_domain,phase_dictionary_missing_for_observed_phase,True,observed_values_unassessable_in_one_or_more_phases,consistent,consistent,79,65,True,binary,train_binary_mapping+median_impute+missing_indicator,cognitive_item_or_measure,approved,binary_item_with_missing_phase_CODE_but_stable_documented_semantics+training_values_pass_type_domain_check,binary_zero_one_identity,False,False,79.0,65.0,0,0,0,0,True,True,True,0.1.2,True,2|10|30|50|100,30,True,True,True,False,False,1.0.0,True,benchmark04e_freeze_feature_schema,acfd34080ed60c0a6f59,True,binary,train_binary_mapping+median_impute+missing_indicator,cognitive_item_or_measure,binary_zero_one_identity,50,distinct_fit_participants_with_observed_original_feature,recomputed_per_scenario_and_per_temporal_block_on_fit_data,False,True,True,remove_if_support_lt_50_or_all_missing_or_effectively_constant_in_fit,False,semantically_authorized_but_below_50_in_snapshot_all_train_reference,Semantically authorized. Apply the frozen support rule independently within each scenario and temporal block using fit participants only.
ADAS,visit,46,Q8WORD5,ADAS__Q8WORD5,True,binary,train_binary_mapping+median_impute+missing_indicator,cognitive_item_or_measure,cognitive_instrument_semantic_rule,automatic_proposal,,current_and_previous_blocks_evaluated_independently,50,distinct_fit_participants_with_observed_original_feature,recomputed_per_scenario_and_per_temporal_block_on_fit_data,remove_if_support_lt_50_or_all_missing_or_effectively_constant_in_fit,1416,True,0.6403757268525421,2,False,False,False,binary_numeric_candidate,binary_or_one_hot_review,numeric_looking_code_requires_semantic_review,True,binary,train_binary_mapping+median_impute+missing_indicator,cognitive_item_or_measure,binary_item_with_missing_phase_CODE_but_stable_documented_semantics+training_values_pass_type_domain_check,semantic_support_candidate_not_official_v0.1.2,matched,4,ADNI2;ADNI3;ADNI4;ADNIGO,Leopard || Word 5,N,0=No; 1=Yes || 0=No;1=Yes || 1=Yes; 0=No,,Redacted,ADAS Item Level and Sub Scores Redacted,2,3,True,binary,train_binary_mapping+median_impute+missing_indicator,cognitive_item_or_measure,confirmed,dictionary_consistent_with_candidate_schema,dictionary_status_redacted|definition_varies_by_phase|code_dictionary_varies_by_phase,False,4,2,5,True,0,True,10,0,0,0,2,2579,544,0,0,True,1,0,2,False,0.1.0,False,manual_review_unassessable_phase_domain,one_or_more_observed_phases_have_no_parseable_dictionary_domain,phase_dictionary_missing_for_observed_phase,True,observed_values_unassessable_in_one_or_more_phases,consistent,consistent,8671,1836,True,binary,train_binary_mapping+median_impute+missing_indicator,cognitive_item_or_measure,approved,binary_item_with_missing_phase_CODE_but_stable_documented_semantics+training_values_pass_type_domain_check,binary_zero_one_identity,False,False,8671.0,1836.0,0,0,0,0,True,True,True,0.1.2,True,2|10|30|50|100,1416,True,True,True,True,True,1.0.0,True,benchmark04e_freeze_feature_schema,acfd34080ed60c0a6f59,True,binary,train_binary_mapping+median_impute+missing_indicator,cognitive_item_or_measure,binary_zero_one_identity,50,distinct_fit_participants_with_observed_original_feature,recomputed_per_scenario_and_per_temporal_block_on_fit_data,False,True,True,remove_if_support_lt_50_or_all_missing_or_effectively_constant_in_fit,True,retained_at_50_in_snapshot_all_train_reference,Semantically authorized. Apply the frozen support rule independently within each scenario and temporal block using fit participants only.
ADAS,visit,47,Q8WORD5R,ADAS__Q8WORD5R,True,binary,train_binary_mapping+median_impute+missing_indicator,cognitive_item_or_measure,cognitive_instrument_semantic_rule,automatic_proposal,,current_and_previous_blocks_evaluated_independently,50,distinct_fit_participants_with_observed_original_feature,recomputed_per_scenario_and_per_temporal_block_on_fit_data,remove_if_support_lt_50_or_all_missing_or_effectively_constant_in_fit,37,False,0.0056657223796034,1,False,True,False,binary_numeric_candidate,binary_or_one_hot_review,numeric_looking_code_requires_semantic_review|train_missingness_at_least_99_percent|snapshot_train_observed_value_constant_missingness_may_vary,True,binary,train_binary_mapping+median_impute+missing_indicator,cognitive_item_or_measure,binary_item_with_missing_phase_CODE_but_stable_documented_semantics+training_values_pass_type_domain_check,semantic_support_candidate_not_official_v0.1.2,matched,4,ADNI2;ADNI3;ADNI4;ADNIGO,<!--Reminder given?--> || Reminder given? [Word 5],T,1=Check here if reminder given,,Redacted,ADAS Item Level and Sub Scores Redacted,2,1,True,binary,train_binary_mapping+median_impute+missing_indicator,cognitive_item_or_measure,confirmed,dictionary_consistent_with_candidate_schema,dictionary_status_redacted|definition_varies_by_phase,False,4,1,5,True,0,True,5,0,0,0,1,43,36,0,0,True,1,0,2,False,0.1.0,False,manual_review_unassessable_phase_domain,one_or_more_observed_phases_have_no_parseable_dictionary_domain,phase_dictionary_missing_for_observed_phase,True,observed_values_unassessable_in_one_or_more_phases,consistent,consistent,87,77,True,binary,train_binary_mapping+median_impute+missing_indicator,cognitive_item_or_measure,approved,binary_item_with_missing_phase_CODE_but_stable_documented_semantics+training_values_pass_type_domain_check,binary_zero_one_identity,False,False,87.0,77.0,0,0,0,0,True,True,True,0.1.2,True,2|10|30|50|100,37,True,True,True,False,False,1.0.0,True,benchmark04e_freeze_feature_schema,acfd34080ed60c0a6f59,True,binary,train_binary_mapping+median_impute+missing_indicator,cognitive_item_or_measure,binary_zero_one_identity,50,distinct_fit_participants_with_observed_original_feature,recomputed_per_scenario_and_per_temporal_block_on_fit_data,False,True,True,remove_if_support_lt_50_or_all_missing_or_effectively_constant_in_fit,False,semantically_authorized_but_below_50_in_snapshot_all_train_reference,Semantically authorized. Apply the frozen support rule independently within each scenario and temporal block using fit participants only.
ADAS,visit,48,Q8WORD6,ADAS__Q8WORD6,True,binary,train_binary_mapping+median_impute+missing_indicator,cognitive_item_or_measure,cognitive_instrument_semantic_rule,automatic_proposal,,current_and_previous_blocks_evaluated_independently,50,distinct_fit_participants_with_observed_original_feature,recomputed_per_scenario_and_per_temporal_block_on_fit_data,remove_if_support_lt_50_or_all_missing_or_effectively_constant_in_fit,1416,True,0.6403757268525421,2,False,False,False,binary_numeric_candidate,binary_or_one_hot_review,numeric_looking_code_requires_semantic_review,True,binary,train_binary_mapping+median_impute+missing_indicator,cognitive_item_or_measure,binary_item_with_missing_phase_CODE_but_stable_documented_semantics+training_values_pass_type_domain_check,semantic_support_candidate_not_official_v0.1.2,matched,4,ADNI2;ADNI3;ADNI4;ADNIGO,Sale || Word 6,N,0=No; 1=Yes || 0=No;1=Yes || 1=Yes; 0=No,,Redacted,ADAS Item Level and Sub Scores Redacted,2,3,True,binary,train_binary_mapping+median_impute+missing_indicator,cognitive_item_or_measure,confirmed,dictionary_consistent_with_candidate_schema,dictionary_status_redacted|definition_varies_by_phase|code_dictionary_varies_by_phase,False,4,2,5,True,0,True,10,0,0,0,2,2579,544,0,0,True,1,0,2,False,0.1.0,False,manual_review_unassessable_phase_domain,one_or_more_observed_phases_have_no_parseable_dictionary_domain,phase_dictionary_missing_for_observed_phase,True,observed_values_unassessable_in_one_or_more_phases,consistent,consistent,8671,1836,True,binary,train_binary_mapping+median_impute+missing_indicator,cognitive_item_or_measure,approved,binary_item_with_missing_phase_CODE_but_stable_documented_semantics+training_values_pass_type_domain_check,binary_zero_one_identity,False,False,8671.0,1836.0,0,0,0,0,True,True,True,0.1.2,True,2|10|30|50|100,1416,True,True,True,True,True,1.0.0,True,benchmark04e_freeze_feature_schema,acfd34080ed60c0a6f59,True,binary,train_binary_mapping+median_impute+missing_indicator,cognitive_item_or_measure,binary_zero_one_identity,50,distinct_fit_participants_with_observed_original_feature,recomputed_per_scenario_and_per_temporal_block_on_fit_data,False,True,True,remove_if_support_lt_50_or_all_missing_or_effectively_constant_in_fit,True,retained_at_50_in_snapshot_all_train_reference,Semantically authorized. Apply the frozen support rule independently within each scenario and temporal block using fit participants only.
ADAS,visit,49,Q8WORD6R,ADAS__Q8WORD6R,True,binary,train_binary_mapping+median_impute+missing_indicator,cognitive_item_or_measure,cognitive_instrument_semantic_rule,automatic_proposal,,current_and_previous_blocks_evaluated_independently,50,distinct_fit_participants_with_observed_original_feature,recomputed_per_scenario_and_per_temporal_block_on_fit_data,remove_if_support_lt_50_or_all_missing_or_effectively_constant_in_fit,23,False,0.0035783509765916,1,False,True,False,binary_numeric_candidate,binary_or_one_hot_review,numeric_looking_code_requires_semantic_review|train_missingness_at_least_99_percent|low_train_participant_support_review|snapshot_train_observed_value_constant_missingness_may_vary,True,binary,train_binary_mapping+median_impute+missing_indicator,cognitive_item_or_measure,binary_item_with_missing_phase_CODE_but_stable_documented_semantics+training_values_pass_type_domain_check,semantic_support_candidate_not_official_v0.1.2,matched,4,ADNI2;ADNI3;ADNI4;ADNIGO,<!--Reminder given?--> || Reminder given? [Word 6],T,1=Check here if reminder given,,Redacted,ADAS Item Level and Sub Scores Redacted,2,1,True,binary,train_binary_mapping+median_impute+missing_indicator,cognitive_item_or_measure,confirmed,dictionary_consistent_with_candidate_schema,dictionary_status_redacted|definition_varies_by_phase,False,4,1,4,True,0,True,4,0,0,0,1,31,28,0,0,True,1,0,2,False,0.1.0,False,manual_review_unassessable_phase_domain,one_or_more_observed_phases_have_no_parseable_dictionary_domain,phase_dictionary_missing_for_observed_phase,True,observed_values_unassessable_in_one_or_more_phases,consistent,consistent,60,54,True,binary,train_binary_mapping+median_impute+missing_indicator,cognitive_item_or_measure,approved,binary_item_with_missing_phase_CODE_but_stable_documented_semantics+training_values_pass_type_domain_check,binary_zero_one_identity,False,False,60.0,54.0,0,0,0,0,True,True,True,0.1.2,True,2|10|30|50|100,23,True,True,False,False,False,1.0.0,True,benchmark04e_freeze_feature_schema,acfd34080ed60c0a6f59,True,binary,train_binary_mapping+median_impute+missing_indicator,cognitive_item_or_measure,binary_zero_one_identity,50,distinct_fit_participants_with_observed_original_feature,recomputed_per_scenario_and_per_temporal_block_on_fit_data,False,True,True,remove_if_support_lt_50_or_all_missing_or_effectively_constant_in_fit,False,semantically_authorized_but_below_50_in_snapshot_all_train_reference,Semantically authorized. Apply the frozen support rule independently within each scenario and temporal block using fit participants only.
ADAS,visit,50,Q8WORD7,ADAS__Q8WORD7,True,binary,train_binary_mapping+median_impute+missing_indicator,cognitive_item_or_measure,cognitive_instrument_semantic_rule,automatic_proposal,,current_and_previous_blocks_evaluated_independently,50,distinct_fit_participants_with_observed_original_feature,recomputed_per_scenario_and_per_temporal_block_on_fit_data,remove_if_support_lt_50_or_all_missing_or_effectively_constant_in_fit,1415,True,0.6402266288951841,2,False,False,False,binary_numeric_candidate,binary_or_one_hot_review,numeric_looking_code_requires_semantic_review,True,binary,train_binary_mapping+median_impute+missing_indicator,cognitive_item_or_measure,binary_item_with_missing_phase_CODE_but_stable_documented_semantics+training_values_pass_type_domain_check,semantic_support_candidate_not_official_v0.1.2,matched,4,ADNI2;ADNI3;ADNI4;ADNIGO,Sea || Word 7,N,0=No; 1=Yes || 0=No;1=Yes || 1=Yes; 0=No,,Redacted,ADAS Item Level and Sub Scores Redacted,2,3,True,binary,train_binary_mapping+median_impute+missing_indicator,cognitive_item_or_measure,confirmed,dictionary_consistent_with_candidate_schema,dictionary_status_redacted|definition_varies_by_phase|code_dictionary_varies_by_phase,False,4,2,5,True,0,True,10,0,0,0,2,2578,544,0,0,True,1,0,2,False,0.1.0,False,manual_review_unassessable_phase_domain,one_or_more_observed_phases_have_no_parseable_dictionary_domain,phase_dictionary_missing_for_observed_phase,True,observed_values_unassessable_in_one_or_more_phases,consistent,consistent,8669,1836,True,binary,train_binary_mapping+median_impute+missing_indicator,cognitive_item_or_measure,approved,binary_item_with_missing_phase_CODE_but_stable_documented_semantics+training_values_pass_type_domain_check,binary_zero_one_identity,False,False,8669.0,1836.0,0,0,0,0,True,True,True,0.1.2,True,2|10|30|50|100,1415,True,True,True,True,True,1.0.0,True,benchmark04e_freeze_feature_schema,acfd34080ed60c0a6f59,True,binary,train_binary_mapping+median_impute+missing_indicator,cognitive_item_or_measure,binary_zero_one_identity,50,distinct_fit_participants_with_observed_original_feature,recomputed_per_scenario_and_per_temporal_block_on_fit_data,False,True,True,remove_if_support_lt_50_or_all_missing_or_effectively_constant_in_fit,True,retained_at_50_in_snapshot_all_train_reference,Semantically authorized. Apply the frozen support rule independently within each scenario and temporal block using fit participants only.
ADAS,visit,51,Q8WORD7R,ADAS__Q8WORD7R,True,binary,train_binary_mapping+median_impute+missing_indicator,cognitive_item_or_measure,cognitive_instrument_semantic_rule,automatic_proposal,,current_and_previous_blocks_evaluated_independently,50,distinct_fit_participants_with_observed_original_feature,recomputed_per_scenario_and_per_temporal_block_on_fit_data,remove_if_support_lt_50_or_all_missing_or_effectively_constant_in_fit,35,False,0.0053675264648874,1,False,True,False,binary_numeric_candidate,binary_or_one_hot_review,numeric_looking_code_requires_semantic_review|train_missingness_at_least_99_percent|snapshot_train_observed_value_constant_missingness_may_vary,True,binary,train_binary_mapping+median_impute+missing_indicator,cognitive_item_or_measure,binary_item_with_missing_phase_CODE_but_stable_documented_semantics+training_values_pass_type_domain_check,semantic_support_candidate_not_official_v0.1.2,matched,4,ADNI2;ADNI3;ADNI4;ADNIGO,<!--Reminder given?--> || Reminder given? [Word 7],T,1=Check here if reminder given,,Redacted,ADAS Item Level and Sub Scores Redacted,2,1,True,binary,train_binary_mapping+median_impute+missing_indicator,cognitive_item_or_measure,confirmed,dictionary_consistent_with_candidate_schema,dictionary_status_redacted|definition_varies_by_phase,False,4,1,5,True,0,True,5,0,0,0,1,39,34,0,0,True,1,0,2,False,0.1.0,False,manual_review_unassessable_phase_domain,one_or_more_observed_phases_have_no_parseable_dictionary_domain,phase_dictionary_missing_for_observed_phase,True,observed_values_unassessable_in_one_or_more_phases,consistent,consistent,89,83,True,binary,train_binary_mapping+median_impute+missing_indicator,cognitive_item_or_measure,approved,binary_item_with_missing_phase_CODE_but_stable_documented_semantics+training_values_pass_type_domain_check,binary_zero_one_identity,False,False,89.0,83.0,0,0,0,0,True,True,True,0.1.2,True,2|10|30|50|100,35,True,True,True,False,False,1.0.0,True,benchmark04e_freeze_feature_schema,acfd34080ed60c0a6f59,True,binary,train_binary_mapping+median_impute+missing_indicator,cognitive_item_or_measure,binary_zero_one_identity,50,distinct_fit_participants_with_observed_original_feature,recomputed_per_scenario_and_per_temporal_block_on_fit_data,False,True,True,remove_if_support_lt_50_or_all_missing_or_effectively_constant_in_fit,False,semantically_authorized_but_below_50_in_snapshot_all_train_reference,Semantically authorized. Apply the frozen support rule independently within each scenario and temporal block using fit participants only.
ADAS,visit,52,Q8WORD8,ADAS__Q8WORD8,True,binary,train_binary_mapping+median_impute+missing_indicator,cognitive_item_or_measure,cognitive_instrument_semantic_rule,automatic_proposal,,current_and_previous_blocks_evaluated_independently,50,distinct_fit_participants_with_observed_original_feature,recomputed_per_scenario_and_per_temporal_block_on_fit_data,remove_if_support_lt_50_or_all_missing_or_effectively_constant_in_fit,1416,True,0.6403757268525421,2,False,False,False,binary_numeric_candidate,binary_or_one_hot_review,numeric_looking_code_requires_semantic_review,True,binary,train_binary_mapping+median_impute+missing_indicator,cognitive_item_or_measure,binary_item_with_missing_phase_CODE_but_stable_documented_semantics+training_values_pass_type_domain_check,semantic_support_candidate_not_official_v0.1.2,matched,4,ADNI2;ADNI3;ADNI4;ADNIGO,Train || Word 8,N,0=No; 1=Yes || 0=No;1=Yes || 1=Yes; 0=No,,Redacted,ADAS Item Level and Sub Scores Redacted,2,3,True,binary,train_binary_mapping+median_impute+missing_indicator,cognitive_item_or_measure,confirmed,dictionary_consistent_with_candidate_schema,dictionary_status_redacted|definition_varies_by_phase|code_dictionary_varies_by_phase,False,4,2,5,True,0,True,10,0,0,0,2,2578,544,0,0,True,1,0,2,False,0.1.0,False,manual_review_unassessable_phase_domain,one_or_more_observed_phases_have_no_parseable_dictionary_domain,phase_dictionary_missing_for_observed_phase,True,observed_values_unassessable_in_one_or_more_phases,consistent,consistent,8670,1836,True,binary,train_binary_mapping+median_impute+missing_indicator,cognitive_item_or_measure,approved,binary_item_with_missing_phase_CODE_but_stable_documented_semantics+training_values_pass_type_domain_check,binary_zero_one_identity,False,False,8670.0,1836.0,0,0,0,0,True,True,True,0.1.2,True,2|10|30|50|100,1416,True,True,True,True,True,1.0.0,True,benchmark04e_freeze_feature_schema,acfd34080ed60c0a6f59,True,binary,train_binary_mapping+median_impute+missing_indicator,cognitive_item_or_measure,binary_zero_one_identity,50,distinct_fit_participants_with_observed_original_feature,recomputed_per_scenario_and_per_temporal_block_on_fit_data,False,True,True,remove_if_support_lt_50_or_all_missing_or_effectively_constant_in_fit,True,retained_at_50_in_snapshot_all_train_reference,Semantically authorized. Apply the frozen support rule independently within each scenario and temporal block using fit participants only.
ADAS,visit,53,Q8WORD8R,ADAS__Q8WORD8R,True,binary,train_binary_mapping+median_impute+missing_indicator,cognitive_item_or_measure,cognitive_instrument_semantic_rule,automatic_proposal,,current_and_previous_blocks_evaluated_independently,50,distinct_fit_participants_with_observed_original_feature,recomputed_per_scenario_and_per_temporal_block_on_fit_data,remove_if_support_lt_50_or_all_missing_or_effectively_constant_in_fit,29,False,0.0043238407633815,1,False,True,False,binary_numeric_candidate,binary_or_one_hot_review,numeric_looking_code_requires_semantic_review|train_missingness_at_least_99_percent|low_train_participant_support_review|snapshot_train_observed_value_constant_missingness_may_vary,True,binary,train_binary_mapping+median_impute+missing_indicator,cognitive_item_or_measure,binary_item_with_missing_phase_CODE_but_stable_documented_semantics+training_values_pass_type_domain_check,semantic_support_candidate_not_official_v0.1.2,matched,4,ADNI2;ADNI3;ADNI4;ADNIGO,<!--Reminder given?--> || Reminder given? [Word 8],T,1=Check here if reminder given,,Redacted,ADAS Item Level and Sub Scores Redacted,2,1,True,binary,train_binary_mapping+median_impute+missing_indicator,cognitive_item_or_measure,confirmed,dictionary_consistent_with_candidate_schema,dictionary_status_redacted|definition_varies_by_phase,False,4,1,5,True,0,True,5,0,0,0,1,35,28,0,0,True,1,0,2,False,0.1.0,False,manual_review_unassessable_phase_domain,one_or_more_observed_phases_have_no_parseable_dictionary_domain,phase_dictionary_missing_for_observed_phase,True,observed_values_unassessable_in_one_or_more_phases,consistent,consistent,78,71,True,binary,train_binary_mapping+median_impute+missing_indicator,cognitive_item_or_measure,approved,binary_item_with_missing_phase_CODE_but_stable_documented_semantics+training_values_pass_type_domain_check,binary_zero_one_identity,False,False,78.0,71.0,0,0,0,0,True,True,True,0.1.2,True,2|10|30|50|100,29,True,True,False,False,False,1.0.0,True,benchmark04e_freeze_feature_schema,acfd34080ed60c0a6f59,True,binary,train_binary_mapping+median_impute+missing_indicator,cognitive_item_or_measure,binary_zero_one_identity,50,distinct_fit_participants_with_observed_original_feature,recomputed_per_scenario_and_per_temporal_block_on_fit_data,False,True,True,remove_if_support_lt_50_or_all_missing_or_effectively_constant_in_fit,False,semantically_authorized_but_below_50_in_snapshot_all_train_reference,Semantically authorized. Apply the frozen support rule independently within each scenario and temporal block using fit participants only.
ADAS,visit,54,Q8WORD9,ADAS__Q8WORD9,True,binary,train_binary_mapping+median_impute+missing_indicator,cognitive_item_or_measure,cognitive_instrument_semantic_rule,automatic_proposal,,current_and_previous_blocks_evaluated_independently,50,distinct_fit_participants_with_observed_original_feature,recomputed_per_scenario_and_per_temporal_block_on_fit_data,remove_if_support_lt_50_or_all_missing_or_effectively_constant_in_fit,1415,True,0.6402266288951841,2,False,False,False,binary_numeric_candidate,binary_or_one_hot_review,numeric_looking_code_requires_semantic_review,True,binary,train_binary_mapping+median_impute+missing_indicator,cognitive_item_or_measure,binary_item_with_missing_phase_CODE_but_stable_documented_semantics+training_values_pass_type_domain_check,semantic_support_candidate_not_official_v0.1.2,matched,4,ADNI2;ADNI3;ADNI4;ADNIGO,Coin || Word 9,N,0=No; 1=Yes || 0=No;1=Yes || 1=Yes; 0=No,,Redacted,ADAS Item Level and Sub Scores Redacted,2,3,True,binary,train_binary_mapping+median_impute+missing_indicator,cognitive_item_or_measure,confirmed,dictionary_consistent_with_candidate_schema,dictionary_status_redacted|definition_varies_by_phase|code_dictionary_varies_by_phase,False,4,2,5,True,0,True,10,0,0,0,2,2577,544,0,0,True,1,0,2,False,0.1.0,False,manual_review_unassessable_phase_domain,one_or_more_observed_phases_have_no_parseable_dictionary_domain,phase_dictionary_missing_for_observed_phase,True,observed_values_unassessable_in_one_or_more_phases,consistent,consistent,8669,1836,True,binary,train_binary_mapping+median_impute+missing_indicator,cognitive_item_or_measure,approved,binary_item_with_missing_phase_CODE_but_stable_documented_semantics+training_values_pass_type_domain_check,binary_zero_one_identity,False,False,8669.0,1836.0,0,0,0,0,True,True,True,0.1.2,True,2|10|30|50|100,1415,True,True,True,True,True,1.0.0,True,benchmark04e_freeze_feature_schema,acfd34080ed60c0a6f59,True,binary,train_binary_mapping+median_impute+missing_indicator,cognitive_item_or_measure,binary_zero_one_identity,50,distinct_fit_participants_with_observed_original_feature,recomputed_per_scenario_and_per_temporal_block_on_fit_data,False,True,True,remove_if_support_lt_50_or_all_missing_or_effectively_constant_in_fit,True,retained_at_50_in_snapshot_all_train_reference,Semantically authorized. Apply the frozen support rule independently within each scenario and temporal block using fit participants only.
ADAS,visit,55,Q8WORD9R,ADAS__Q8WORD9R,True,binary,train_binary_mapping+median_impute+missing_indicator,cognitive_item_or_measure,cognitive_instrument_semantic_rule,automatic_proposal,,current_and_previous_blocks_evaluated_independently,50,distinct_fit_participants_with_observed_original_feature,recomputed_per_scenario_and_per_temporal_block_on_fit_data,remove_if_support_lt_50_or_all_missing_or_effectively_constant_in_fit,30,False,0.0044729387207395,1,False,True,False,binary_numeric_candidate,binary_or_one_hot_review,numeric_looking_code_requires_semantic_review|train_missingness_at_least_99_percent|low_train_participant_support_review|snapshot_train_observed_value_constant_missingness_may_vary,True,binary,train_binary_mapping+median_impute+missing_indicator,cognitive_item_or_measure,binary_item_with_missing_phase_CODE_but_stable_documented_semantics+training_values_pass_type_domain_check,semantic_support_candidate_not_official_v0.1.2,matched,4,ADNI2;ADNI3;ADNI4;ADNIGO,<!--Reminder given?--> || Reminder given? [Word 9],T,1=Check here if reminder given,,Redacted,ADAS Item Level and Sub Scores Redacted,2,1,True,binary,train_binary_mapping+median_impute+missing_indicator,cognitive_item_or_measure,confirmed,dictionary_consistent_with_candidate_schema,dictionary_status_redacted|definition_varies_by_phase,False,4,1,4,True,0,True,4,0,0,0,1,31,27,0,0,True,1,0,2,False,0.1.0,False,manual_review_unassessable_phase_domain,one_or_more_observed_phases_have_no_parseable_dictionary_domain,phase_dictionary_missing_for_observed_phase,True,observed_values_unassessable_in_one_or_more_phases,consistent,consistent,75,69,True,binary,train_binary_mapping+median_impute+missing_indicator,cognitive_item_or_measure,approved,binary_item_with_missing_phase_CODE_but_stable_documented_semantics+training_values_pass_type_domain_check,binary_zero_one_identity,False,False,75.0,69.0,0,0,0,0,True,True,True,0.1.2,True,2|10|30|50|100,30,True,True,True,False,False,1.0.0,True,benchmark04e_freeze_feature_schema,acfd34080ed60c0a6f59,True,binary,train_binary_mapping+median_impute+missing_indicator,cognitive_item_or_measure,binary_zero_one_identity,50,distinct_fit_participants_with_observed_original_feature,recomputed_per_scenario_and_per_temporal_block_on_fit_data,False,True,True,remove_if_support_lt_50_or_all_missing_or_effectively_constant_in_fit,False,semantically_authorized_but_below_50_in_snapshot_all_train_reference,Semantically authorized. Apply the frozen support rule independently within each scenario and temporal block using fit participants only.
ADAS,visit,56,Q8WORD10,ADAS__Q8WORD10,True,binary,train_binary_mapping+median_impute+missing_indicator,cognitive_item_or_measure,cognitive_instrument_semantic_rule,automatic_proposal,,current_and_previous_blocks_evaluated_independently,50,distinct_fit_participants_with_observed_original_feature,recomputed_per_scenario_and_per_temporal_block_on_fit_data,remove_if_support_lt_50_or_all_missing_or_effectively_constant_in_fit,1416,True,0.6403757268525421,2,False,False,False,binary_numeric_candidate,binary_or_one_hot_review,numeric_looking_code_requires_semantic_review,True,binary,train_binary_mapping+median_impute+missing_indicator,cognitive_item_or_measure,binary_item_with_missing_phase_CODE_but_stable_documented_semantics+training_values_pass_type_domain_check,semantic_support_candidate_not_official_v0.1.2,matched,4,ADNI2;ADNI3;ADNI4;ADNIGO,Ship || Word 10,N,0=No; 1=Yes || 0=No;1=Yes || 1=Yes; 0=No,,Redacted,ADAS Item Level and Sub Scores Redacted,2,3,True,binary,train_binary_mapping+median_impute+missing_indicator,cognitive_item_or_measure,confirmed,dictionary_consistent_with_candidate_schema,dictionary_status_redacted|definition_varies_by_phase|code_dictionary_varies_by_phase,False,4,2,5,True,0,True,10,0,0,0,2,2579,544,0,0,True,1,0,2,False,0.1.0,False,manual_review_unassessable_phase_domain,one_or_more_observed_phases_have_no_parseable_dictionary_domain,phase_dictionary_missing_for_observed_phase,True,observed_values_unassessable_in_one_or_more_phases,consistent,consistent,8671,1836,True,binary,train_binary_mapping+median_impute+missing_indicator,cognitive_item_or_measure,approved,binary_item_with_missing_phase_CODE_but_stable_documented_semantics+training_values_pass_type_domain_check,binary_zero_one_identity,False,False,8671.0,1836.0,0,0,0,0,True,True,True,0.1.2,True,2|10|30|50|100,1416,True,True,True,True,True,1.0.0,True,benchmark04e_freeze_feature_schema,acfd34080ed60c0a6f59,True,binary,train_binary_mapping+median_impute+missing_indicator,cognitive_item_or_measure,binary_zero_one_identity,50,distinct_fit_participants_with_observed_original_feature,recomputed_per_scenario_and_per_temporal_block_on_fit_data,False,True,True,remove_if_support_lt_50_or_all_missing_or_effectively_constant_in_fit,True,retained_at_50_in_snapshot_all_train_reference,Semantically authorized. Apply the frozen support rule independently within each scenario and temporal block using fit participants only.
ADAS,visit,57,Q8WORD10R,ADAS__Q8WORD10R,True,binary,train_binary_mapping+median_impute+missing_indicator,cognitive_item_or_measure,cognitive_instrument_semantic_rule,automatic_proposal,,current_and_previous_blocks_evaluated_independently,50,distinct_fit_participants_with_observed_original_feature,recomputed_per_scenario_and_per_temporal_block_on_fit_data,remove_if_support_lt_50_or_all_missing_or_effectively_constant_in_fit,31,False,0.0050693305501714,1,False,True,False,binary_numeric_candidate,binary_or_one_hot_review,numeric_looking_code_requires_semantic_review|train_missingness_at_least_99_percent|snapshot_train_observed_value_constant_missingness_may_vary,True,binary,train_binary_mapping+median_impute+missing_indicator,cognitive_item_or_measure,binary_item_with_missing_phase_CODE_but_stable_documented_semantics+training_values_pass_type_domain_check,semantic_support_candidate_not_official_v0.1.2,matched,4,ADNI2;ADNI3;ADNI4;ADNIGO,<!--Reminder given?--> || Reminder given? [Word 10],T,1=Check here if reminder given,,Redacted,ADAS Item Level and Sub Scores Redacted,2,1,True,binary,train_binary_mapping+median_impute+missing_indicator,cognitive_item_or_measure,confirmed,dictionary_consistent_with_candidate_schema,dictionary_status_redacted|definition_varies_by_phase,False,4,1,4,True,0,True,4,0,0,0,1,35,30,0,0,True,1,0,2,False,0.1.0,False,manual_review_unassessable_phase_domain,one_or_more_observed_phases_have_no_parseable_dictionary_domain,phase_dictionary_missing_for_observed_phase,True,observed_values_unassessable_in_one_or_more_phases,consistent,consistent,75,66,True,binary,train_binary_mapping+median_impute+missing_indicator,cognitive_item_or_measure,approved,binary_item_with_missing_phase_CODE_but_stable_documented_semantics+training_values_pass_type_domain_check,binary_zero_one_identity,False,False,75.0,66.0,0,0,0,0,True,True,True,0.1.2,True,2|10|30|50|100,31,True,True,True,False,False,1.0.0,True,benchmark04e_freeze_feature_schema,acfd34080ed60c0a6f59,True,binary,train_binary_mapping+median_impute+missing_indicator,cognitive_item_or_measure,binary_zero_one_identity,50,distinct_fit_participants_with_observed_original_feature,recomputed_per_scenario_and_per_temporal_block_on_fit_data,False,True,True,remove_if_support_lt_50_or_all_missing_or_effectively_constant_in_fit,False,semantically_authorized_but_below_50_in_snapshot_all_train_reference,Semantically authorized. Apply the frozen support rule independently within each scenario and temporal block using fit participants only.
ADAS,visit,58,Q8WORD11,ADAS__Q8WORD11,True,binary,train_binary_mapping+median_impute+missing_indicator,cognitive_item_or_measure,cognitive_instrument_semantic_rule,automatic_proposal,,current_and_previous_blocks_evaluated_independently,50,distinct_fit_participants_with_observed_original_feature,recomputed_per_scenario_and_per_temporal_block_on_fit_data,remove_if_support_lt_50_or_all_missing_or_effectively_constant_in_fit,1416,True,0.6403757268525421,2,False,False,False,binary_numeric_candidate,binary_or_one_hot_review,numeric_looking_code_requires_semantic_review,True,binary,train_binary_mapping+median_impute+missing_indicator,cognitive_item_or_measure,binary_item_with_missing_phase_CODE_but_stable_documented_semantics+training_values_pass_type_domain_check,semantic_support_candidate_not_official_v0.1.2,matched,4,ADNI2;ADNI3;ADNI4;ADNIGO,Institution || Word 11,N,0=No; 1=Yes || 0=No;1=Yes || 1=Yes; 0=No,,Redacted,ADAS Item Level and Sub Scores Redacted,2,3,True,binary,train_binary_mapping+median_impute+missing_indicator,cognitive_item_or_measure,confirmed,dictionary_consistent_with_candidate_schema,dictionary_status_redacted|definition_varies_by_phase|code_dictionary_varies_by_phase,False,4,2,5,True,0,True,10,0,0,0,2,2579,544,0,0,True,1,0,2,False,0.1.0,False,manual_review_unassessable_phase_domain,one_or_more_observed_phases_have_no_parseable_dictionary_domain,phase_dictionary_missing_for_observed_phase,True,observed_values_unassessable_in_one_or_more_phases,consistent,consistent,8671,1836,True,binary,train_binary_mapping+median_impute+missing_indicator,cognitive_item_or_measure,approved,binary_item_with_missing_phase_CODE_but_stable_documented_semantics+training_values_pass_type_domain_check,binary_zero_one_identity,False,False,8671.0,1836.0,0,0,0,0,True,True,True,0.1.2,True,2|10|30|50|100,1416,True,True,True,True,True,1.0.0,True,benchmark04e_freeze_feature_schema,acfd34080ed60c0a6f59,True,binary,train_binary_mapping+median_impute+missing_indicator,cognitive_item_or_measure,binary_zero_one_identity,50,distinct_fit_participants_with_observed_original_feature,recomputed_per_scenario_and_per_temporal_block_on_fit_data,False,True,True,remove_if_support_lt_50_or_all_missing_or_effectively_constant_in_fit,True,retained_at_50_in_snapshot_all_train_reference,Semantically authorized. Apply the frozen support rule independently within each scenario and temporal block using fit participants only.
ADAS,visit,59,Q8WORD11R,ADAS__Q8WORD11R,True,binary,train_binary_mapping+median_impute+missing_indicator,cognitive_item_or_measure,cognitive_instrument_semantic_rule,automatic_proposal,,current_and_previous_blocks_evaluated_independently,50,distinct_fit_participants_with_observed_original_feature,recomputed_per_scenario_and_per_temporal_block_on_fit_data,remove_if_support_lt_50_or_all_missing_or_effectively_constant_in_fit,28,False,0.0046220366780975,1,False,True,False,binary_numeric_candidate,binary_or_one_hot_review,numeric_looking_code_requires_semantic_review|train_missingness_at_least_99_percent|low_train_participant_support_review|snapshot_train_observed_value_constant_missingness_may_vary,True,binary,train_binary_mapping+median_impute+missing_indicator,cognitive_item_or_measure,binary_item_with_missing_phase_CODE_but_stable_documented_semantics+training_values_pass_type_domain_check,semantic_support_candidate_not_official_v0.1.2,matched,4,ADNI2;ADNI3;ADNI4;ADNIGO,<!--Reminder given?--> || Reminder given? [Word 11],T,1=Check here if reminder given,,Redacted,ADAS Item Level and Sub Scores Redacted,2,1,True,binary,train_binary_mapping+median_impute+missing_indicator,cognitive_item_or_measure,confirmed,dictionary_consistent_with_candidate_schema,dictionary_status_redacted|definition_varies_by_phase,False,4,1,5,True,0,True,5,0,0,0,1,36,25,0,0,True,1,0,2,False,0.1.0,False,manual_review_unassessable_phase_domain,one_or_more_observed_phases_have_no_parseable_dictionary_domain,phase_dictionary_missing_for_observed_phase,True,observed_values_unassessable_in_one_or_more_phases,consistent,consistent,78,63,True,binary,train_binary_mapping+median_impute+missing_indicator,cognitive_item_or_measure,approved,binary_item_with_missing_phase_CODE_but_stable_documented_semantics+training_values_pass_type_domain_check,binary_zero_one_identity,False,False,78.0,63.0,0,0,0,0,True,True,True,0.1.2,True,2|10|30|50|100,28,True,True,False,False,False,1.0.0,True,benchmark04e_freeze_feature_schema,acfd34080ed60c0a6f59,True,binary,train_binary_mapping+median_impute+missing_indicator,cognitive_item_or_measure,binary_zero_one_identity,50,distinct_fit_participants_with_observed_original_feature,recomputed_per_scenario_and_per_temporal_block_on_fit_data,False,True,True,remove_if_support_lt_50_or_all_missing_or_effectively_constant_in_fit,False,semantically_authorized_but_below_50_in_snapshot_all_train_reference,Semantically authorized. Apply the frozen support rule independently within each scenario and temporal block using fit participants only.
ADAS,visit,60,Q8WORD12,ADAS__Q8WORD12,True,binary,train_binary_mapping+median_impute+missing_indicator,cognitive_item_or_measure,cognitive_instrument_semantic_rule,automatic_proposal,,current_and_previous_blocks_evaluated_independently,50,distinct_fit_participants_with_observed_original_feature,recomputed_per_scenario_and_per_temporal_block_on_fit_data,remove_if_support_lt_50_or_all_missing_or_effectively_constant_in_fit,1416,True,0.6403757268525421,2,False,False,False,binary_numeric_candidate,binary_or_one_hot_review,numeric_looking_code_requires_semantic_review,True,binary,train_binary_mapping+median_impute+missing_indicator,cognitive_item_or_measure,binary_item_with_missing_phase_CODE_but_stable_documented_semantics+training_values_pass_type_domain_check,semantic_support_candidate_not_official_v0.1.2,matched,4,ADNI2;ADNI3;ADNI4;ADNIGO,Map || Word 12,N,0=No; 1=Yes || 0=No;1=Yes || 1=Yes; 0=No,,Redacted,ADAS Item Level and Sub Scores Redacted,2,3,True,binary,train_binary_mapping+median_impute+missing_indicator,cognitive_item_or_measure,confirmed,dictionary_consistent_with_candidate_schema,dictionary_status_redacted|definition_varies_by_phase|code_dictionary_varies_by_phase,False,4,2,5,True,0,True,10,0,0,0,2,2579,544,0,0,True,1,0,2,False,0.1.0,False,manual_review_unassessable_phase_domain,one_or_more_observed_phases_have_no_parseable_dictionary_domain,phase_dictionary_missing_for_observed_phase,True,observed_values_unassessable_in_one_or_more_phases,consistent,consistent,8671,1836,True,binary,train_binary_mapping+median_impute+missing_indicator,cognitive_item_or_measure,approved,binary_item_with_missing_phase_CODE_but_stable_documented_semantics+training_values_pass_type_domain_check,binary_zero_one_identity,False,False,8671.0,1836.0,0,0,0,0,True,True,True,0.1.2,True,2|10|30|50|100,1416,True,True,True,True,True,1.0.0,True,benchmark04e_freeze_feature_schema,acfd34080ed60c0a6f59,True,binary,train_binary_mapping+median_impute+missing_indicator,cognitive_item_or_measure,binary_zero_one_identity,50,distinct_fit_participants_with_observed_original_feature,recomputed_per_scenario_and_per_temporal_block_on_fit_data,False,True,True,remove_if_support_lt_50_or_all_missing_or_effectively_constant_in_fit,True,retained_at_50_in_snapshot_all_train_reference,Semantically authorized. Apply the frozen support rule independently within each scenario and temporal block using fit participants only.
ADAS,visit,61,Q8WORD12R,ADAS__Q8WORD12R,True,binary,train_binary_mapping+median_impute+missing_indicator,cognitive_item_or_measure,cognitive_instrument_semantic_rule,automatic_proposal,,current_and_previous_blocks_evaluated_independently,50,distinct_fit_participants_with_observed_original_feature,recomputed_per_scenario_and_per_temporal_block_on_fit_data,remove_if_support_lt_50_or_all_missing_or_effectively_constant_in_fit,33,False,0.0050693305501714,1,False,True,False,binary_numeric_candidate,binary_or_one_hot_review,numeric_looking_code_requires_semantic_review|train_missingness_at_least_99_percent|snapshot_train_observed_value_constant_missingness_may_vary,True,binary,train_binary_mapping+median_impute+missing_indicator,cognitive_item_or_measure,binary_item_with_missing_phase_CODE_but_stable_documented_semantics+training_values_pass_type_domain_check,semantic_support_candidate_not_official_v0.1.2,matched,4,ADNI2;ADNI3;ADNI4;ADNIGO,<!--Reminder given?--> || Reminder given? [Word 12],T,1=Check here if reminder given,,Redacted,ADAS Item Level and Sub Scores Redacted,2,1,True,binary,train_binary_mapping+median_impute+missing_indicator,cognitive_item_or_measure,confirmed,dictionary_consistent_with_candidate_schema,dictionary_status_redacted|definition_varies_by_phase,False,4,1,5,True,0,True,5,0,0,0,1,33,27,0,0,True,1,0,2,False,0.1.0,False,manual_review_unassessable_phase_domain,one_or_more_observed_phases_have_no_parseable_dictionary_domain,phase_dictionary_missing_for_observed_phase,True,observed_values_unassessable_in_one_or_more_phases,consistent,consistent,81,72,True,binary,train_binary_mapping+median_impute+missing_indicator,cognitive_item_or_measure,approved,binary_item_with_missing_phase_CODE_but_stable_documented_semantics+training_values_pass_type_domain_check,binary_zero_one_identity,False,False,81.0,72.0,0,0,0,0,True,True,True,0.1.2,True,2|10|30|50|100,33,True,True,True,False,False,1.0.0,True,benchmark04e_freeze_feature_schema,acfd34080ed60c0a6f59,True,binary,train_binary_mapping+median_impute+missing_indicator,cognitive_item_or_measure,binary_zero_one_identity,50,distinct_fit_participants_with_observed_original_feature,recomputed_per_scenario_and_per_temporal_block_on_fit_data,False,True,True,remove_if_support_lt_50_or_all_missing_or_effectively_constant_in_fit,False,semantically_authorized_but_below_50_in_snapshot_all_train_reference,Semantically authorized. Apply the frozen support rule independently within each scenario and temporal block using fit participants only.
ADAS,visit,62,Q8WORD13,ADAS__Q8WORD13,True,binary,train_binary_mapping+median_impute+missing_indicator,cognitive_item_or_measure,cognitive_instrument_semantic_rule,automatic_proposal,,current_and_previous_blocks_evaluated_independently,50,distinct_fit_participants_with_observed_original_feature,recomputed_per_scenario_and_per_temporal_block_on_fit_data,remove_if_support_lt_50_or_all_missing_or_effectively_constant_in_fit,1416,True,0.6403757268525421,2,False,False,False,binary_numeric_candidate,binary_or_one_hot_review,numeric_looking_code_requires_semantic_review,True,binary,train_binary_mapping+median_impute+missing_indicator,cognitive_item_or_measure,binary_item_with_missing_phase_CODE_but_stable_documented_semantics+training_values_pass_type_domain_check,semantic_support_candidate_not_official_v0.1.2,matched,4,ADNI2;ADNI3;ADNI4;ADNIGO,Axe || Word 13,N,0=No; 1=Yes || 0=No;1=Yes || 1=Yes; 0=No,,Redacted,ADAS Item Level and Sub Scores Redacted,2,3,True,binary,train_binary_mapping+median_impute+missing_indicator,cognitive_item_or_measure,confirmed,dictionary_consistent_with_candidate_schema,dictionary_status_redacted|definition_varies_by_phase|code_dictionary_varies_by_phase,False,4,2,5,True,0,True,10,0,0,0,2,2579,544,0,0,True,1,0,2,False,0.1.0,False,manual_review_unassessable_phase_domain,one_or_more_observed_phases_have_no_parseable_dictionary_domain,phase_dictionary_missing_for_observed_phase,True,observed_values_unassessable_in_one_or_more_phases,consistent,consistent,8671,1836,True,binary,train_binary_mapping+median_impute+missing_indicator,cognitive_item_or_measure,approved,binary_item_with_missing_phase_CODE_but_stable_documented_semantics+training_values_pass_type_domain_check,binary_zero_one_identity,False,False,8671.0,1836.0,0,0,0,0,True,True,True,0.1.2,True,2|10|30|50|100,1416,True,True,True,True,True,1.0.0,True,benchmark04e_freeze_feature_schema,acfd34080ed60c0a6f59,True,binary,train_binary_mapping+median_impute+missing_indicator,cognitive_item_or_measure,binary_zero_one_identity,50,distinct_fit_participants_with_observed_original_feature,recomputed_per_scenario_and_per_temporal_block_on_fit_data,False,True,True,remove_if_support_lt_50_or_all_missing_or_effectively_constant_in_fit,True,retained_at_50_in_snapshot_all_train_reference,Semantically authorized. Apply the frozen support rule independently within each scenario and temporal block using fit participants only.
ADAS,visit,63,Q8WORD13R,ADAS__Q8WORD13R,True,binary,train_binary_mapping+median_impute+missing_indicator,cognitive_item_or_measure,cognitive_instrument_semantic_rule,automatic_proposal,,current_and_previous_blocks_evaluated_independently,50,distinct_fit_participants_with_observed_original_feature,recomputed_per_scenario_and_per_temporal_block_on_fit_data,remove_if_support_lt_50_or_all_missing_or_effectively_constant_in_fit,37,False,0.0055166244222454,1,False,True,False,binary_numeric_candidate,binary_or_one_hot_review,numeric_looking_code_requires_semantic_review|train_missingness_at_least_99_percent|snapshot_train_observed_value_constant_missingness_may_vary,True,binary,train_binary_mapping+median_impute+missing_indicator,cognitive_item_or_measure,binary_item_with_missing_phase_CODE_but_stable_documented_semantics+training_values_pass_type_domain_check,semantic_support_candidate_not_official_v0.1.2,matched,4,ADNI2;ADNI3;ADNI4;ADNIGO,<!--Reminder given?--> || Reminder given? [Word 13],T,1=Check here if reminder given,,Redacted,ADAS Item Level and Sub Scores Redacted,2,1,True,binary,train_binary_mapping+median_impute+missing_indicator,cognitive_item_or_measure,confirmed,dictionary_consistent_with_candidate_schema,dictionary_status_redacted|definition_varies_by_phase,False,4,1,4,True,0,True,4,0,0,0,1,28,26,0,0,True,1,0,2,False,0.1.0,False,manual_review_unassessable_phase_domain,one_or_more_observed_phases_have_no_parseable_dictionary_domain,phase_dictionary_missing_for_observed_phase,True,observed_values_unassessable_in_one_or_more_phases,consistent,consistent,71,65,True,binary,train_binary_mapping+median_impute+missing_indicator,cognitive_item_or_measure,approved,binary_item_with_missing_phase_CODE_but_stable_documented_semantics+training_values_pass_type_domain_check,binary_zero_one_identity,False,False,71.0,65.0,0,0,0,0,True,True,True,0.1.2,True,2|10|30|50|100,37,True,True,True,False,False,1.0.0,True,benchmark04e_freeze_feature_schema,acfd34080ed60c0a6f59,True,binary,train_binary_mapping+median_impute+missing_indicator,cognitive_item_or_measure,binary_zero_one_identity,50,distinct_fit_participants_with_observed_original_feature,recomputed_per_scenario_and_per_temporal_block_on_fit_data,False,True,True,remove_if_support_lt_50_or_all_missing_or_effectively_constant_in_fit,False,semantically_authorized_but_below_50_in_snapshot_all_train_reference,Semantically authorized. Apply the frozen support rule independently within each scenario and temporal block using fit participants only.
ADAS,visit,64,Q8WORD14,ADAS__Q8WORD14,True,binary,train_binary_mapping+median_impute+missing_indicator,cognitive_item_or_measure,cognitive_instrument_semantic_rule,automatic_proposal,,current_and_previous_blocks_evaluated_independently,50,distinct_fit_participants_with_observed_original_feature,recomputed_per_scenario_and_per_temporal_block_on_fit_data,remove_if_support_lt_50_or_all_missing_or_effectively_constant_in_fit,1416,True,0.6403757268525421,2,False,False,False,binary_numeric_candidate,binary_or_one_hot_review,numeric_looking_code_requires_semantic_review,True,binary,train_binary_mapping+median_impute+missing_indicator,cognitive_item_or_measure,binary_item_with_missing_phase_CODE_but_stable_documented_semantics+training_values_pass_type_domain_check,semantic_support_candidate_not_official_v0.1.2,matched,4,ADNI2;ADNI3;ADNI4;ADNIGO,Board || Word 14,N,0=No; 1=Yes || 0=No;1=Yes || 1=Yes; 0=No,,Redacted,ADAS Item Level and Sub Scores Redacted,2,3,True,binary,train_binary_mapping+median_impute+missing_indicator,cognitive_item_or_measure,confirmed,dictionary_consistent_with_candidate_schema,dictionary_status_redacted|definition_varies_by_phase|code_dictionary_varies_by_phase,False,4,2,5,True,0,True,10,0,0,0,2,2579,544,0,0,True,1,0,2,False,0.1.0,False,manual_review_unassessable_phase_domain,one_or_more_observed_phases_have_no_parseable_dictionary_domain,phase_dictionary_missing_for_observed_phase,True,observed_values_unassessable_in_one_or_more_phases,consistent,consistent,8671,1836,True,binary,train_binary_mapping+median_impute+missing_indicator,cognitive_item_or_measure,approved,binary_item_with_missing_phase_CODE_but_stable_documented_semantics+training_values_pass_type_domain_check,binary_zero_one_identity,False,False,8671.0,1836.0,0,0,0,0,True,True,True,0.1.2,True,2|10|30|50|100,1416,True,True,True,True,True,1.0.0,True,benchmark04e_freeze_feature_schema,acfd34080ed60c0a6f59,True,binary,train_binary_mapping+median_impute+missing_indicator,cognitive_item_or_measure,binary_zero_one_identity,50,distinct_fit_participants_with_observed_original_feature,recomputed_per_scenario_and_per_temporal_block_on_fit_data,False,True,True,remove_if_support_lt_50_or_all_missing_or_effectively_constant_in_fit,True,retained_at_50_in_snapshot_all_train_reference,Semantically authorized. Apply the frozen support rule independently within each scenario and temporal block using fit participants only.
ADAS,visit,65,Q8WORD14R,ADAS__Q8WORD14R,True,binary,train_binary_mapping+median_impute+missing_indicator,cognitive_item_or_measure,cognitive_instrument_semantic_rule,automatic_proposal,,current_and_previous_blocks_evaluated_independently,50,distinct_fit_participants_with_observed_original_feature,recomputed_per_scenario_and_per_temporal_block_on_fit_data,remove_if_support_lt_50_or_all_missing_or_effectively_constant_in_fit,29,False,0.0046220366780975,1,False,True,False,binary_numeric_candidate,binary_or_one_hot_review,numeric_looking_code_requires_semantic_review|train_missingness_at_least_99_percent|low_train_participant_support_review|snapshot_train_observed_value_constant_missingness_may_vary,True,binary,train_binary_mapping+median_impute+missing_indicator,cognitive_item_or_measure,binary_item_with_missing_phase_CODE_but_stable_documented_semantics+training_values_pass_type_domain_check,semantic_support_candidate_not_official_v0.1.2,matched,4,ADNI2;ADNI3;ADNI4;ADNIGO,<!--Reminder given?--> || Reminder given? [Word 14],T,1=Check here if reminder given,,Redacted,ADAS Item Level and Sub Scores Redacted,2,1,True,binary,train_binary_mapping+median_impute+missing_indicator,cognitive_item_or_measure,confirmed,dictionary_consistent_with_candidate_schema,dictionary_status_redacted|definition_varies_by_phase,False,4,1,5,True,0,True,5,0,0,0,1,32,27,0,0,True,1,0,2,False,0.1.0,False,manual_review_unassessable_phase_domain,one_or_more_observed_phases_have_no_parseable_dictionary_domain,phase_dictionary_missing_for_observed_phase,True,observed_values_unassessable_in_one_or_more_phases,consistent,consistent,73,63,True,binary,train_binary_mapping+median_impute+missing_indicator,cognitive_item_or_measure,approved,binary_item_with_missing_phase_CODE_but_stable_documented_semantics+training_values_pass_type_domain_check,binary_zero_one_identity,False,False,73.0,63.0,0,0,0,0,True,True,True,0.1.2,True,2|10|30|50|100,29,True,True,False,False,False,1.0.0,True,benchmark04e_freeze_feature_schema,acfd34080ed60c0a6f59,True,binary,train_binary_mapping+median_impute+missing_indicator,cognitive_item_or_measure,binary_zero_one_identity,50,distinct_fit_participants_with_observed_original_feature,recomputed_per_scenario_and_per_temporal_block_on_fit_data,False,True,True,remove_if_support_lt_50_or_all_missing_or_effectively_constant_in_fit,False,semantically_authorized_but_below_50_in_snapshot_all_train_reference,Semantically authorized. Apply the frozen support rule independently within each scenario and temporal block using fit participants only.
ADAS,visit,66,Q8WORD15,ADAS__Q8WORD15,True,binary,train_binary_mapping+median_impute+missing_indicator,cognitive_item_or_measure,cognitive_instrument_semantic_rule,automatic_proposal,,current_and_previous_blocks_evaluated_independently,50,distinct_fit_participants_with_observed_original_feature,recomputed_per_scenario_and_per_temporal_block_on_fit_data,remove_if_support_lt_50_or_all_missing_or_effectively_constant_in_fit,1416,True,0.6403757268525421,2,False,False,False,binary_numeric_candidate,binary_or_one_hot_review,numeric_looking_code_requires_semantic_review,True,binary,train_binary_mapping+median_impute+missing_indicator,cognitive_item_or_measure,binary_item_with_missing_phase_CODE_but_stable_documented_semantics+training_values_pass_type_domain_check,semantic_support_candidate_not_official_v0.1.2,matched,4,ADNI2;ADNI3;ADNI4;ADNIGO,Carrot || Word 15,N,0=No; 1=Yes || 0=No;1=Yes || 1=Yes; 0=No,,Redacted,ADAS Item Level and Sub Scores Redacted,2,3,True,binary,train_binary_mapping+median_impute+missing_indicator,cognitive_item_or_measure,confirmed,dictionary_consistent_with_candidate_schema,dictionary_status_redacted|definition_varies_by_phase|code_dictionary_varies_by_phase,False,4,2,5,True,0,True,10,0,0,0,2,2579,544,0,0,True,1,0,2,False,0.1.0,False,manual_review_unassessable_phase_domain,one_or_more_observed_phases_have_no_parseable_dictionary_domain,phase_dictionary_missing_for_observed_phase,True,observed_values_unassessable_in_one_or_more_phases,consistent,consistent,8671,1836,True,binary,train_binary_mapping+median_impute+missing_indicator,cognitive_item_or_measure,approved,binary_item_with_missing_phase_CODE_but_stable_documented_semantics+training_values_pass_type_domain_check,binary_zero_one_identity,False,False,8671.0,1836.0,0,0,0,0,True,True,True,0.1.2,True,2|10|30|50|100,1416,True,True,True,True,True,1.0.0,True,benchmark04e_freeze_feature_schema,acfd34080ed60c0a6f59,True,binary,train_binary_mapping+median_impute+missing_indicator,cognitive_item_or_measure,binary_zero_one_identity,50,distinct_fit_participants_with_observed_original_feature,recomputed_per_scenario_and_per_temporal_block_on_fit_data,False,True,True,remove_if_support_lt_50_or_all_missing_or_effectively_constant_in_fit,True,retained_at_50_in_snapshot_all_train_reference,Semantically authorized. Apply the frozen support rule independently within each scenario and temporal block using fit participants only.
ADAS,visit,67,Q8WORD15R,ADAS__Q8WORD15R,True,binary,train_binary_mapping+median_impute+missing_indicator,cognitive_item_or_measure,cognitive_instrument_semantic_rule,automatic_proposal,,current_and_previous_blocks_evaluated_independently,50,distinct_fit_participants_with_observed_original_feature,recomputed_per_scenario_and_per_temporal_block_on_fit_data,remove_if_support_lt_50_or_all_missing_or_effectively_constant_in_fit,28,False,0.0041747428060235,1,False,True,False,binary_numeric_candidate,binary_or_one_hot_review,numeric_looking_code_requires_semantic_review|train_missingness_at_least_99_percent|low_train_participant_support_review|snapshot_train_observed_value_constant_missingness_may_vary,True,binary,train_binary_mapping+median_impute+missing_indicator,cognitive_item_or_measure,binary_item_with_missing_phase_CODE_but_stable_documented_semantics+training_values_pass_type_domain_check,semantic_support_candidate_not_official_v0.1.2,matched,4,ADNI2;ADNI3;ADNI4;ADNIGO,<!--Reminder given?--> || Reminder given? [Word 15],T,1=Check here if reminder given,,Redacted,ADAS Item Level and Sub Scores Redacted,2,1,True,binary,train_binary_mapping+median_impute+missing_indicator,cognitive_item_or_measure,confirmed,dictionary_consistent_with_candidate_schema,dictionary_status_redacted|definition_varies_by_phase,False,4,1,5,True,0,True,5,0,0,0,1,29,24,0,0,True,1,0,2,False,0.1.0,False,manual_review_unassessable_phase_domain,one_or_more_observed_phases_have_no_parseable_dictionary_domain,phase_dictionary_missing_for_observed_phase,True,observed_values_unassessable_in_one_or_more_phases,consistent,consistent,68,60,True,binary,train_binary_mapping+median_impute+missing_indicator,cognitive_item_or_measure,approved,binary_item_with_missing_phase_CODE_but_stable_documented_semantics+training_values_pass_type_domain_check,binary_zero_one_identity,False,False,68.0,60.0,0,0,0,0,True,True,True,0.1.2,True,2|10|30|50|100,28,True,True,False,False,False,1.0.0,True,benchmark04e_freeze_feature_schema,acfd34080ed60c0a6f59,True,binary,train_binary_mapping+median_impute+missing_indicator,cognitive_item_or_measure,binary_zero_one_identity,50,distinct_fit_participants_with_observed_original_feature,recomputed_per_scenario_and_per_temporal_block_on_fit_data,False,True,True,remove_if_support_lt_50_or_all_missing_or_effectively_constant_in_fit,False,semantically_authorized_but_below_50_in_snapshot_all_train_reference,Semantically authorized. Apply the frozen support rule independently within each scenario and temporal block using fit participants only.
ADAS,visit,68,Q8WORD16,ADAS__Q8WORD16,True,binary,train_binary_mapping+median_impute+missing_indicator,cognitive_item_or_measure,cognitive_instrument_semantic_rule,automatic_proposal,,current_and_previous_blocks_evaluated_independently,50,distinct_fit_participants_with_observed_original_feature,recomputed_per_scenario_and_per_temporal_block_on_fit_data,remove_if_support_lt_50_or_all_missing_or_effectively_constant_in_fit,1416,True,0.6403757268525421,2,False,False,False,binary_numeric_candidate,binary_or_one_hot_review,numeric_looking_code_requires_semantic_review,True,binary,train_binary_mapping+median_impute+missing_indicator,cognitive_item_or_measure,binary_item_with_missing_phase_CODE_but_stable_documented_semantics+training_values_pass_type_domain_check,semantic_support_candidate_not_official_v0.1.2,matched,4,ADNI2;ADNI3;ADNI4;ADNIGO,Milk || Word 16,N,0=No; 1=Yes || 0=No;1=Yes || 1=Yes; 0=No,,Redacted,ADAS Item Level and Sub Scores Redacted,2,3,True,binary,train_binary_mapping+median_impute+missing_indicator,cognitive_item_or_measure,confirmed,dictionary_consistent_with_candidate_schema,dictionary_status_redacted|definition_varies_by_phase|code_dictionary_varies_by_phase,False,4,2,5,True,0,True,10,0,0,0,2,2578,544,0,0,True,1,0,2,False,0.1.0,False,manual_review_unassessable_phase_domain,one_or_more_observed_phases_have_no_parseable_dictionary_domain,phase_dictionary_missing_for_observed_phase,True,observed_values_unassessable_in_one_or_more_phases,consistent,consistent,8670,1836,True,binary,train_binary_mapping+median_impute+missing_indicator,cognitive_item_or_measure,approved,binary_item_with_missing_phase_CODE_but_stable_documented_semantics+training_values_pass_type_domain_check,binary_zero_one_identity,False,False,8670.0,1836.0,0,0,0,0,True,True,True,0.1.2,True,2|10|30|50|100,1416,True,True,True,True,True,1.0.0,True,benchmark04e_freeze_feature_schema,acfd34080ed60c0a6f59,True,binary,train_binary_mapping+median_impute+missing_indicator,cognitive_item_or_measure,binary_zero_one_identity,50,distinct_fit_participants_with_observed_original_feature,recomputed_per_scenario_and_per_temporal_block_on_fit_data,False,True,True,remove_if_support_lt_50_or_all_missing_or_effectively_constant_in_fit,True,retained_at_50_in_snapshot_all_train_reference,Semantically authorized. Apply the frozen support rule independently within each scenario and temporal block using fit participants only.
ADAS,visit,69,Q8WORD16R,ADAS__Q8WORD16R,True,binary,train_binary_mapping+median_impute+missing_indicator,cognitive_item_or_measure,cognitive_instrument_semantic_rule,automatic_proposal,,current_and_previous_blocks_evaluated_independently,50,distinct_fit_participants_with_observed_original_feature,recomputed_per_scenario_and_per_temporal_block_on_fit_data,remove_if_support_lt_50_or_all_missing_or_effectively_constant_in_fit,24,False,0.0037274489339496,1,False,True,False,binary_numeric_candidate,binary_or_one_hot_review,numeric_looking_code_requires_semantic_review|train_missingness_at_least_99_percent|low_train_participant_support_review|snapshot_train_observed_value_constant_missingness_may_vary,True,binary,train_binary_mapping+median_impute+missing_indicator,cognitive_item_or_measure,binary_item_with_missing_phase_CODE_but_stable_documented_semantics+training_values_pass_type_domain_check,semantic_support_candidate_not_official_v0.1.2,matched,4,ADNI2;ADNI3;ADNI4;ADNIGO,<!--Reminder given?--> || Reminder given? [Word 16],T,1=Check here if reminder given,,Redacted,ADAS Item Level and Sub Scores Redacted,2,1,True,binary,train_binary_mapping+median_impute+missing_indicator,cognitive_item_or_measure,confirmed,dictionary_consistent_with_candidate_schema,dictionary_status_redacted|definition_varies_by_phase,False,4,1,5,True,0,True,5,0,0,0,1,28,25,0,0,True,1,0,2,False,0.1.0,False,manual_review_unassessable_phase_domain,one_or_more_observed_phases_have_no_parseable_dictionary_domain,phase_dictionary_missing_for_observed_phase,True,observed_values_unassessable_in_one_or_more_phases,consistent,consistent,62,56,True,binary,train_binary_mapping+median_impute+missing_indicator,cognitive_item_or_measure,approved,binary_item_with_missing_phase_CODE_but_stable_documented_semantics+training_values_pass_type_domain_check,binary_zero_one_identity,False,False,62.0,56.0,0,0,0,0,True,True,True,0.1.2,True,2|10|30|50|100,24,True,True,False,False,False,1.0.0,True,benchmark04e_freeze_feature_schema,acfd34080ed60c0a6f59,True,binary,train_binary_mapping+median_impute+missing_indicator,cognitive_item_or_measure,binary_zero_one_identity,50,distinct_fit_participants_with_observed_original_feature,recomputed_per_scenario_and_per_temporal_block_on_fit_data,False,True,True,remove_if_support_lt_50_or_all_missing_or_effectively_constant_in_fit,False,semantically_authorized_but_below_50_in_snapshot_all_train_reference,Semantically authorized. Apply the frozen support rule independently within each scenario and temporal block using fit participants only.
ADAS,visit,70,Q8WORD17,ADAS__Q8WORD17,True,binary,train_binary_mapping+median_impute+missing_indicator,cognitive_item_or_measure,cognitive_instrument_semantic_rule,automatic_proposal,,current_and_previous_blocks_evaluated_independently,50,distinct_fit_participants_with_observed_original_feature,recomputed_per_scenario_and_per_temporal_block_on_fit_data,remove_if_support_lt_50_or_all_missing_or_effectively_constant_in_fit,1416,True,0.6403757268525421,2,False,False,False,binary_numeric_candidate,binary_or_one_hot_review,numeric_looking_code_requires_semantic_review,True,binary,train_binary_mapping+median_impute+missing_indicator,cognitive_item_or_measure,binary_item_with_missing_phase_CODE_but_stable_documented_semantics+training_values_pass_type_domain_check,semantic_support_candidate_not_official_v0.1.2,matched,4,ADNI2;ADNI3;ADNI4;ADNIGO,Volume || Word 17,N,0=No; 1=Yes || 0=No;1=Yes || 1=Yes; 0=No,,Redacted,ADAS Item Level and Sub Scores Redacted,2,3,True,binary,train_binary_mapping+median_impute+missing_indicator,cognitive_item_or_measure,confirmed,dictionary_consistent_with_candidate_schema,dictionary_status_redacted|definition_varies_by_phase|code_dictionary_varies_by_phase,False,4,2,5,True,0,True,10,0,0,0,2,2578,544,0,0,True,1,0,2,False,0.1.0,False,manual_review_unassessable_phase_domain,one_or_more_observed_phases_have_no_parseable_dictionary_domain,phase_dictionary_missing_for_observed_phase,True,observed_values_unassessable_in_one_or_more_phases,consistent,consistent,8670,1836,True,binary,train_binary_mapping+median_impute+missing_indicator,cognitive_item_or_measure,approved,binary_item_with_missing_phase_CODE_but_stable_documented_semantics+training_values_pass_type_domain_check,binary_zero_one_identity,False,False,8670.0,1836.0,0,0,0,0,True,True,True,0.1.2,True,2|10|30|50|100,1416,True,True,True,True,True,1.0.0,True,benchmark04e_freeze_feature_schema,acfd34080ed60c0a6f59,True,binary,train_binary_mapping+median_impute+missing_indicator,cognitive_item_or_measure,binary_zero_one_identity,50,distinct_fit_participants_with_observed_original_feature,recomputed_per_scenario_and_per_temporal_block_on_fit_data,False,True,True,remove_if_support_lt_50_or_all_missing_or_effectively_constant_in_fit,True,retained_at_50_in_snapshot_all_train_reference,Semantically authorized. Apply the frozen support rule independently within each scenario and temporal block using fit participants only.
ADAS,visit,71,Q8WORD17R,ADAS__Q8WORD17R,True,binary,train_binary_mapping+median_impute+missing_indicator,cognitive_item_or_measure,cognitive_instrument_semantic_rule,automatic_proposal,,current_and_previous_blocks_evaluated_independently,50,distinct_fit_participants_with_observed_original_feature,recomputed_per_scenario_and_per_temporal_block_on_fit_data,remove_if_support_lt_50_or_all_missing_or_effectively_constant_in_fit,17,False,0.0025346652750857,1,False,True,False,binary_numeric_candidate,binary_or_one_hot_review,numeric_looking_code_requires_semantic_review|train_missingness_at_least_99_percent|low_train_participant_support_review|snapshot_train_observed_value_constant_missingness_may_vary,True,binary,train_binary_mapping+median_impute+missing_indicator,cognitive_item_or_measure,binary_item_with_missing_phase_CODE_but_stable_documented_semantics+training_values_pass_type_domain_check,semantic_support_candidate_not_official_v0.1.2,matched,4,ADNI2;ADNI3;ADNI4;ADNIGO,<!--Reminder given?--> || Reminder given? [Word 17],T,1=Check here if reminder given,,Redacted,ADAS Item Level and Sub Scores Redacted,2,1,True,binary,train_binary_mapping+median_impute+missing_indicator,cognitive_item_or_measure,confirmed,dictionary_consistent_with_candidate_schema,dictionary_status_redacted|definition_varies_by_phase,False,4,1,5,True,0,True,5,0,0,0,1,21,18,0,0,True,1,0,2,False,0.1.0,False,manual_review_unassessable_phase_domain,one_or_more_observed_phases_have_no_parseable_dictionary_domain,phase_dictionary_missing_for_observed_phase,True,observed_values_unassessable_in_one_or_more_phases,consistent,consistent,53,47,True,binary,train_binary_mapping+median_impute+missing_indicator,cognitive_item_or_measure,approved,binary_item_with_missing_phase_CODE_but_stable_documented_semantics+training_values_pass_type_domain_check,binary_zero_one_identity,False,False,53.0,47.0,0,0,0,0,True,True,True,0.1.2,True,2|10|30|50|100,17,True,True,False,False,False,1.0.0,True,benchmark04e_freeze_feature_schema,acfd34080ed60c0a6f59,True,binary,train_binary_mapping+median_impute+missing_indicator,cognitive_item_or_measure,binary_zero_one_identity,50,distinct_fit_participants_with_observed_original_feature,recomputed_per_scenario_and_per_temporal_block_on_fit_data,False,True,True,remove_if_support_lt_50_or_all_missing_or_effectively_constant_in_fit,False,semantically_authorized_but_below_50_in_snapshot_all_train_reference,Semantically authorized. Apply the frozen support rule independently within each scenario and temporal block using fit participants only.
ADAS,visit,72,Q8WORD18,ADAS__Q8WORD18,True,binary,train_binary_mapping+median_impute+missing_indicator,cognitive_item_or_measure,cognitive_instrument_semantic_rule,automatic_proposal,,current_and_previous_blocks_evaluated_independently,50,distinct_fit_participants_with_observed_original_feature,recomputed_per_scenario_and_per_temporal_block_on_fit_data,remove_if_support_lt_50_or_all_missing_or_effectively_constant_in_fit,1416,True,0.6403757268525421,2,False,False,False,binary_numeric_candidate,binary_or_one_hot_review,numeric_looking_code_requires_semantic_review,True,binary,train_binary_mapping+median_impute+missing_indicator,cognitive_item_or_measure,binary_item_with_missing_phase_CODE_but_stable_documented_semantics+training_values_pass_type_domain_check,semantic_support_candidate_not_official_v0.1.2,matched,4,ADNI2;ADNI3;ADNI4;ADNIGO,Forest || Word 18,N,0=No; 1=Yes || 0=No;1=Yes || 1=Yes; 0=No,,Redacted,ADAS Item Level and Sub Scores Redacted,2,3,True,binary,train_binary_mapping+median_impute+missing_indicator,cognitive_item_or_measure,confirmed,dictionary_consistent_with_candidate_schema,dictionary_status_redacted|definition_varies_by_phase|code_dictionary_varies_by_phase,False,4,2,5,True,0,True,10,0,0,0,2,2579,544,0,0,True,1,0,2,False,0.1.0,False,manual_review_unassessable_phase_domain,one_or_more_observed_phases_have_no_parseable_dictionary_domain,phase_dictionary_missing_for_observed_phase,True,observed_values_unassessable_in_one_or_more_phases,consistent,consistent,8671,1836,True,binary,train_binary_mapping+median_impute+missing_indicator,cognitive_item_or_measure,approved,binary_item_with_missing_phase_CODE_but_stable_documented_semantics+training_values_pass_type_domain_check,binary_zero_one_identity,False,False,8671.0,1836.0,0,0,0,0,True,True,True,0.1.2,True,2|10|30|50|100,1416,True,True,True,True,True,1.0.0,True,benchmark04e_freeze_feature_schema,acfd34080ed60c0a6f59,True,binary,train_binary_mapping+median_impute+missing_indicator,cognitive_item_or_measure,binary_zero_one_identity,50,distinct_fit_participants_with_observed_original_feature,recomputed_per_scenario_and_per_temporal_block_on_fit_data,False,True,True,remove_if_support_lt_50_or_all_missing_or_effectively_constant_in_fit,True,retained_at_50_in_snapshot_all_train_reference,Semantically authorized. Apply the frozen support rule independently within each scenario and temporal block using fit participants only.
ADAS,visit,73,Q8WORD18R,ADAS__Q8WORD18R,True,binary,train_binary_mapping+median_impute+missing_indicator,cognitive_item_or_measure,cognitive_instrument_semantic_rule,automatic_proposal,,current_and_previous_blocks_evaluated_independently,50,distinct_fit_participants_with_observed_original_feature,recomputed_per_scenario_and_per_temporal_block_on_fit_data,remove_if_support_lt_50_or_all_missing_or_effectively_constant_in_fit,27,False,0.0040256448486655,1,False,True,False,binary_numeric_candidate,binary_or_one_hot_review,numeric_looking_code_requires_semantic_review|train_missingness_at_least_99_percent|low_train_participant_support_review|snapshot_train_observed_value_constant_missingness_may_vary,True,binary,train_binary_mapping+median_impute+missing_indicator,cognitive_item_or_measure,binary_item_with_missing_phase_CODE_but_stable_documented_semantics+training_values_pass_type_domain_check,semantic_support_candidate_not_official_v0.1.2,matched,4,ADNI2;ADNI3;ADNI4;ADNIGO,<!--Reminder given?--> || Reminder given? [Word 18],T,1=Check here if reminder given,,Redacted,ADAS Item Level and Sub Scores Redacted,2,1,True,binary,train_binary_mapping+median_impute+missing_indicator,cognitive_item_or_measure,confirmed,dictionary_consistent_with_candidate_schema,dictionary_status_redacted|definition_varies_by_phase,False,4,1,4,True,0,True,4,0,0,0,1,25,22,0,0,True,1,0,2,False,0.1.0,False,manual_review_unassessable_phase_domain,one_or_more_observed_phases_have_no_parseable_dictionary_domain,phase_dictionary_missing_for_observed_phase,True,observed_values_unassessable_in_one_or_more_phases,consistent,consistent,63,59,True,binary,train_binary_mapping+median_impute+missing_indicator,cognitive_item_or_measure,approved,binary_item_with_missing_phase_CODE_but_stable_documented_semantics+training_values_pass_type_domain_check,binary_zero_one_identity,False,False,63.0,59.0,0,0,0,0,True,True,True,0.1.2,True,2|10|30|50|100,27,True,True,False,False,False,1.0.0,True,benchmark04e_freeze_feature_schema,acfd34080ed60c0a6f59,True,binary,train_binary_mapping+median_impute+missing_indicator,cognitive_item_or_measure,binary_zero_one_identity,50,distinct_fit_participants_with_observed_original_feature,recomputed_per_scenario_and_per_temporal_block_on_fit_data,False,True,True,remove_if_support_lt_50_or_all_missing_or_effectively_constant_in_fit,False,semantically_authorized_but_below_50_in_snapshot_all_train_reference,Semantically authorized. Apply the frozen support rule independently within each scenario and temporal block using fit participants only.
ADAS,visit,74,Q8WORD19,ADAS__Q8WORD19,True,binary,train_binary_mapping+median_impute+missing_indicator,cognitive_item_or_measure,cognitive_instrument_semantic_rule,automatic_proposal,,current_and_previous_blocks_evaluated_independently,50,distinct_fit_participants_with_observed_original_feature,recomputed_per_scenario_and_per_temporal_block_on_fit_data,remove_if_support_lt_50_or_all_missing_or_effectively_constant_in_fit,1416,True,0.6403757268525421,2,False,False,False,binary_numeric_candidate,binary_or_one_hot_review,numeric_looking_code_requires_semantic_review,True,binary,train_binary_mapping+median_impute+missing_indicator,cognitive_item_or_measure,binary_item_with_missing_phase_CODE_but_stable_documented_semantics+training_values_pass_type_domain_check,semantic_support_candidate_not_official_v0.1.2,matched,4,ADNI2;ADNI3;ADNI4;ADNIGO,Anchor || Word 19,N,0=No; 1=Yes || 0=No;1=Yes || 1=Yes; 0=No,,Redacted,ADAS Item Level and Sub Scores Redacted,2,3,True,binary,train_binary_mapping+median_impute+missing_indicator,cognitive_item_or_measure,confirmed,dictionary_consistent_with_candidate_schema,dictionary_status_redacted|definition_varies_by_phase|code_dictionary_varies_by_phase,False,4,2,5,True,0,True,10,0,0,0,2,2578,544,0,0,True,1,0,2,False,0.1.0,False,manual_review_unassessable_phase_domain,one_or_more_observed_phases_have_no_parseable_dictionary_domain,phase_dictionary_missing_for_observed_phase,True,observed_values_unassessable_in_one_or_more_phases,consistent,consistent,8670,1836,True,binary,train_binary_mapping+median_impute+missing_indicator,cognitive_item_or_measure,approved,binary_item_with_missing_phase_CODE_but_stable_documented_semantics+training_values_pass_type_domain_check,binary_zero_one_identity,False,False,8670.0,1836.0,0,0,0,0,True,True,True,0.1.2,True,2|10|30|50|100,1416,True,True,True,True,True,1.0.0,True,benchmark04e_freeze_feature_schema,acfd34080ed60c0a6f59,True,binary,train_binary_mapping+median_impute+missing_indicator,cognitive_item_or_measure,binary_zero_one_identity,50,distinct_fit_participants_with_observed_original_feature,recomputed_per_scenario_and_per_temporal_block_on_fit_data,False,True,True,remove_if_support_lt_50_or_all_missing_or_effectively_constant_in_fit,True,retained_at_50_in_snapshot_all_train_reference,Semantically authorized. Apply the frozen support rule independently within each scenario and temporal block using fit participants only.
ADAS,visit,75,Q8WORD19R,ADAS__Q8WORD19R,True,binary,train_binary_mapping+median_impute+missing_indicator,cognitive_item_or_measure,cognitive_instrument_semantic_rule,automatic_proposal,,current_and_previous_blocks_evaluated_independently,50,distinct_fit_participants_with_observed_original_feature,recomputed_per_scenario_and_per_temporal_block_on_fit_data,remove_if_support_lt_50_or_all_missing_or_effectively_constant_in_fit,32,False,0.0049202325928134,1,False,True,False,binary_numeric_candidate,binary_or_one_hot_review,numeric_looking_code_requires_semantic_review|train_missingness_at_least_99_percent|snapshot_train_observed_value_constant_missingness_may_vary,True,binary,train_binary_mapping+median_impute+missing_indicator,cognitive_item_or_measure,binary_item_with_missing_phase_CODE_but_stable_documented_semantics+training_values_pass_type_domain_check,semantic_support_candidate_not_official_v0.1.2,matched,4,ADNI2;ADNI3;ADNI4;ADNIGO,<!--Reminder given?--> || Reminder given? [Word 19],T,1=Check here if reminder given,,Redacted,ADAS Item Level and Sub Scores Redacted,2,1,True,binary,train_binary_mapping+median_impute+missing_indicator,cognitive_item_or_measure,confirmed,dictionary_consistent_with_candidate_schema,dictionary_status_redacted|definition_varies_by_phase,False,4,1,4,True,0,True,4,0,0,0,1,31,27,0,0,True,1,0,2,False,0.1.0,False,manual_review_unassessable_phase_domain,one_or_more_observed_phases_have_no_parseable_dictionary_domain,phase_dictionary_missing_for_observed_phase,True,observed_values_unassessable_in_one_or_more_phases,consistent,consistent,73,65,True,binary,train_binary_mapping+median_impute+missing_indicator,cognitive_item_or_measure,approved,binary_item_with_missing_phase_CODE_but_stable_documented_semantics+training_values_pass_type_domain_check,binary_zero_one_identity,False,False,73.0,65.0,0,0,0,0,True,True,True,0.1.2,True,2|10|30|50|100,32,True,True,True,False,False,1.0.0,True,benchmark04e_freeze_feature_schema,acfd34080ed60c0a6f59,True,binary,train_binary_mapping+median_impute+missing_indicator,cognitive_item_or_measure,binary_zero_one_identity,50,distinct_fit_participants_with_observed_original_feature,recomputed_per_scenario_and_per_temporal_block_on_fit_data,False,True,True,remove_if_support_lt_50_or_all_missing_or_effectively_constant_in_fit,False,semantically_authorized_but_below_50_in_snapshot_all_train_reference,Semantically authorized. Apply the frozen support rule independently within each scenario and temporal block using fit participants only.
ADAS,visit,76,Q8WORD20,ADAS__Q8WORD20,True,binary,train_binary_mapping+median_impute+missing_indicator,cognitive_item_or_measure,cognitive_instrument_semantic_rule,automatic_proposal,,current_and_previous_blocks_evaluated_independently,50,distinct_fit_participants_with_observed_original_feature,recomputed_per_scenario_and_per_temporal_block_on_fit_data,remove_if_support_lt_50_or_all_missing_or_effectively_constant_in_fit,1416,True,0.6403757268525421,2,False,False,False,binary_numeric_candidate,binary_or_one_hot_review,numeric_looking_code_requires_semantic_review,True,binary,train_binary_mapping+median_impute+missing_indicator,cognitive_item_or_measure,binary_item_with_missing_phase_CODE_but_stable_documented_semantics+training_values_pass_type_domain_check,semantic_support_candidate_not_official_v0.1.2,matched,4,ADNI2;ADNI3;ADNI4;ADNIGO,Gem || Word 20,N,0=No; 1=Yes || 0=No;1=Yes || 1=Yes; 0=No,,Redacted,ADAS Item Level and Sub Scores Redacted,2,3,True,binary,train_binary_mapping+median_impute+missing_indicator,cognitive_item_or_measure,confirmed,dictionary_consistent_with_candidate_schema,dictionary_status_redacted|definition_varies_by_phase|code_dictionary_varies_by_phase,False,4,2,5,True,0,True,10,0,0,0,2,2578,544,0,0,True,1,0,2,False,0.1.0,False,manual_review_unassessable_phase_domain,one_or_more_observed_phases_have_no_parseable_dictionary_domain,phase_dictionary_missing_for_observed_phase,True,observed_values_unassessable_in_one_or_more_phases,consistent,consistent,8670,1836,True,binary,train_binary_mapping+median_impute+missing_indicator,cognitive_item_or_measure,approved,binary_item_with_missing_phase_CODE_but_stable_documented_semantics+training_values_pass_type_domain_check,binary_zero_one_identity,False,False,8670.0,1836.0,0,0,0,0,True,True,True,0.1.2,True,2|10|30|50|100,1416,True,True,True,True,True,1.0.0,True,benchmark04e_freeze_feature_schema,acfd34080ed60c0a6f59,True,binary,train_binary_mapping+median_impute+missing_indicator,cognitive_item_or_measure,binary_zero_one_identity,50,distinct_fit_participants_with_observed_original_feature,recomputed_per_scenario_and_per_temporal_block_on_fit_data,False,True,True,remove_if_support_lt_50_or_all_missing_or_effectively_constant_in_fit,True,retained_at_50_in_snapshot_all_train_reference,Semantically authorized. Apply the frozen support rule independently within each scenario and temporal block using fit participants only.
ADAS,visit,77,Q8WORD20R,ADAS__Q8WORD20R,True,binary,train_binary_mapping+median_impute+missing_indicator,cognitive_item_or_measure,cognitive_instrument_semantic_rule,automatic_proposal,,current_and_previous_blocks_evaluated_independently,50,distinct_fit_participants_with_observed_original_feature,recomputed_per_scenario_and_per_temporal_block_on_fit_data,remove_if_support_lt_50_or_all_missing_or_effectively_constant_in_fit,21,False,0.0031310571045176,1,False,True,False,binary_numeric_candidate,binary_or_one_hot_review,numeric_looking_code_requires_semantic_review|train_missingness_at_least_99_percent|low_train_participant_support_review|snapshot_train_observed_value_constant_missingness_may_vary,True,binary,train_binary_mapping+median_impute+missing_indicator,cognitive_item_or_measure,binary_item_with_missing_phase_CODE_but_stable_documented_semantics+training_values_pass_type_domain_check,semantic_support_candidate_not_official_v0.1.2,matched,4,ADNI2;ADNI3;ADNI4;ADNIGO,<!--Reminder given?--> || Reminder given? [Word 20],T,1=Check here if reminder given,,Redacted,ADAS Item Level and Sub Scores Redacted,2,1,True,binary,train_binary_mapping+median_impute+missing_indicator,cognitive_item_or_measure,confirmed,dictionary_consistent_with_candidate_schema,dictionary_status_redacted|definition_varies_by_phase,False,4,1,5,True,0,True,5,0,0,0,1,22,19,0,0,True,1,0,2,False,0.1.0,False,manual_review_unassessable_phase_domain,one_or_more_observed_phases_have_no_parseable_dictionary_domain,phase_dictionary_missing_for_observed_phase,True,observed_values_unassessable_in_one_or_more_phases,consistent,consistent,57,53,True,binary,train_binary_mapping+median_impute+missing_indicator,cognitive_item_or_measure,approved,binary_item_with_missing_phase_CODE_but_stable_documented_semantics+training_values_pass_type_domain_check,binary_zero_one_identity,False,False,57.0,53.0,0,0,0,0,True,True,True,0.1.2,True,2|10|30|50|100,21,True,True,False,False,False,1.0.0,True,benchmark04e_freeze_feature_schema,acfd34080ed60c0a6f59,True,binary,train_binary_mapping+median_impute+missing_indicator,cognitive_item_or_measure,binary_zero_one_identity,50,distinct_fit_participants_with_observed_original_feature,recomputed_per_scenario_and_per_temporal_block_on_fit_data,False,True,True,remove_if_support_lt_50_or_all_missing_or_effectively_constant_in_fit,False,semantically_authorized_but_below_50_in_snapshot_all_train_reference,Semantically authorized. Apply the frozen support rule independently within each scenario and temporal block using fit participants only.
ADAS,visit,78,Q8WORD21,ADAS__Q8WORD21,True,binary,train_binary_mapping+median_impute+missing_indicator,cognitive_item_or_measure,cognitive_instrument_semantic_rule,automatic_proposal,,current_and_previous_blocks_evaluated_independently,50,distinct_fit_participants_with_observed_original_feature,recomputed_per_scenario_and_per_temporal_block_on_fit_data,remove_if_support_lt_50_or_all_missing_or_effectively_constant_in_fit,1416,True,0.6403757268525421,2,False,False,False,binary_numeric_candidate,binary_or_one_hot_review,numeric_looking_code_requires_semantic_review,True,binary,train_binary_mapping+median_impute+missing_indicator,cognitive_item_or_measure,binary_item_with_missing_phase_CODE_but_stable_documented_semantics+training_values_pass_type_domain_check,semantic_support_candidate_not_official_v0.1.2,matched,4,ADNI2;ADNI3;ADNI4;ADNIGO,Cat || Word 21,N,0=No; 1=Yes || 0=No;1=Yes || 1=Yes; 0=No,,Redacted,ADAS Item Level and Sub Scores Redacted,2,3,True,binary,train_binary_mapping+median_impute+missing_indicator,cognitive_item_or_measure,confirmed,dictionary_consistent_with_candidate_schema,dictionary_status_redacted|definition_varies_by_phase|code_dictionary_varies_by_phase,False,4,2,5,True,0,True,10,0,0,0,2,2579,544,0,0,True,1,0,2,False,0.1.0,False,manual_review_unassessable_phase_domain,one_or_more_observed_phases_have_no_parseable_dictionary_domain,phase_dictionary_missing_for_observed_phase,True,observed_values_unassessable_in_one_or_more_phases,consistent,consistent,8671,1836,True,binary,train_binary_mapping+median_impute+missing_indicator,cognitive_item_or_measure,approved,binary_item_with_missing_phase_CODE_but_stable_documented_semantics+training_values_pass_type_domain_check,binary_zero_one_identity,False,False,8671.0,1836.0,0,0,0,0,True,True,True,0.1.2,True,2|10|30|50|100,1416,True,True,True,True,True,1.0.0,True,benchmark04e_freeze_feature_schema,acfd34080ed60c0a6f59,True,binary,train_binary_mapping+median_impute+missing_indicator,cognitive_item_or_measure,binary_zero_one_identity,50,distinct_fit_participants_with_observed_original_feature,recomputed_per_scenario_and_per_temporal_block_on_fit_data,False,True,True,remove_if_support_lt_50_or_all_missing_or_effectively_constant_in_fit,True,retained_at_50_in_snapshot_all_train_reference,Semantically authorized. Apply the frozen support rule independently within each scenario and temporal block using fit participants only.
ADAS,visit,79,Q8WORD21R,ADAS__Q8WORD21R,True,binary,train_binary_mapping+median_impute+missing_indicator,cognitive_item_or_measure,cognitive_instrument_semantic_rule,automatic_proposal,,current_and_previous_blocks_evaluated_independently,50,distinct_fit_participants_with_observed_original_feature,recomputed_per_scenario_and_per_temporal_block_on_fit_data,remove_if_support_lt_50_or_all_missing_or_effectively_constant_in_fit,21,False,0.0031310571045176,1,False,True,False,binary_numeric_candidate,binary_or_one_hot_review,numeric_looking_code_requires_semantic_review|train_missingness_at_least_99_percent|low_train_participant_support_review|snapshot_train_observed_value_constant_missingness_may_vary,True,binary,train_binary_mapping+median_impute+missing_indicator,cognitive_item_or_measure,binary_item_with_missing_phase_CODE_but_stable_documented_semantics+training_values_pass_type_domain_check,semantic_support_candidate_not_official_v0.1.2,matched,4,ADNI2;ADNI3;ADNI4;ADNIGO,<!--Reminder given?--> || Reminder given? [Word 21],T,1=Check here if reminder given,,Redacted,ADAS Item Level and Sub Scores Redacted,2,1,True,binary,train_binary_mapping+median_impute+missing_indicator,cognitive_item_or_measure,confirmed,dictionary_consistent_with_candidate_schema,dictionary_status_redacted|definition_varies_by_phase,False,4,1,5,True,0,True,5,0,0,0,1,26,24,0,0,True,1,0,2,False,0.1.0,False,manual_review_unassessable_phase_domain,one_or_more_observed_phases_have_no_parseable_dictionary_domain,phase_dictionary_missing_for_observed_phase,True,observed_values_unassessable_in_one_or_more_phases,consistent,consistent,61,56,True,binary,train_binary_mapping+median_impute+missing_indicator,cognitive_item_or_measure,approved,binary_item_with_missing_phase_CODE_but_stable_documented_semantics+training_values_pass_type_domain_check,binary_zero_one_identity,False,False,61.0,56.0,0,0,0,0,True,True,True,0.1.2,True,2|10|30|50|100,21,True,True,False,False,False,1.0.0,True,benchmark04e_freeze_feature_schema,acfd34080ed60c0a6f59,True,binary,train_binary_mapping+median_impute+missing_indicator,cognitive_item_or_measure,binary_zero_one_identity,50,distinct_fit_participants_with_observed_original_feature,recomputed_per_scenario_and_per_temporal_block_on_fit_data,False,True,True,remove_if_support_lt_50_or_all_missing_or_effectively_constant_in_fit,False,semantically_authorized_but_below_50_in_snapshot_all_train_reference,Semantically authorized. Apply the frozen support rule independently within each scenario and temporal block using fit participants only.
ADAS,visit,80,Q8WORD22,ADAS__Q8WORD22,True,binary,train_binary_mapping+median_impute+missing_indicator,cognitive_item_or_measure,cognitive_instrument_semantic_rule,automatic_proposal,,current_and_previous_blocks_evaluated_independently,50,distinct_fit_participants_with_observed_original_feature,recomputed_per_scenario_and_per_temporal_block_on_fit_data,remove_if_support_lt_50_or_all_missing_or_effectively_constant_in_fit,1416,True,0.6403757268525421,2,False,False,False,binary_numeric_candidate,binary_or_one_hot_review,numeric_looking_code_requires_semantic_review,True,binary,train_binary_mapping+median_impute+missing_indicator,cognitive_item_or_measure,binary_item_with_missing_phase_CODE_but_stable_documented_semantics+training_values_pass_type_domain_check,semantic_support_candidate_not_official_v0.1.2,matched,4,ADNI2;ADNI3;ADNI4;ADNIGO,Fund || Word 22,N,0=No; 1=Yes || 0=No;1=Yes || 1=Yes; 0=No,,Redacted,ADAS Item Level and Sub Scores Redacted,2,3,True,binary,train_binary_mapping+median_impute+missing_indicator,cognitive_item_or_measure,confirmed,dictionary_consistent_with_candidate_schema,dictionary_status_redacted|definition_varies_by_phase|code_dictionary_varies_by_phase,False,4,2,5,True,0,True,10,0,0,0,2,2579,544,0,0,True,1,0,2,False,0.1.0,False,manual_review_unassessable_phase_domain,one_or_more_observed_phases_have_no_parseable_dictionary_domain,phase_dictionary_missing_for_observed_phase,True,observed_values_unassessable_in_one_or_more_phases,consistent,consistent,8671,1836,True,binary,train_binary_mapping+median_impute+missing_indicator,cognitive_item_or_measure,approved,binary_item_with_missing_phase_CODE_but_stable_documented_semantics+training_values_pass_type_domain_check,binary_zero_one_identity,False,False,8671.0,1836.0,0,0,0,0,True,True,True,0.1.2,True,2|10|30|50|100,1416,True,True,True,True,True,1.0.0,True,benchmark04e_freeze_feature_schema,acfd34080ed60c0a6f59,True,binary,train_binary_mapping+median_impute+missing_indicator,cognitive_item_or_measure,binary_zero_one_identity,50,distinct_fit_participants_with_observed_original_feature,recomputed_per_scenario_and_per_temporal_block_on_fit_data,False,True,True,remove_if_support_lt_50_or_all_missing_or_effectively_constant_in_fit,True,retained_at_50_in_snapshot_all_train_reference,Semantically authorized. Apply the frozen support rule independently within each scenario and temporal block using fit participants only.
ADAS,visit,81,Q8WORD22R,ADAS__Q8WORD22R,True,binary,train_binary_mapping+median_impute+missing_indicator,cognitive_item_or_measure,cognitive_instrument_semantic_rule,automatic_proposal,,current_and_previous_blocks_evaluated_independently,50,distinct_fit_participants_with_observed_original_feature,recomputed_per_scenario_and_per_temporal_block_on_fit_data,remove_if_support_lt_50_or_all_missing_or_effectively_constant_in_fit,19,False,0.0028328611898017,1,False,True,False,binary_numeric_candidate,binary_or_one_hot_review,numeric_looking_code_requires_semantic_review|train_missingness_at_least_99_percent|low_train_participant_support_review|snapshot_train_observed_value_constant_missingness_may_vary,True,binary,train_binary_mapping+median_impute+missing_indicator,cognitive_item_or_measure,binary_item_with_missing_phase_CODE_but_stable_documented_semantics+training_values_pass_type_domain_check,semantic_support_candidate_not_official_v0.1.2,matched,4,ADNI2;ADNI3;ADNI4;ADNIGO,<!--Reminder given?--> || Reminder given? [Word 22],T,1=Check here if reminder given,,Redacted,ADAS Item Level and Sub Scores Redacted,2,1,True,binary,train_binary_mapping+median_impute+missing_indicator,cognitive_item_or_measure,confirmed,dictionary_consistent_with_candidate_schema,dictionary_status_redacted|definition_varies_by_phase,False,4,1,4,True,0,True,4,0,0,0,1,23,19,0,0,True,1,0,2,False,0.1.0,False,manual_review_unassessable_phase_domain,one_or_more_observed_phases_have_no_parseable_dictionary_domain,phase_dictionary_missing_for_observed_phase,True,observed_values_unassessable_in_one_or_more_phases,consistent,consistent,51,43,True,binary,train_binary_mapping+median_impute+missing_indicator,cognitive_item_or_measure,approved,binary_item_with_missing_phase_CODE_but_stable_documented_semantics+training_values_pass_type_domain_check,binary_zero_one_identity,False,False,51.0,43.0,0,0,0,0,True,True,True,0.1.2,True,2|10|30|50|100,19,True,True,False,False,False,1.0.0,True,benchmark04e_freeze_feature_schema,acfd34080ed60c0a6f59,True,binary,train_binary_mapping+median_impute+missing_indicator,cognitive_item_or_measure,binary_zero_one_identity,50,distinct_fit_participants_with_observed_original_feature,recomputed_per_scenario_and_per_temporal_block_on_fit_data,False,True,True,remove_if_support_lt_50_or_all_missing_or_effectively_constant_in_fit,False,semantically_authorized_but_below_50_in_snapshot_all_train_reference,Semantically authorized. Apply the frozen support rule independently within each scenario and temporal block using fit participants only.
ADAS,visit,82,Q8WORD23,ADAS__Q8WORD23,True,binary,train_binary_mapping+median_impute+missing_indicator,cognitive_item_or_measure,cognitive_instrument_semantic_rule,automatic_proposal,,current_and_previous_blocks_evaluated_independently,50,distinct_fit_participants_with_observed_original_feature,recomputed_per_scenario_and_per_temporal_block_on_fit_data,remove_if_support_lt_50_or_all_missing_or_effectively_constant_in_fit,1416,True,0.6403757268525421,2,False,False,False,binary_numeric_candidate,binary_or_one_hot_review,numeric_looking_code_requires_semantic_review,True,binary,train_binary_mapping+median_impute+missing_indicator,cognitive_item_or_measure,binary_item_with_missing_phase_CODE_but_stable_documented_semantics+training_values_pass_type_domain_check,semantic_support_candidate_not_official_v0.1.2,matched,4,ADNI2;ADNI3;ADNI4;ADNIGO,Edge || Word 23,N,0=No; 1=Yes || 0=No;1=Yes || 1=Yes; 0=No,,Redacted,ADAS Item Level and Sub Scores Redacted,2,3,True,binary,train_binary_mapping+median_impute+missing_indicator,cognitive_item_or_measure,confirmed,dictionary_consistent_with_candidate_schema,dictionary_status_redacted|definition_varies_by_phase|code_dictionary_varies_by_phase,False,4,2,5,True,0,True,10,0,0,0,2,2579,544,0,0,True,1,0,2,False,0.1.0,False,manual_review_unassessable_phase_domain,one_or_more_observed_phases_have_no_parseable_dictionary_domain,phase_dictionary_missing_for_observed_phase,True,observed_values_unassessable_in_one_or_more_phases,consistent,consistent,8671,1836,True,binary,train_binary_mapping+median_impute+missing_indicator,cognitive_item_or_measure,approved,binary_item_with_missing_phase_CODE_but_stable_documented_semantics+training_values_pass_type_domain_check,binary_zero_one_identity,False,False,8671.0,1836.0,0,0,0,0,True,True,True,0.1.2,True,2|10|30|50|100,1416,True,True,True,True,True,1.0.0,True,benchmark04e_freeze_feature_schema,acfd34080ed60c0a6f59,True,binary,train_binary_mapping+median_impute+missing_indicator,cognitive_item_or_measure,binary_zero_one_identity,50,distinct_fit_participants_with_observed_original_feature,recomputed_per_scenario_and_per_temporal_block_on_fit_data,False,True,True,remove_if_support_lt_50_or_all_missing_or_effectively_constant_in_fit,True,retained_at_50_in_snapshot_all_train_reference,Semantically authorized. Apply the frozen support rule independently within each scenario and temporal block using fit participants only.
ADAS,visit,83,Q8WORD23R,ADAS__Q8WORD23R,True,binary,train_binary_mapping+median_impute+missing_indicator,cognitive_item_or_measure,cognitive_instrument_semantic_rule,automatic_proposal,,current_and_previous_blocks_evaluated_independently,50,distinct_fit_participants_with_observed_original_feature,recomputed_per_scenario_and_per_temporal_block_on_fit_data,remove_if_support_lt_50_or_all_missing_or_effectively_constant_in_fit,14,False,0.0022364693603697,1,False,True,False,binary_numeric_candidate,binary_or_one_hot_review,numeric_looking_code_requires_semantic_review|train_missingness_at_least_99_percent|low_train_participant_support_review|snapshot_train_observed_value_constant_missingness_may_vary,True,binary,train_binary_mapping+median_impute+missing_indicator,cognitive_item_or_measure,binary_item_with_missing_phase_CODE_but_stable_documented_semantics+training_values_pass_type_domain_check,semantic_support_candidate_not_official_v0.1.2,matched,4,ADNI2;ADNI3;ADNI4;ADNIGO,<!--Reminder given?--> || Reminder given? [Word 23],T,1=Check here if reminder given,,Redacted,ADAS Item Level and Sub Scores Redacted,2,1,True,binary,train_binary_mapping+median_impute+missing_indicator,cognitive_item_or_measure,confirmed,dictionary_consistent_with_candidate_schema,dictionary_status_redacted|definition_varies_by_phase,False,4,1,5,True,0,True,5,0,0,0,1,23,20,0,0,True,1,0,2,False,0.1.0,False,manual_review_unassessable_phase_domain,one_or_more_observed_phases_have_no_parseable_dictionary_domain,phase_dictionary_missing_for_observed_phase,True,observed_values_unassessable_in_one_or_more_phases,consistent,consistent,48,42,True,binary,train_binary_mapping+median_impute+missing_indicator,cognitive_item_or_measure,approved,binary_item_with_missing_phase_CODE_but_stable_documented_semantics+training_values_pass_type_domain_check,binary_zero_one_identity,False,False,48.0,42.0,0,0,0,0,True,True,True,0.1.2,True,2|10|30|50|100,14,True,True,False,False,False,1.0.0,True,benchmark04e_freeze_feature_schema,acfd34080ed60c0a6f59,True,binary,train_binary_mapping+median_impute+missing_indicator,cognitive_item_or_measure,binary_zero_one_identity,50,distinct_fit_participants_with_observed_original_feature,recomputed_per_scenario_and_per_temporal_block_on_fit_data,False,True,True,remove_if_support_lt_50_or_all_missing_or_effectively_constant_in_fit,False,semantically_authorized_but_below_50_in_snapshot_all_train_reference,Semantically authorized. Apply the frozen support rule independently within each scenario and temporal block using fit participants only.
ADAS,visit,84,Q8WORD24,ADAS__Q8WORD24,True,binary,train_binary_mapping+median_impute+missing_indicator,cognitive_item_or_measure,cognitive_instrument_semantic_rule,automatic_proposal,,current_and_previous_blocks_evaluated_independently,50,distinct_fit_participants_with_observed_original_feature,recomputed_per_scenario_and_per_temporal_block_on_fit_data,remove_if_support_lt_50_or_all_missing_or_effectively_constant_in_fit,1416,True,0.6403757268525421,2,False,False,False,binary_numeric_candidate,binary_or_one_hot_review,numeric_looking_code_requires_semantic_review,True,binary,train_binary_mapping+median_impute+missing_indicator,cognitive_item_or_measure,binary_item_with_missing_phase_CODE_but_stable_documented_semantics+training_values_pass_type_domain_check,semantic_support_candidate_not_official_v0.1.2,matched,4,ADNI2;ADNI3;ADNI4;ADNIGO,Cake || Word 24,N,0=No; 1=Yes || 0=No;1=Yes || 1=Yes; 0=No,,Redacted,ADAS Item Level and Sub Scores Redacted,2,3,True,binary,train_binary_mapping+median_impute+missing_indicator,cognitive_item_or_measure,confirmed,dictionary_consistent_with_candidate_schema,dictionary_status_redacted|definition_varies_by_phase|code_dictionary_varies_by_phase,False,4,2,5,True,0,True,10,0,0,0,2,2578,544,0,0,True,1,0,2,False,0.1.0,False,manual_review_unassessable_phase_domain,one_or_more_observed_phases_have_no_parseable_dictionary_domain,phase_dictionary_missing_for_observed_phase,True,observed_values_unassessable_in_one_or_more_phases,consistent,consistent,8670,1836,True,binary,train_binary_mapping+median_impute+missing_indicator,cognitive_item_or_measure,approved,binary_item_with_missing_phase_CODE_but_stable_documented_semantics+training_values_pass_type_domain_check,binary_zero_one_identity,False,False,8670.0,1836.0,0,0,0,0,True,True,True,0.1.2,True,2|10|30|50|100,1416,True,True,True,True,True,1.0.0,True,benchmark04e_freeze_feature_schema,acfd34080ed60c0a6f59,True,binary,train_binary_mapping+median_impute+missing_indicator,cognitive_item_or_measure,binary_zero_one_identity,50,distinct_fit_participants_with_observed_original_feature,recomputed_per_scenario_and_per_temporal_block_on_fit_data,False,True,True,remove_if_support_lt_50_or_all_missing_or_effectively_constant_in_fit,True,retained_at_50_in_snapshot_all_train_reference,Semantically authorized. Apply the frozen support rule independently within each scenario and temporal block using fit participants only.
ADAS,visit,85,Q8WORD24R,ADAS__Q8WORD24R,True,binary,train_binary_mapping+median_impute+missing_indicator,cognitive_item_or_measure,cognitive_instrument_semantic_rule,automatic_proposal,,current_and_previous_blocks_evaluated_independently,50,distinct_fit_participants_with_observed_original_feature,recomputed_per_scenario_and_per_temporal_block_on_fit_data,remove_if_support_lt_50_or_all_missing_or_effectively_constant_in_fit,14,False,0.0020873714030117,1,False,True,False,binary_numeric_candidate,binary_or_one_hot_review,numeric_looking_code_requires_semantic_review|train_missingness_at_least_99_percent|low_train_participant_support_review|snapshot_train_observed_value_constant_missingness_may_vary,True,binary,train_binary_mapping+median_impute+missing_indicator,cognitive_item_or_measure,binary_item_with_missing_phase_CODE_but_stable_documented_semantics+training_values_pass_type_domain_check,semantic_support_candidate_not_official_v0.1.2,matched,4,ADNI2;ADNI3;ADNI4;ADNIGO,<!--Reminder given?--> || Reminder given? [Word 24],T,1=Check here if reminder given,,Redacted,ADAS Item Level and Sub Scores Redacted,2,1,True,binary,train_binary_mapping+median_impute+missing_indicator,cognitive_item_or_measure,confirmed,dictionary_consistent_with_candidate_schema,dictionary_status_redacted|definition_varies_by_phase,False,4,1,4,True,0,True,4,0,0,0,1,18,16,0,0,True,1,0,2,False,0.1.0,False,manual_review_unassessable_phase_domain,one_or_more_observed_phases_have_no_parseable_dictionary_domain,phase_dictionary_missing_for_observed_phase,True,observed_values_unassessable_in_one_or_more_phases,consistent,consistent,41,36,True,binary,train_binary_mapping+median_impute+missing_indicator,cognitive_item_or_measure,approved,binary_item_with_missing_phase_CODE_but_stable_documented_semantics+training_values_pass_type_domain_check,binary_zero_one_identity,False,False,41.0,36.0,0,0,0,0,True,True,True,0.1.2,True,2|10|30|50|100,14,True,True,False,False,False,1.0.0,True,benchmark04e_freeze_feature_schema,acfd34080ed60c0a6f59,True,binary,train_binary_mapping+median_impute+missing_indicator,cognitive_item_or_measure,binary_zero_one_identity,50,distinct_fit_participants_with_observed_original_feature,recomputed_per_scenario_and_per_temporal_block_on_fit_data,False,True,True,remove_if_support_lt_50_or_all_missing_or_effectively_constant_in_fit,False,semantically_authorized_but_below_50_in_snapshot_all_train_reference,Semantically authorized. Apply the frozen support rule independently within each scenario and temporal block using fit participants only.
ADAS,visit,86,Q8UNABLE,ADAS__Q8UNABLE,True,numeric,median_impute+missing_indicator+standardize,cognitive_item_or_measure,cognitive_instrument_semantic_rule,automatic_proposal,,current_and_previous_blocks_evaluated_independently,50,distinct_fit_participants_with_observed_original_feature,recomputed_per_scenario_and_per_temporal_block_on_fit_data,remove_if_support_lt_50_or_all_missing_or_effectively_constant_in_fit,602,True,0.178768450872223,4,False,False,False,categorical_numeric_code_candidate,one_hot_or_numeric_review,numeric_looking_code_requires_semantic_review,True,categorical,explicit_missing_category+one_hot_ignore_unknown,assessment_noncompletion_reason,documented_controlled_category_or_measurement_context_with_train_learned_domain,semantic_support_candidate_not_official_v0.1.2,matched,4,ADNI2;ADNI3;ADNI4;ADNIGO,8. Word Recognition || Task 8. Word Recognition,N,0=Conducted; 1=Not done (for reasons other than physical/cognitive); 2=Participant refused; 4=Participant unable for cognitive reasons || 0=Conducted;1=Not done (for reasons other than physical/cognitive);2=Participant refused;4=Participant unable for cognitive reasons || 1=Not done (for reasons other than physical/cognitive); 2=Participant refused; 4=Participant unable for cognitive reasons,,Redacted,ADAS Item Level and Sub Scores Redacted,2,3,True,categorical,explicit_missing_category+one_hot_ignore_unknown,assessment_noncompletion_reason,corrected_type,dictionary_codes_are_reasons_for_noncompletion_not_numeric_measurements,dictionary_status_redacted|definition_varies_by_phase|code_dictionary_varies_by_phase,True,4,4,5,True,0,True,16,0,0,0,3,20,19,0,0,True,1,0,2,False,0.1.0,False,manual_review_unassessable_phase_domain,one_or_more_observed_phases_have_no_parseable_dictionary_domain,phase_dictionary_missing_for_observed_phase,True,observed_values_unassessable_in_one_or_more_phases,consistent,consistent,2662,990,True,categorical,explicit_missing_category+one_hot_ignore_unknown,assessment_noncompletion_reason,approved,documented_controlled_category_or_measurement_context_with_train_learned_domain,categorical_identity,False,False,,,0,0,0,0,True,True,True,0.1.2,True,2|10|30|50|100,602,True,True,True,True,True,1.0.0,True,benchmark04e_freeze_feature_schema,acfd34080ed60c0a6f59,True,categorical,explicit_missing_category+one_hot_ignore_unknown,assessment_noncompletion_reason,categorical_identity,50,distinct_fit_participants_with_observed_original_feature,recomputed_per_scenario_and_per_temporal_block_on_fit_data,False,True,True,remove_if_support_lt_50_or_all_missing_or_effectively_constant_in_fit,True,retained_at_50_in_snapshot_all_train_reference,Semantically authorized. Apply the frozen support rule independently within each scenario and temporal block using fit participants only.
ADAS,visit,87,Q9TASK,ADAS__Q9TASK,True,numeric,median_impute+missing_indicator+standardize,cognitive_item_or_measure,cognitive_instrument_semantic_rule,automatic_proposal,,current_and_previous_blocks_evaluated_independently,50,distinct_fit_participants_with_observed_original_feature,recomputed_per_scenario_and_per_temporal_block_on_fit_data,remove_if_support_lt_50_or_all_missing_or_effectively_constant_in_fit,1416,True,0.640823020724616,6,False,False,False,categorical_numeric_code_candidate,one_hot_or_numeric_review,numeric_looking_code_requires_semantic_review,True,numeric,median_impute+missing_indicator+standardize,official_ordinal_task_score,stable_official_0_to_5_severity_score_across_phases,semantic_support_candidate_not_official_v0.1.2,matched,4,ADNI2;ADNI3;ADNI4;ADNIGO,9. Remembering Test Instructions (this item is calculated based on responses recorded in Item 8.) || Task 9. Remembering Test Instructions (score this item based on responses recorded in Item 8.),N,0=None (0); 1=Very mild: forgets once (1); 2=Mild: must be reminded two times (2); 3=Moderate: must be reminded 3-4 times; 4=Moderately severe: must be reminded 5-6 times; 5=Severe: must be reminded 7 or more times. || 0=None: participant never needs extra reminders of instructions; 1=Very mild: forgets once; 2=Mild: must be reminded two times; 3=Moderate: must be reminded 3-4 times; 4=Moderately severe: must be reminded 5-6 times; 5=Severe: must be reminded 7 or more times. || 0=None: participant never needs extra reminders of instructions;1=Very mild: forgets once;2=Mild: must be reminded two times;3=Moderate: must be reminded 3-4 times;4=Moderately severe: must be reminded 5-6 times;5=Severe: must be reminded 7 or more times.,,Redacted,ADAS Item Level and Sub Scores Redacted,2,3,True,numeric,median_impute+missing_indicator+standardize,cognitive_item_or_measure,confirmed,dictionary_consistent_with_candidate_schema,dictionary_status_redacted|definition_varies_by_phase|code_dictionary_varies_by_phase,False,4,6,5,True,0,True,28,0,0,0,6,2577,544,1,0,True,1,0,2,False,0.1.0,False,manual_review_unassessable_phase_domain,one_or_more_observed_phases_have_no_parseable_dictionary_domain,phase_semantic_conflict,True,observed_values_unassessable_in_one_or_more_phases,consistent,consistent,8679,1836,True,numeric,median_impute+missing_indicator+standardize,official_ordinal_task_score,approved,stable_official_0_to_5_severity_score_across_phases,numeric_identity,False,False,8679.0,1836.0,0,0,0,0,True,True,True,0.1.2,True,2|10|30|50|100,1416,True,True,True,True,True,1.0.0,True,benchmark04e_freeze_feature_schema,acfd34080ed60c0a6f59,True,numeric,median_impute+missing_indicator+standardize,official_ordinal_task_score,numeric_identity,50,distinct_fit_participants_with_observed_original_feature,recomputed_per_scenario_and_per_temporal_block_on_fit_data,False,True,True,remove_if_support_lt_50_or_all_missing_or_effectively_constant_in_fit,True,retained_at_50_in_snapshot_all_train_reference,Semantically authorized. Apply the frozen support rule independently within each scenario and temporal block using fit participants only.
ADAS,visit,88,Q10TASK,ADAS__Q10TASK,True,numeric,median_impute+missing_indicator+standardize,cognitive_item_or_measure,cognitive_instrument_semantic_rule,automatic_proposal,,current_and_previous_blocks_evaluated_independently,50,distinct_fit_participants_with_observed_original_feature,recomputed_per_scenario_and_per_temporal_block_on_fit_data,remove_if_support_lt_50_or_all_missing_or_effectively_constant_in_fit,1421,True,0.6421649023408379,5,False,False,False,categorical_numeric_code_candidate,one_hot_or_numeric_review,numeric_looking_code_requires_semantic_review,True,numeric,median_impute+missing_indicator+standardize,official_ordinal_task_score,stable_official_0_to_5_severity_score_across_phases,semantic_support_candidate_not_official_v0.1.2,matched,4,ADNI2;ADNI3;ADNI4;ADNIGO,10. Comprehension of Spoken Language,N,"0=None: no evidence of poor comprehension; 1=Very mild: one or two instances of misunderstanding; 2=Mild: 3-5 instances of misunderstanding; 3=Moderate: requires several repetitions and rephrasings; 4=Moderately severe: participant only occasionally responds correctly. i.e., yes-or-no questions; 5=Severe: participant rarely responds to questions appropriately, not due to poverty of speech || 0=None: no evidence of poor comprehension;1=Very mild: one or two instances of misunderstanding;2=Mild: 3-5 instances of misunderstanding;3=Moderate: requires several repetitions and rephrasings;4=Moderately severe: participant only occasionally responds correctly. i.e., yes-or-no questions;5=Severe: participant rarely responds to questions appropriately, not due to poverty of speech || 0=None: participant understands; 1=Very mild: one or two instances of misunderstanding; 2=Mild 3-5 instances of misunderstanding; 3=Moderate: requires several repetitions and rephrasings; 4=Moderately severe: participant only occasionally responds correctly. i.e., yes-or-no questions; 5=Severe: participant rarely responds to questions appropriately, not due to poverty of speech",,Redacted,ADAS Item Level and Sub Scores Redacted,1,3,True,numeric,median_impute+missing_indicator+standardize,cognitive_item_or_measure,confirmed,dictionary_consistent_with_candidate_schema,dictionary_status_redacted|code_dictionary_varies_by_phase,False,4,6,5,True,0,True,26,0,0,0,6,2588,544,1,0,True,1,0,1,False,0.1.0,False,manual_review_unassessable_phase_domain,one_or_more_observed_phases_have_no_parseable_dictionary_domain,phase_semantic_conflict,True,observed_values_unassessable_in_one_or_more_phases,consistent,consistent,8710,1836,True,numeric,median_impute+missing_indicator+standardize,official_ordinal_task_score,approved,stable_official_0_to_5_severity_score_across_phases,numeric_identity,False,False,8710.0,1836.0,0,0,0,0,True,True,True,0.1.2,True,2|10|30|50|100,1421,True,True,True,True,True,1.0.0,True,benchmark04e_freeze_feature_schema,acfd34080ed60c0a6f59,True,numeric,median_impute+missing_indicator+standardize,official_ordinal_task_score,numeric_identity,50,distinct_fit_participants_with_observed_original_feature,recomputed_per_scenario_and_per_temporal_block_on_fit_data,False,True,True,remove_if_support_lt_50_or_all_missing_or_effectively_constant_in_fit,True,retained_at_50_in_snapshot_all_train_reference,Semantically authorized. Apply the frozen support rule independently within each scenario and temporal block using fit participants only.
ADAS,visit,89,Q11TASK,ADAS__Q11TASK,True,numeric,median_impute+missing_indicator+standardize,cognitive_item_or_measure,cognitive_instrument_semantic_rule,automatic_proposal,,current_and_previous_blocks_evaluated_independently,50,distinct_fit_participants_with_observed_original_feature,recomputed_per_scenario_and_per_temporal_block_on_fit_data,remove_if_support_lt_50_or_all_missing_or_effectively_constant_in_fit,1421,True,0.6421649023408379,6,False,False,False,categorical_numeric_code_candidate,one_hot_or_numeric_review,numeric_looking_code_requires_semantic_review,True,numeric,median_impute+missing_indicator+standardize,official_ordinal_task_score,stable_official_0_to_5_severity_score_across_phases,semantic_support_candidate_not_official_v0.1.2,matched,4,ADNI2;ADNI3;ADNI4;ADNIGO,11. Word-finding Difficulty,N,"0=None: no evidence of word finding difficulty in spontaneous speech; 1=Very Mild: one or two instances, not clinically significant; 2=Mild: noticeable circumlocution or synonym substitution; 3=Moderate: loss of words without compensation on occasion; 4=Moderately severe: frequent loss of words without compensation; 5=Severe: nearly total loss of content words, speech sounds empty, one-to-two-word utterances || 0=None: no evidence of word finding difficulty in spontaneous speech;1=Very Mild: one or two instances, not clinically significant;2=Mild: noticeable circumlocution or synonym substitution;3=Moderate: loss of words without compensation on occasion;4=Moderately severe: frequent loss of words without compensation;5=Severe: nearly total loss of content words, speech sounds empty, one-to-two-word utterances || 0=None; 1=Very Mild: one or two instances, not clinically significant; 2=Mild: noticeable circumlocution or synonym substitution; 3=Moderate: loss of words without compensation on occasion; 4=Moderately severe: frequent loss of words without compensation; 5=Severe: nearly total loss of content words, speech sounds empty, one-to-two-word utterances",,Redacted,ADAS Item Level and Sub Scores Redacted,1,3,True,numeric,median_impute+missing_indicator+standardize,cognitive_item_or_measure,confirmed,dictionary_consistent_with_candidate_schema,dictionary_status_redacted|code_dictionary_varies_by_phase,False,4,6,5,True,0,True,27,0,0,0,6,2588,544,1,0,True,1,0,1,False,0.1.0,False,manual_review_unassessable_phase_domain,one_or_more_observed_phases_have_no_parseable_dictionary_domain,phase_semantic_conflict,True,observed_values_unassessable_in_one_or_more_phases,consistent,consistent,8709,1836,True,numeric,median_impute+missing_indicator+standardize,official_ordinal_task_score,approved,stable_official_0_to_5_severity_score_across_phases,numeric_identity,False,False,8709.0,1836.0,0,0,0,0,True,True,True,0.1.2,True,2|10|30|50|100,1421,True,True,True,True,True,1.0.0,True,benchmark04e_freeze_feature_schema,acfd34080ed60c0a6f59,True,numeric,median_impute+missing_indicator+standardize,official_ordinal_task_score,numeric_identity,50,distinct_fit_participants_with_observed_original_feature,recomputed_per_scenario_and_per_temporal_block_on_fit_data,False,True,True,remove_if_support_lt_50_or_all_missing_or_effectively_constant_in_fit,True,retained_at_50_in_snapshot_all_train_reference,Semantically authorized. Apply the frozen support rule independently within each scenario and temporal block using fit participants only.
ADAS,visit,90,Q12TASK,ADAS__Q12TASK,True,numeric,median_impute+missing_indicator+standardize,cognitive_item_or_measure,cognitive_instrument_semantic_rule,automatic_proposal,,current_and_previous_blocks_evaluated_independently,50,distinct_fit_participants_with_observed_original_feature,recomputed_per_scenario_and_per_temporal_block_on_fit_data,remove_if_support_lt_50_or_all_missing_or_effectively_constant_in_fit,1421,True,0.6421649023408379,6,False,False,False,categorical_numeric_code_candidate,one_hot_or_numeric_review,numeric_looking_code_requires_semantic_review,True,numeric,median_impute+missing_indicator+standardize,cognitive_item_or_measure,documented_score_count_time_year_or_total_with_stable_type_and_unit+training_values_pass_type_domain_check,semantic_support_candidate_not_official_v0.1.2,matched,4,ADNI2;ADNI3;ADNI4;ADNIGO,12. Language || 12. Spoken Language Ability,N,"0=None: participant speaks clearly and/or is understandable; 1=Very mild: one instance of lack of understandability; 2=Mild: participant has difficulty <25% of the time; 3=Moderate: participant has difficulty 25-50% of the time; 4=Moderately Severe: participant has difficulty more than 50% of the time; 5=Severe: one- or two-word utterances, fluent but empty speech, mute || 0=None: participant speaks clearly and/or is understandable;1=Very mild: one instance of lack of understandability;2=Mild: participant has difficulty <25% of the time;3=Moderate: participant has difficulty 25-50% of the time;4=Moderately Severe: participant has difficulty more than 50% of the time;5=Severe: one- or two-word utterances, fluent but empty speech, mute",,Redacted,ADAS Item Level and Sub Scores Redacted,2,2,True,numeric,median_impute+missing_indicator+standardize,cognitive_item_or_measure,confirmed,dictionary_consistent_with_candidate_schema,dictionary_status_redacted|definition_varies_by_phase|code_dictionary_varies_by_phase,False,4,6,5,True,0,True,28,0,0,0,6,2588,544,0,0,True,1,0,2,False,0.1.0,False,manual_review_unassessable_phase_domain,one_or_more_observed_phases_have_no_parseable_dictionary_domain,observed_code_semantics_phase_compatible,False,observed_values_unassessable_in_one_or_more_phases,consistent,consistent,8710,1836,True,numeric,median_impute+missing_indicator+standardize,cognitive_item_or_measure,approved,documented_score_count_time_year_or_total_with_stable_type_and_unit+training_values_pass_type_domain_check,numeric_identity,False,False,8710.0,1836.0,0,0,0,0,True,True,True,0.1.2,True,2|10|30|50|100,1421,True,True,True,True,True,1.0.0,True,benchmark04e_freeze_feature_schema,acfd34080ed60c0a6f59,True,numeric,median_impute+missing_indicator+standardize,cognitive_item_or_measure,numeric_identity,50,distinct_fit_participants_with_observed_original_feature,recomputed_per_scenario_and_per_temporal_block_on_fit_data,False,True,True,remove_if_support_lt_50_or_all_missing_or_effectively_constant_in_fit,True,retained_at_50_in_snapshot_all_train_reference,Semantically authorized. Apply the frozen support rule independently within each scenario and temporal block using fit participants only.
ADAS,visit,91,Q13TASKA,ADAS__Q13TASKA,True,numeric,median_impute+missing_indicator+standardize,cognitive_item_or_measure,cognitive_instrument_semantic_rule,automatic_proposal,,current_and_previous_blocks_evaluated_independently,50,distinct_fit_participants_with_observed_original_feature,recomputed_per_scenario_and_per_temporal_block_on_fit_data,remove_if_support_lt_50_or_all_missing_or_effectively_constant_in_fit,1414,True,0.6388847472789623,40,False,False,False,numeric_candidate,numeric_median_imputation,,True,numeric,median_impute+missing_indicator+standardize,cognitive_item_or_measure,documented_score_count_time_year_or_total_with_stable_type_and_unit+training_values_pass_type_domain_check,semantic_support_candidate_not_official_v0.1.2,matched,4,ADNI2;ADNI3;ADNI4;ADNIGO,13.a Number of targets hit (range = 0-49) || 13a. Number of targets hit,N,0..49,,Redacted,ADAS Item Level and Sub Scores Redacted,2,1,True,numeric,median_impute+missing_indicator+standardize,cognitive_item_or_measure,confirmed,dictionary_consistent_with_candidate_schema,dictionary_status_redacted|definition_varies_by_phase,False,4,41,5,True,0,True,198,0,0,0,122,5170,1439,0,0,True,1,0,2,False,0.1.0,False,manual_review_unassessable_phase_domain,one_or_more_observed_phases_have_no_parseable_dictionary_domain,observed_code_semantics_phase_compatible,False,observed_values_unassessable_in_one_or_more_phases,consistent,consistent,8641,1835,True,numeric,median_impute+missing_indicator+standardize,cognitive_item_or_measure,approved,documented_score_count_time_year_or_total_with_stable_type_and_unit+training_values_pass_type_domain_check,numeric_identity,False,False,8641.0,1835.0,0,0,0,0,True,True,True,0.1.2,True,2|10|30|50|100,1414,True,True,True,True,True,1.0.0,True,benchmark04e_freeze_feature_schema,acfd34080ed60c0a6f59,True,numeric,median_impute+missing_indicator+standardize,cognitive_item_or_measure,numeric_identity,50,distinct_fit_participants_with_observed_original_feature,recomputed_per_scenario_and_per_temporal_block_on_fit_data,False,True,True,remove_if_support_lt_50_or_all_missing_or_effectively_constant_in_fit,True,retained_at_50_in_snapshot_all_train_reference,Semantically authorized. Apply the frozen support rule independently within each scenario and temporal block using fit participants only.
ADAS,visit,92,Q13TASKB,ADAS__Q13TASKB,True,numeric,median_impute+missing_indicator+standardize,cognitive_item_or_measure,cognitive_instrument_semantic_rule,automatic_proposal,,current_and_previous_blocks_evaluated_independently,50,distinct_fit_participants_with_observed_original_feature,recomputed_per_scenario_and_per_temporal_block_on_fit_data,remove_if_support_lt_50_or_all_missing_or_effectively_constant_in_fit,1414,True,0.6388847472789623,20,False,False,False,numeric_candidate,numeric_median_imputation,,True,numeric,median_impute+missing_indicator+standardize,cognitive_item_or_measure,documented_score_count_time_year_or_total_with_stable_type_and_unit+training_values_pass_type_domain_check,semantic_support_candidate_not_official_v0.1.2,matched,4,ADNI2;ADNI3;ADNI4;ADNIGO,13b. Number of errors,N,0..99,,Redacted,ADAS Item Level and Sub Scores Redacted,1,1,True,numeric,median_impute+missing_indicator+standardize,cognitive_item_or_measure,confirmed,dictionary_consistent_with_candidate_schema,dictionary_status_redacted,False,4,23,5,True,0,True,68,0,0,0,46,5170,1439,0,0,True,1,0,1,False,0.1.0,False,manual_review_unassessable_phase_domain,one_or_more_observed_phases_have_no_parseable_dictionary_domain,observed_code_semantics_phase_compatible,False,observed_values_unassessable_in_one_or_more_phases,consistent,consistent,8641,1835,True,numeric,median_impute+missing_indicator+standardize,cognitive_item_or_measure,approved,documented_score_count_time_year_or_total_with_stable_type_and_unit+training_values_pass_type_domain_check,numeric_identity,False,False,8641.0,1835.0,0,0,0,0,True,True,True,0.1.2,True,2|10|30|50|100,1414,True,True,True,True,True,1.0.0,True,benchmark04e_freeze_feature_schema,acfd34080ed60c0a6f59,True,numeric,median_impute+missing_indicator+standardize,cognitive_item_or_measure,numeric_identity,50,distinct_fit_participants_with_observed_original_feature,recomputed_per_scenario_and_per_temporal_block_on_fit_data,False,True,True,remove_if_support_lt_50_or_all_missing_or_effectively_constant_in_fit,True,retained_at_50_in_snapshot_all_train_reference,Semantically authorized. Apply the frozen support rule independently within each scenario and temporal block using fit participants only.
ADAS,visit,93,Q13TASKC,ADAS__Q13TASKC,True,numeric,median_impute+missing_indicator+standardize,cognitive_item_or_measure,cognitive_instrument_semantic_rule,automatic_proposal,,current_and_previous_blocks_evaluated_independently,50,distinct_fit_participants_with_observed_original_feature,recomputed_per_scenario_and_per_temporal_block_on_fit_data,remove_if_support_lt_50_or_all_missing_or_effectively_constant_in_fit,1414,True,0.6388847472789623,8,False,False,False,categorical_numeric_code_candidate,one_hot_or_numeric_review,numeric_looking_code_requires_semantic_review,True,numeric,median_impute+missing_indicator+standardize,cognitive_item_or_measure,documented_score_count_time_year_or_total_with_stable_type_and_unit+training_values_pass_type_domain_check,semantic_support_candidate_not_official_v0.1.2,matched,4,ADNI2;ADNI3;ADNI4;ADNIGO,13c. Number of times reminded of task,N,0..99,,Redacted,ADAS Item Level and Sub Scores Redacted,1,1,True,numeric,median_impute+missing_indicator+standardize,cognitive_item_or_measure,confirmed,dictionary_consistent_with_candidate_schema,dictionary_status_redacted,False,4,11,5,True,0,True,30,0,0,0,21,5170,1439,0,0,True,1,0,1,False,0.1.0,False,manual_review_unassessable_phase_domain,one_or_more_observed_phases_have_no_parseable_dictionary_domain,observed_code_semantics_phase_compatible,False,observed_values_unassessable_in_one_or_more_phases,consistent,consistent,8641,1835,True,numeric,median_impute+missing_indicator+standardize,cognitive_item_or_measure,approved,documented_score_count_time_year_or_total_with_stable_type_and_unit+training_values_pass_type_domain_check,numeric_identity,False,False,8641.0,1835.0,0,0,0,0,True,True,True,0.1.2,True,2|10|30|50|100,1414,True,True,True,True,True,1.0.0,True,benchmark04e_freeze_feature_schema,acfd34080ed60c0a6f59,True,numeric,median_impute+missing_indicator+standardize,cognitive_item_or_measure,numeric_identity,50,distinct_fit_participants_with_observed_original_feature,recomputed_per_scenario_and_per_temporal_block_on_fit_data,False,True,True,remove_if_support_lt_50_or_all_missing_or_effectively_constant_in_fit,True,retained_at_50_in_snapshot_all_train_reference,Semantically authorized. Apply the frozen support rule independently within each scenario and temporal block using fit participants only.
ADAS,visit,94,Q13UNABLE,ADAS__Q13UNABLE,True,numeric,median_impute+missing_indicator+standardize,cognitive_item_or_measure,cognitive_instrument_semantic_rule,automatic_proposal,,current_and_previous_blocks_evaluated_independently,50,distinct_fit_participants_with_observed_original_feature,recomputed_per_scenario_and_per_temporal_block_on_fit_data,remove_if_support_lt_50_or_all_missing_or_effectively_constant_in_fit,607,True,0.1796630386163709,5,False,False,False,categorical_numeric_code_candidate,one_hot_or_numeric_review,numeric_looking_code_requires_semantic_review,True,categorical,explicit_missing_category+one_hot_ignore_unknown,assessment_noncompletion_reason,documented_controlled_category_or_measurement_context_with_train_learned_domain,semantic_support_candidate_not_official_v0.1.2,matched,4,ADNI2;ADNI3;ADNI4;ADNIGO,13. Number Cancellation (Time limit: 45 seconds) || Task 13. Number Cancellation,N,0=Conducted; 1=Not done (for reasons other than physical/cognitive); 2=Participant refused; 3=Participant unable for physical reasons; 4=Participant unable for cognitive reasons || 0=Conducted;1=Not done (for reasons other than physical/cognitive);2=Participant refused;3=Participant unable for physical reasons;4=Participant unable for cognitive reasons || 1=Not done (for reasons other than physical/cognitive); 2=Participant refused; 3=Participant unable for physical reasons; 4=Participant unable for cognitive reasons,,Redacted,ADAS Item Level and Sub Scores Redacted,2,3,True,categorical,explicit_missing_category+one_hot_ignore_unknown,assessment_noncompletion_reason,corrected_type,dictionary_codes_are_reasons_for_noncompletion_not_numeric_measurements,dictionary_status_redacted|definition_varies_by_phase|code_dictionary_varies_by_phase,True,4,5,5,True,0,True,17,0,0,0,4,25,25,0,0,True,1,0,2,False,0.1.0,False,manual_review_unassessable_phase_domain,one_or_more_observed_phases_have_no_parseable_dictionary_domain,phase_dictionary_missing_for_observed_phase,True,observed_values_unassessable_in_one_or_more_phases,consistent,consistent,2681,1002,True,categorical,explicit_missing_category+one_hot_ignore_unknown,assessment_noncompletion_reason,approved,documented_controlled_category_or_measurement_context_with_train_learned_domain,categorical_identity,False,False,,,0,0,0,0,True,True,True,0.1.2,True,2|10|30|50|100,607,True,True,True,True,True,1.0.0,True,benchmark04e_freeze_feature_schema,acfd34080ed60c0a6f59,True,categorical,explicit_missing_category+one_hot_ignore_unknown,assessment_noncompletion_reason,categorical_identity,50,distinct_fit_participants_with_observed_original_feature,recomputed_per_scenario_and_per_temporal_block_on_fit_data,False,True,True,remove_if_support_lt_50_or_all_missing_or_effectively_constant_in_fit,True,retained_at_50_in_snapshot_all_train_reference,Semantically authorized. Apply the frozen support rule independently within each scenario and temporal block using fit participants only.
ADAS,visit,95,Q1SCORE,ADAS__Q1SCORE,True,numeric,median_impute+missing_indicator+standardize,cognitive_summary_score,cognitive_instrument_semantic_rule,automatic_proposal,,current_and_previous_blocks_evaluated_independently,50,distinct_fit_participants_with_observed_original_feature,recomputed_per_scenario_and_per_temporal_block_on_fit_data,remove_if_support_lt_50_or_all_missing_or_effectively_constant_in_fit,1420,True,0.6426121962129119,52,False,False,False,numeric_candidate,numeric_median_imputation,,True,numeric,median_impute+missing_indicator+standardize,cognitive_summary_score,documented_score_count_time_year_or_total_with_stable_type_and_unit+training_values_pass_type_domain_check,semantic_support_candidate_not_official_v0.1.2,matched,3,ADNI2;ADNI3;ADNIGO,ADAS Score Component Q1 Word Recall || Score Component,N,0..10,,Redacted,ADAS Item Level and Sub Scores Redacted,2,1,True,numeric,median_impute+missing_indicator+standardize,cognitive_summary_score,confirmed,dictionary_consistent_with_candidate_schema,dictionary_status_redacted|definition_varies_by_phase,False,3,52,5,True,0,True,116,0,0,0,63,3404,1078,0,0,True,1,0,2,False,0.1.0,False,manual_review_unassessable_phase_domain,one_or_more_observed_phases_have_no_parseable_dictionary_domain,observed_code_semantics_phase_compatible,False,observed_values_unassessable_in_one_or_more_phases,consistent,consistent,8710,1835,True,numeric,median_impute+missing_indicator+standardize,cognitive_summary_score,approved,documented_score_count_time_year_or_total_with_stable_type_and_unit+training_values_pass_type_domain_check,numeric_identity,False,False,8710.0,1835.0,0,0,0,0,True,True,True,0.1.2,True,2|10|30|50|100,1420,True,True,True,True,True,1.0.0,True,benchmark04e_freeze_feature_schema,acfd34080ed60c0a6f59,True,numeric,median_impute+missing_indicator+standardize,cognitive_summary_score,numeric_identity,50,distinct_fit_participants_with_observed_original_feature,recomputed_per_scenario_and_per_temporal_block_on_fit_data,False,True,True,remove_if_support_lt_50_or_all_missing_or_effectively_constant_in_fit,True,retained_at_50_in_snapshot_all_train_reference,Semantically authorized. Apply the frozen support rule independently within each scenario and temporal block using fit participants only.
ADAS,visit,96,Q2SCORE,ADAS__Q2SCORE,True,numeric,median_impute+missing_indicator+standardize,cognitive_summary_score,cognitive_instrument_semantic_rule,automatic_proposal,,current_and_previous_blocks_evaluated_independently,50,distinct_fit_participants_with_observed_original_feature,recomputed_per_scenario_and_per_temporal_block_on_fit_data,remove_if_support_lt_50_or_all_missing_or_effectively_constant_in_fit,1420,True,0.642314000298196,6,False,False,False,categorical_numeric_code_candidate,one_hot_or_numeric_review,numeric_looking_code_requires_semantic_review,True,numeric,median_impute+missing_indicator+standardize,cognitive_summary_score,documented_score_count_time_year_or_total_with_stable_type_and_unit+training_values_pass_type_domain_check,semantic_support_candidate_not_official_v0.1.2,matched,3,ADNI2;ADNI3;ADNIGO,ADAS Score Component Q2 Commands || Score Component,N,0..5,,Redacted,ADAS Item Level and Sub Scores Redacted,2,1,True,numeric,median_impute+missing_indicator+standardize,cognitive_summary_score,confirmed,dictionary_consistent_with_candidate_schema,dictionary_status_redacted|definition_varies_by_phase,False,3,6,5,True,0,True,29,0,0,0,12,3395,1078,0,0,True,1,0,2,False,0.1.0,False,manual_review_unassessable_phase_domain,one_or_more_observed_phases_have_no_parseable_dictionary_domain,observed_code_semantics_phase_compatible,False,observed_values_unassessable_in_one_or_more_phases,consistent,consistent,8705,1835,True,numeric,median_impute+missing_indicator+standardize,cognitive_summary_score,approved,documented_score_count_time_year_or_total_with_stable_type_and_unit+training_values_pass_type_domain_check,numeric_identity,False,False,8705.0,1835.0,0,0,0,0,True,True,True,0.1.2,True,2|10|30|50|100,1420,True,True,True,True,True,1.0.0,True,benchmark04e_freeze_feature_schema,acfd34080ed60c0a6f59,True,numeric,median_impute+missing_indicator+standardize,cognitive_summary_score,numeric_identity,50,distinct_fit_participants_with_observed_original_feature,recomputed_per_scenario_and_per_temporal_block_on_fit_data,False,True,True,remove_if_support_lt_50_or_all_missing_or_effectively_constant_in_fit,True,retained_at_50_in_snapshot_all_train_reference,Semantically authorized. Apply the frozen support rule independently within each scenario and temporal block using fit participants only.
ADAS,visit,97,Q3SCORE,ADAS__Q3SCORE,True,numeric,median_impute+missing_indicator+standardize,cognitive_summary_score,cognitive_instrument_semantic_rule,automatic_proposal,,current_and_previous_blocks_evaluated_independently,50,distinct_fit_participants_with_observed_original_feature,recomputed_per_scenario_and_per_temporal_block_on_fit_data,remove_if_support_lt_50_or_all_missing_or_effectively_constant_in_fit,1420,True,0.642314000298196,6,False,False,False,categorical_numeric_code_candidate,one_hot_or_numeric_review,numeric_looking_code_requires_semantic_review,True,numeric,median_impute+missing_indicator+standardize,cognitive_summary_score,documented_score_count_time_year_or_total_with_stable_type_and_unit+training_values_pass_type_domain_check,semantic_support_candidate_not_official_v0.1.2,matched,3,ADNI2;ADNI3;ADNIGO,ADAS Score Component Q3 Constructional Praxis || Score Component,N,0..5,,Redacted,ADAS Item Level and Sub Scores Redacted,2,1,True,numeric,median_impute+missing_indicator+standardize,cognitive_summary_score,confirmed,dictionary_consistent_with_candidate_schema,dictionary_status_redacted|definition_varies_by_phase,False,3,6,5,True,0,True,28,0,0,0,12,3395,1078,0,0,True,1,0,2,False,0.1.0,False,manual_review_unassessable_phase_domain,one_or_more_observed_phases_have_no_parseable_dictionary_domain,observed_code_semantics_phase_compatible,False,observed_values_unassessable_in_one_or_more_phases,consistent,consistent,8704,1835,True,numeric,median_impute+missing_indicator+standardize,cognitive_summary_score,approved,documented_score_count_time_year_or_total_with_stable_type_and_unit+training_values_pass_type_domain_check,numeric_identity,False,False,8704.0,1835.0,0,0,0,0,True,True,True,0.1.2,True,2|10|30|50|100,1420,True,True,True,True,True,1.0.0,True,benchmark04e_freeze_feature_schema,acfd34080ed60c0a6f59,True,numeric,median_impute+missing_indicator+standardize,cognitive_summary_score,numeric_identity,50,distinct_fit_participants_with_observed_original_feature,recomputed_per_scenario_and_per_temporal_block_on_fit_data,False,True,True,remove_if_support_lt_50_or_all_missing_or_effectively_constant_in_fit,True,retained_at_50_in_snapshot_all_train_reference,Semantically authorized. Apply the frozen support rule independently within each scenario and temporal block using fit participants only.
ADAS,visit,98,Q4SCORE,ADAS__Q4SCORE,True,numeric,median_impute+missing_indicator+standardize,cognitive_summary_score,cognitive_instrument_semantic_rule,automatic_proposal,,current_and_previous_blocks_evaluated_independently,50,distinct_fit_participants_with_observed_original_feature,recomputed_per_scenario_and_per_temporal_block_on_fit_data,remove_if_support_lt_50_or_all_missing_or_effectively_constant_in_fit,1420,True,0.641568510511406,11,False,False,False,categorical_numeric_code_candidate,one_hot_or_numeric_review,numeric_looking_code_requires_semantic_review,True,numeric,median_impute+missing_indicator+standardize,cognitive_summary_score,documented_score_count_time_year_or_total_with_stable_type_and_unit+training_values_pass_type_domain_check,semantic_support_candidate_not_official_v0.1.2,matched,4,ADNI2;ADNI3;ADNI4;ADNIGO,ADAS Score Component Q4 Delayed Word Recall || Delayed Word Recall: Total || Score Component,N,0..10,,Redacted,ADAS Item Level and Sub Scores Redacted,3,1,True,numeric,median_impute+missing_indicator+standardize,cognitive_summary_score,confirmed,dictionary_consistent_with_candidate_schema,dictionary_status_redacted|definition_varies_by_phase,False,4,11,5,True,0,True,55,0,0,0,22,3386,1076,0,0,True,1,0,3,False,0.1.0,False,manual_review_unassessable_phase_domain,one_or_more_observed_phases_have_no_parseable_dictionary_domain,observed_code_semantics_phase_compatible,False,observed_values_unassessable_in_one_or_more_phases,consistent,consistent,8692,1835,True,numeric,median_impute+missing_indicator+standardize,cognitive_summary_score,approved,documented_score_count_time_year_or_total_with_stable_type_and_unit+training_values_pass_type_domain_check,numeric_identity,False,False,8692.0,1835.0,0,0,0,0,True,True,True,0.1.2,True,2|10|30|50|100,1420,True,True,True,True,True,1.0.0,True,benchmark04e_freeze_feature_schema,acfd34080ed60c0a6f59,True,numeric,median_impute+missing_indicator+standardize,cognitive_summary_score,numeric_identity,50,distinct_fit_participants_with_observed_original_feature,recomputed_per_scenario_and_per_temporal_block_on_fit_data,False,True,True,remove_if_support_lt_50_or_all_missing_or_effectively_constant_in_fit,True,retained_at_50_in_snapshot_all_train_reference,Semantically authorized. Apply the frozen support rule independently within each scenario and temporal block using fit participants only.
ADAS,visit,99,Q5SCORE,ADAS__Q5SCORE,True,numeric,median_impute+missing_indicator+standardize,cognitive_summary_score,cognitive_instrument_semantic_rule,automatic_proposal,,current_and_previous_blocks_evaluated_independently,50,distinct_fit_participants_with_observed_original_feature,recomputed_per_scenario_and_per_temporal_block_on_fit_data,remove_if_support_lt_50_or_all_missing_or_effectively_constant_in_fit,1420,True,0.6420158043834799,6,False,False,False,categorical_numeric_code_candidate,one_hot_or_numeric_review,numeric_looking_code_requires_semantic_review,True,numeric,median_impute+missing_indicator+standardize,cognitive_summary_score,documented_score_count_time_year_or_total_with_stable_type_and_unit+training_values_pass_type_domain_check,semantic_support_candidate_not_official_v0.1.2,matched,3,ADNI2;ADNI3;ADNIGO,ADAS Score Component Q5 Naming Objects and Fingers (without cue) || Score Component,N,0..5,,Redacted,ADAS Item Level and Sub Scores Redacted,2,1,True,numeric,median_impute+missing_indicator+standardize,cognitive_summary_score,confirmed,dictionary_consistent_with_candidate_schema,dictionary_status_redacted|definition_varies_by_phase,False,3,6,5,True,0,True,29,0,0,0,12,3395,1078,0,0,True,1,0,2,False,0.1.0,False,manual_review_unassessable_phase_domain,one_or_more_observed_phases_have_no_parseable_dictionary_domain,observed_code_semantics_phase_compatible,False,observed_values_unassessable_in_one_or_more_phases,consistent,consistent,8701,1835,True,numeric,median_impute+missing_indicator+standardize,cognitive_summary_score,approved,documented_score_count_time_year_or_total_with_stable_type_and_unit+training_values_pass_type_domain_check,numeric_identity,False,False,8701.0,1835.0,0,0,0,0,True,True,True,0.1.2,True,2|10|30|50|100,1420,True,True,True,True,True,1.0.0,True,benchmark04e_freeze_feature_schema,acfd34080ed60c0a6f59,True,numeric,median_impute+missing_indicator+standardize,cognitive_summary_score,numeric_identity,50,distinct_fit_participants_with_observed_original_feature,recomputed_per_scenario_and_per_temporal_block_on_fit_data,False,True,True,remove_if_support_lt_50_or_all_missing_or_effectively_constant_in_fit,True,retained_at_50_in_snapshot_all_train_reference,Semantically authorized. Apply the frozen support rule independently within each scenario and temporal block using fit participants only.
ADAS,visit,100,Q5SCORE_CUE,ADAS__Q5SCORE_CUE,True,numeric,median_impute+missing_indicator+standardize,cognitive_summary_score,cognitive_instrument_semantic_rule,automatic_proposal,,current_and_previous_blocks_evaluated_independently,50,distinct_fit_participants_with_observed_original_feature,recomputed_per_scenario_and_per_temporal_block_on_fit_data,remove_if_support_lt_50_or_all_missing_or_effectively_constant_in_fit,587,True,0.1760846876397793,6,False,False,False,categorical_numeric_code_candidate,one_hot_or_numeric_review,numeric_looking_code_requires_semantic_review,True,numeric,median_impute+missing_indicator+standardize,cognitive_summary_score,documented_score_count_time_year_or_total_with_stable_type_and_unit+training_values_pass_type_domain_check,semantic_support_candidate_not_official_v0.1.2,matched,1,ADNI3,ADAS Score Component Q5 Naming Objects and Fingers (with cue when necessary),N,0..5,,Redacted,ADAS Item Level and Sub Scores Redacted,1,1,True,numeric,median_impute+missing_indicator+standardize,cognitive_summary_score,confirmed,dictionary_consistent_with_candidate_schema,dictionary_status_redacted,False,1,6,2,True,0,True,12,0,0,0,6,806,549,0,0,True,1,0,1,False,0.1.0,False,manual_review_unassessable_phase_domain,one_or_more_observed_phases_have_no_parseable_dictionary_domain,observed_code_semantics_phase_compatible,False,observed_values_unassessable_in_one_or_more_phases,consistent,consistent,2608,947,True,numeric,median_impute+missing_indicator+standardize,cognitive_summary_score,approved,documented_score_count_time_year_or_total_with_stable_type_and_unit+training_values_pass_type_domain_check,numeric_identity,False,False,2608.0,947.0,0,0,0,0,True,True,True,0.1.2,True,2|10|30|50|100,587,True,True,True,True,True,1.0.0,True,benchmark04e_freeze_feature_schema,acfd34080ed60c0a6f59,True,numeric,median_impute+missing_indicator+standardize,cognitive_summary_score,numeric_identity,50,distinct_fit_participants_with_observed_original_feature,recomputed_per_scenario_and_per_temporal_block_on_fit_data,False,True,True,remove_if_support_lt_50_or_all_missing_or_effectively_constant_in_fit,True,retained_at_50_in_snapshot_all_train_reference,Semantically authorized. Apply the frozen support rule independently within each scenario and temporal block using fit participants only.
ADAS,visit,101,Q6SCORE,ADAS__Q6SCORE,True,numeric,median_impute+missing_indicator+standardize,cognitive_summary_score,cognitive_instrument_semantic_rule,automatic_proposal,,current_and_previous_blocks_evaluated_independently,50,distinct_fit_participants_with_observed_original_feature,recomputed_per_scenario_and_per_temporal_block_on_fit_data,remove_if_support_lt_50_or_all_missing_or_effectively_constant_in_fit,1419,True,0.6421649023408379,6,False,False,False,categorical_numeric_code_candidate,one_hot_or_numeric_review,numeric_looking_code_requires_semantic_review,True,numeric,median_impute+missing_indicator+standardize,cognitive_summary_score,documented_score_count_time_year_or_total_with_stable_type_and_unit+training_values_pass_type_domain_check,semantic_support_candidate_not_official_v0.1.2,matched,3,ADNI2;ADNI3;ADNIGO,ADAS Score Component Q6 Ideational Praxis || Score Component,N,0..5,,Redacted,ADAS Item Level and Sub Scores Redacted,2,1,True,numeric,median_impute+missing_indicator+standardize,cognitive_summary_score,confirmed,dictionary_consistent_with_candidate_schema,dictionary_status_redacted|definition_varies_by_phase,False,3,6,5,True,0,True,27,0,0,0,12,3393,1077,0,0,True,1,0,2,False,0.1.0,False,manual_review_unassessable_phase_domain,one_or_more_observed_phases_have_no_parseable_dictionary_domain,observed_code_semantics_phase_compatible,False,observed_values_unassessable_in_one_or_more_phases,consistent,consistent,8700,1835,True,numeric,median_impute+missing_indicator+standardize,cognitive_summary_score,approved,documented_score_count_time_year_or_total_with_stable_type_and_unit+training_values_pass_type_domain_check,numeric_identity,False,False,8700.0,1835.0,0,0,0,0,True,True,True,0.1.2,True,2|10|30|50|100,1419,True,True,True,True,True,1.0.0,True,benchmark04e_freeze_feature_schema,acfd34080ed60c0a6f59,True,numeric,median_impute+missing_indicator+standardize,cognitive_summary_score,numeric_identity,50,distinct_fit_participants_with_observed_original_feature,recomputed_per_scenario_and_per_temporal_block_on_fit_data,False,True,True,remove_if_support_lt_50_or_all_missing_or_effectively_constant_in_fit,True,retained_at_50_in_snapshot_all_train_reference,Semantically authorized. Apply the frozen support rule independently within each scenario and temporal block using fit participants only.
ADAS,visit,102,Q7SCORE,ADAS__Q7SCORE,True,numeric,median_impute+missing_indicator+standardize,cognitive_summary_score,cognitive_instrument_semantic_rule,automatic_proposal,,current_and_previous_blocks_evaluated_independently,50,distinct_fit_participants_with_observed_original_feature,recomputed_per_scenario_and_per_temporal_block_on_fit_data,remove_if_support_lt_50_or_all_missing_or_effectively_constant_in_fit,1418,True,0.6420158043834799,9,False,False,False,categorical_numeric_code_candidate,one_hot_or_numeric_review,numeric_looking_code_requires_semantic_review,True,numeric,median_impute+missing_indicator+standardize,cognitive_summary_score,documented_score_count_time_year_or_total_with_stable_type_and_unit+training_values_pass_type_domain_check,semantic_support_candidate_not_official_v0.1.2,matched,3,ADNI2;ADNI3;ADNIGO,ADAS Score Component Q7 Orientation || Score Component,N,0..8,,Redacted,ADAS Item Level and Sub Scores Redacted,2,1,True,numeric,median_impute+missing_indicator+standardize,cognitive_summary_score,confirmed,dictionary_consistent_with_candidate_schema,dictionary_status_redacted|definition_varies_by_phase,False,3,9,5,True,0,True,43,0,0,0,18,3394,1078,0,0,True,1,0,2,False,0.1.0,False,manual_review_unassessable_phase_domain,one_or_more_observed_phases_have_no_parseable_dictionary_domain,observed_code_semantics_phase_compatible,False,observed_values_unassessable_in_one_or_more_phases,consistent,consistent,8699,1835,True,numeric,median_impute+missing_indicator+standardize,cognitive_summary_score,approved,documented_score_count_time_year_or_total_with_stable_type_and_unit+training_values_pass_type_domain_check,numeric_identity,False,False,8699.0,1835.0,0,0,0,0,True,True,True,0.1.2,True,2|10|30|50|100,1418,True,True,True,True,True,1.0.0,True,benchmark04e_freeze_feature_schema,acfd34080ed60c0a6f59,True,numeric,median_impute+missing_indicator+standardize,cognitive_summary_score,numeric_identity,50,distinct_fit_participants_with_observed_original_feature,recomputed_per_scenario_and_per_temporal_block_on_fit_data,False,True,True,remove_if_support_lt_50_or_all_missing_or_effectively_constant_in_fit,True,retained_at_50_in_snapshot_all_train_reference,Semantically authorized. Apply the frozen support rule independently within each scenario and temporal block using fit participants only.
ADAS,visit,103,Q8SCORE,ADAS__Q8SCORE,True,numeric,median_impute+missing_indicator+standardize,cognitive_summary_score,cognitive_instrument_semantic_rule,automatic_proposal,,current_and_previous_blocks_evaluated_independently,50,distinct_fit_participants_with_observed_original_feature,recomputed_per_scenario_and_per_temporal_block_on_fit_data,remove_if_support_lt_50_or_all_missing_or_effectively_constant_in_fit,1417,True,0.64127031459669,13,False,False,False,categorical_numeric_code_candidate,one_hot_or_numeric_review,numeric_looking_code_requires_semantic_review,True,numeric,median_impute+missing_indicator+standardize,cognitive_summary_score,documented_score_count_time_year_or_total_with_stable_type_and_unit+training_values_pass_type_domain_check,semantic_support_candidate_not_official_v0.1.2,matched,3,ADNI2;ADNI3;ADNIGO,ADAS Score Component Q8 Word Recognition || Score Component,N,0..12,,Redacted,ADAS Item Level and Sub Scores Redacted,2,1,True,numeric,median_impute+missing_indicator+standardize,cognitive_summary_score,confirmed,dictionary_consistent_with_candidate_schema,dictionary_status_redacted|definition_varies_by_phase,False,3,13,5,True,0,True,64,0,0,0,26,3386,1077,0,0,True,1,0,2,False,0.1.0,False,manual_review_unassessable_phase_domain,one_or_more_observed_phases_have_no_parseable_dictionary_domain,observed_code_semantics_phase_compatible,False,observed_values_unassessable_in_one_or_more_phases,consistent,consistent,8682,1835,True,numeric,median_impute+missing_indicator+standardize,cognitive_summary_score,approved,documented_score_count_time_year_or_total_with_stable_type_and_unit+training_values_pass_type_domain_check,numeric_identity,False,False,8682.0,1835.0,0,0,0,0,True,True,True,0.1.2,True,2|10|30|50|100,1417,True,True,True,True,True,1.0.0,True,benchmark04e_freeze_feature_schema,acfd34080ed60c0a6f59,True,numeric,median_impute+missing_indicator+standardize,cognitive_summary_score,numeric_identity,50,distinct_fit_participants_with_observed_original_feature,recomputed_per_scenario_and_per_temporal_block_on_fit_data,False,True,True,remove_if_support_lt_50_or_all_missing_or_effectively_constant_in_fit,True,retained_at_50_in_snapshot_all_train_reference,Semantically authorized. Apply the frozen support rule independently within each scenario and temporal block using fit participants only.
ADAS,visit,104,Q9SCORE,ADAS__Q9SCORE,True,numeric,median_impute+missing_indicator+standardize,cognitive_summary_score,cognitive_instrument_semantic_rule,automatic_proposal,,current_and_previous_blocks_evaluated_independently,50,distinct_fit_participants_with_observed_original_feature,recomputed_per_scenario_and_per_temporal_block_on_fit_data,remove_if_support_lt_50_or_all_missing_or_effectively_constant_in_fit,1417,True,0.64127031459669,6,False,False,False,categorical_numeric_code_candidate,one_hot_or_numeric_review,numeric_looking_code_requires_semantic_review,True,numeric,median_impute+missing_indicator+standardize,cognitive_summary_score,documented_score_count_time_year_or_total_with_stable_type_and_unit+training_values_pass_type_domain_check,semantic_support_candidate_not_official_v0.1.2,matched,3,ADNI2;ADNI3;ADNIGO,ADAS Score Component Q9 Remembering Test Instructions || Score Component,N,0..5,,Redacted,ADAS Item Level and Sub Scores Redacted,2,1,True,numeric,median_impute+missing_indicator+standardize,cognitive_summary_score,confirmed,dictionary_consistent_with_candidate_schema,dictionary_status_redacted|definition_varies_by_phase,False,3,6,5,True,0,True,28,0,0,0,12,3385,1076,0,0,True,1,0,2,False,0.1.0,False,manual_review_unassessable_phase_domain,one_or_more_observed_phases_have_no_parseable_dictionary_domain,observed_code_semantics_phase_compatible,False,observed_values_unassessable_in_one_or_more_phases,consistent,consistent,8680,1835,True,numeric,median_impute+missing_indicator+standardize,cognitive_summary_score,approved,documented_score_count_time_year_or_total_with_stable_type_and_unit+training_values_pass_type_domain_check,numeric_identity,False,False,8680.0,1835.0,0,0,0,0,True,True,True,0.1.2,True,2|10|30|50|100,1417,True,True,True,True,True,1.0.0,True,benchmark04e_freeze_feature_schema,acfd34080ed60c0a6f59,True,numeric,median_impute+missing_indicator+standardize,cognitive_summary_score,numeric_identity,50,distinct_fit_participants_with_observed_original_feature,recomputed_per_scenario_and_per_temporal_block_on_fit_data,False,True,True,remove_if_support_lt_50_or_all_missing_or_effectively_constant_in_fit,True,retained_at_50_in_snapshot_all_train_reference,Semantically authorized. Apply the frozen support rule independently within each scenario and temporal block using fit participants only.
ADAS,visit,105,Q10SCORE,ADAS__Q10SCORE,True,numeric,median_impute+missing_indicator+standardize,cognitive_summary_score,cognitive_instrument_semantic_rule,automatic_proposal,,current_and_previous_blocks_evaluated_independently,50,distinct_fit_participants_with_observed_original_feature,recomputed_per_scenario_and_per_temporal_block_on_fit_data,remove_if_support_lt_50_or_all_missing_or_effectively_constant_in_fit,1421,True,0.6421649023408379,5,False,False,False,categorical_numeric_code_candidate,one_hot_or_numeric_review,numeric_looking_code_requires_semantic_review,True,numeric,median_impute+missing_indicator+standardize,cognitive_summary_score,documented_score_count_time_year_or_total_with_stable_type_and_unit+training_values_pass_type_domain_check,semantic_support_candidate_not_official_v0.1.2,matched,3,ADNI2;ADNI3;ADNIGO,ADAS Score Component Q10 Comprehension of Spoken Language || Score Component,N,0..5,,Redacted,ADAS Item Level and Sub Scores Redacted,2,1,True,numeric,median_impute+missing_indicator+standardize,cognitive_summary_score,confirmed,dictionary_consistent_with_candidate_schema,dictionary_status_redacted|definition_varies_by_phase,False,3,6,5,True,0,True,26,0,0,0,10,3394,1077,0,0,True,1,0,2,False,0.1.0,False,manual_review_unassessable_phase_domain,one_or_more_observed_phases_have_no_parseable_dictionary_domain,observed_code_semantics_phase_compatible,False,observed_values_unassessable_in_one_or_more_phases,consistent,consistent,8705,1835,True,numeric,median_impute+missing_indicator+standardize,cognitive_summary_score,approved,documented_score_count_time_year_or_total_with_stable_type_and_unit+training_values_pass_type_domain_check,numeric_identity,False,False,8705.0,1835.0,0,0,0,0,True,True,True,0.1.2,True,2|10|30|50|100,1421,True,True,True,True,True,1.0.0,True,benchmark04e_freeze_feature_schema,acfd34080ed60c0a6f59,True,numeric,median_impute+missing_indicator+standardize,cognitive_summary_score,numeric_identity,50,distinct_fit_participants_with_observed_original_feature,recomputed_per_scenario_and_per_temporal_block_on_fit_data,False,True,True,remove_if_support_lt_50_or_all_missing_or_effectively_constant_in_fit,True,retained_at_50_in_snapshot_all_train_reference,Semantically authorized. Apply the frozen support rule independently within each scenario and temporal block using fit participants only.
ADAS,visit,106,Q11SCORE,ADAS__Q11SCORE,True,numeric,median_impute+missing_indicator+standardize,cognitive_summary_score,cognitive_instrument_semantic_rule,automatic_proposal,,current_and_previous_blocks_evaluated_independently,50,distinct_fit_participants_with_observed_original_feature,recomputed_per_scenario_and_per_temporal_block_on_fit_data,remove_if_support_lt_50_or_all_missing_or_effectively_constant_in_fit,1421,True,0.6421649023408379,6,False,False,False,categorical_numeric_code_candidate,one_hot_or_numeric_review,numeric_looking_code_requires_semantic_review,True,numeric,median_impute+missing_indicator+standardize,cognitive_summary_score,documented_score_count_time_year_or_total_with_stable_type_and_unit+training_values_pass_type_domain_check,semantic_support_candidate_not_official_v0.1.2,matched,3,ADNI2;ADNI3;ADNIGO,ADAS Score Component Q11 Word-finding Difficulty || Score Component,N,0..5,,Redacted,ADAS Item Level and Sub Scores Redacted,2,1,True,numeric,median_impute+missing_indicator+standardize,cognitive_summary_score,confirmed,dictionary_consistent_with_candidate_schema,dictionary_status_redacted|definition_varies_by_phase,False,3,6,5,True,0,True,27,0,0,0,10,3393,1076,0,0,True,1,0,2,False,0.1.0,False,manual_review_unassessable_phase_domain,one_or_more_observed_phases_have_no_parseable_dictionary_domain,observed_code_semantics_phase_compatible,False,observed_values_unassessable_in_one_or_more_phases,consistent,consistent,8704,1835,True,numeric,median_impute+missing_indicator+standardize,cognitive_summary_score,approved,documented_score_count_time_year_or_total_with_stable_type_and_unit+training_values_pass_type_domain_check,numeric_identity,False,False,8704.0,1835.0,0,0,0,0,True,True,True,0.1.2,True,2|10|30|50|100,1421,True,True,True,True,True,1.0.0,True,benchmark04e_freeze_feature_schema,acfd34080ed60c0a6f59,True,numeric,median_impute+missing_indicator+standardize,cognitive_summary_score,numeric_identity,50,distinct_fit_participants_with_observed_original_feature,recomputed_per_scenario_and_per_temporal_block_on_fit_data,False,True,True,remove_if_support_lt_50_or_all_missing_or_effectively_constant_in_fit,True,retained_at_50_in_snapshot_all_train_reference,Semantically authorized. Apply the frozen support rule independently within each scenario and temporal block using fit participants only.
ADAS,visit,107,Q12SCORE,ADAS__Q12SCORE,True,numeric,median_impute+missing_indicator+standardize,cognitive_summary_score,cognitive_instrument_semantic_rule,automatic_proposal,,current_and_previous_blocks_evaluated_independently,50,distinct_fit_participants_with_observed_original_feature,recomputed_per_scenario_and_per_temporal_block_on_fit_data,remove_if_support_lt_50_or_all_missing_or_effectively_constant_in_fit,1421,True,0.6421649023408379,6,False,False,False,categorical_numeric_code_candidate,one_hot_or_numeric_review,numeric_looking_code_requires_semantic_review,True,numeric,median_impute+missing_indicator+standardize,cognitive_summary_score,documented_score_count_time_year_or_total_with_stable_type_and_unit+training_values_pass_type_domain_check,semantic_support_candidate_not_official_v0.1.2,matched,3,ADNI2;ADNI3;ADNIGO,ADAS Score Component Q12 Language || Score Component,N,0..5,,Redacted,ADAS Item Level and Sub Scores Redacted,2,1,True,numeric,median_impute+missing_indicator+standardize,cognitive_summary_score,confirmed,dictionary_consistent_with_candidate_schema,dictionary_status_redacted|definition_varies_by_phase,False,3,6,5,True,0,True,28,0,0,0,10,3394,1077,0,0,True,1,0,2,False,0.1.0,False,manual_review_unassessable_phase_domain,one_or_more_observed_phases_have_no_parseable_dictionary_domain,observed_code_semantics_phase_compatible,False,observed_values_unassessable_in_one_or_more_phases,consistent,consistent,8705,1835,True,numeric,median_impute+missing_indicator+standardize,cognitive_summary_score,approved,documented_score_count_time_year_or_total_with_stable_type_and_unit+training_values_pass_type_domain_check,numeric_identity,False,False,8705.0,1835.0,0,0,0,0,True,True,True,0.1.2,True,2|10|30|50|100,1421,True,True,True,True,True,1.0.0,True,benchmark04e_freeze_feature_schema,acfd34080ed60c0a6f59,True,numeric,median_impute+missing_indicator+standardize,cognitive_summary_score,numeric_identity,50,distinct_fit_participants_with_observed_original_feature,recomputed_per_scenario_and_per_temporal_block_on_fit_data,False,True,True,remove_if_support_lt_50_or_all_missing_or_effectively_constant_in_fit,True,retained_at_50_in_snapshot_all_train_reference,Semantically authorized. Apply the frozen support rule independently within each scenario and temporal block using fit participants only.
ADAS,visit,108,Q13SCORE,ADAS__Q13SCORE,True,numeric,median_impute+missing_indicator+standardize,cognitive_summary_score,cognitive_instrument_semantic_rule,automatic_proposal,,current_and_previous_blocks_evaluated_independently,50,distinct_fit_participants_with_observed_original_feature,recomputed_per_scenario_and_per_temporal_block_on_fit_data,remove_if_support_lt_50_or_all_missing_or_effectively_constant_in_fit,1414,True,0.6384374534068883,6,False,False,False,categorical_numeric_code_candidate,one_hot_or_numeric_review,numeric_looking_code_requires_semantic_review,True,numeric,median_impute+missing_indicator+standardize,cognitive_summary_score,documented_score_count_time_year_or_total_with_stable_type_and_unit+training_values_pass_type_domain_check,semantic_support_candidate_not_official_v0.1.2,matched,3,ADNI2;ADNI3;ADNIGO,ADAS Score Component Q13 Number Cancellation || Score Component,N,0..5,,Redacted,ADAS Item Level and Sub Scores Redacted,2,1,True,numeric,median_impute+missing_indicator+standardize,cognitive_summary_score,confirmed,dictionary_consistent_with_candidate_schema,dictionary_status_redacted|definition_varies_by_phase,False,3,6,5,True,0,True,30,0,0,0,12,3359,1078,0,0,True,1,0,2,False,0.1.0,False,manual_review_unassessable_phase_domain,one_or_more_observed_phases_have_no_parseable_dictionary_domain,observed_code_semantics_phase_compatible,False,observed_values_unassessable_in_one_or_more_phases,consistent,consistent,8636,1834,True,numeric,median_impute+missing_indicator+standardize,cognitive_summary_score,approved,documented_score_count_time_year_or_total_with_stable_type_and_unit+training_values_pass_type_domain_check,numeric_identity,False,False,8636.0,1834.0,0,0,0,0,True,True,True,0.1.2,True,2|10|30|50|100,1414,True,True,True,True,True,1.0.0,True,benchmark04e_freeze_feature_schema,acfd34080ed60c0a6f59,True,numeric,median_impute+missing_indicator+standardize,cognitive_summary_score,numeric_identity,50,distinct_fit_participants_with_observed_original_feature,recomputed_per_scenario_and_per_temporal_block_on_fit_data,False,True,True,remove_if_support_lt_50_or_all_missing_or_effectively_constant_in_fit,True,retained_at_50_in_snapshot_all_train_reference,Semantically authorized. Apply the frozen support rule independently within each scenario and temporal block using fit participants only.
ADAS,visit,109,TOTSCORE,ADAS__TOTSCORE,True,numeric,median_impute+missing_indicator+standardize,cognitive_summary_score,cognitive_instrument_semantic_rule,automatic_proposal,,current_and_previous_blocks_evaluated_independently,50,distinct_fit_participants_with_observed_original_feature,recomputed_per_scenario_and_per_temporal_block_on_fit_data,remove_if_support_lt_50_or_all_missing_or_effectively_constant_in_fit,1416,True,0.6403757268525421,214,False,False,False,numeric_candidate,numeric_median_imputation,,True,numeric,median_impute+missing_indicator+standardize,cognitive_summary_score,documented_score_count_time_year_or_total_with_stable_type_and_unit+training_values_pass_type_domain_check,semantic_support_candidate_not_official_v0.1.2,matched,4,ADNI1;ADNI2;ADNI3;ADNIGO,Classic 70 point total. Excludes Q4 (Delayed Word Recall) and Q14 (Number Cancellation). || Total Score (ADAS 11),N,0..70,,Harmonized,Mapped from ADASSCORES TOTAL11,2,1,True,numeric,median_impute+missing_indicator+standardize,cognitive_summary_score,confirmed,dictionary_consistent_with_candidate_schema,definition_varies_by_phase,False,4,247,5,True,0,True,549,0,0,0,442,6877,1613,0,0,True,1,0,2,False,0.1.0,False,manual_review_unassessable_phase_domain,one_or_more_observed_phases_have_no_parseable_dictionary_domain,observed_code_semantics_phase_compatible,False,observed_values_unassessable_in_one_or_more_phases,consistent,consistent,8667,1835,True,numeric,median_impute+missing_indicator+standardize,cognitive_summary_score,approved,documented_score_count_time_year_or_total_with_stable_type_and_unit+training_values_pass_type_domain_check,numeric_identity,False,False,8667.0,1835.0,0,0,0,0,True,True,True,0.1.2,True,2|10|30|50|100,1416,True,True,True,True,True,1.0.0,True,benchmark04e_freeze_feature_schema,acfd34080ed60c0a6f59,True,numeric,median_impute+missing_indicator+standardize,cognitive_summary_score,numeric_identity,50,distinct_fit_participants_with_observed_original_feature,recomputed_per_scenario_and_per_temporal_block_on_fit_data,False,True,True,remove_if_support_lt_50_or_all_missing_or_effectively_constant_in_fit,True,retained_at_50_in_snapshot_all_train_reference,Semantically authorized. Apply the frozen support rule independently within each scenario and temporal block using fit participants only.
ADAS,visit,110,TOTAL13,ADAS__TOTAL13,True,numeric,median_impute+missing_indicator+standardize,cognitive_summary_score,cognitive_instrument_semantic_rule,automatic_proposal,,current_and_previous_blocks_evaluated_independently,50,distinct_fit_participants_with_observed_original_feature,recomputed_per_scenario_and_per_temporal_block_on_fit_data,remove_if_support_lt_50_or_all_missing_or_effectively_constant_in_fit,1411,True,0.6359027881318026,278,False,False,False,numeric_candidate,numeric_median_imputation,,True,numeric,median_impute+missing_indicator+standardize,cognitive_summary_score,documented_score_count_time_year_or_total_with_stable_type_and_unit+training_values_pass_type_domain_check,semantic_support_candidate_not_official_v0.1.2,matched,4,ADNI1;ADNI2;ADNI3;ADNIGO,85 point total includingQ4 (Delayed Word Recall) and Q14 (Number Cancellation). || Total Score (ADAS 13),N,0..85,,Harmonized,Mapped from ADASSCORES TOTALMOD,2,1,True,numeric,median_impute+missing_indicator+standardize,cognitive_summary_score,confirmed,dictionary_consistent_with_candidate_schema,definition_varies_by_phase,False,4,314,5,True,0,True,714,0,0,0,571,6811,1611,0,0,True,1,0,2,False,0.1.0,False,manual_review_unassessable_phase_domain,one_or_more_observed_phases_have_no_parseable_dictionary_domain,observed_code_semantics_phase_compatible,False,observed_values_unassessable_in_one_or_more_phases,consistent,consistent,8593,1834,True,numeric,median_impute+missing_indicator+standardize,cognitive_summary_score,approved,documented_score_count_time_year_or_total_with_stable_type_and_unit+training_values_pass_type_domain_check,numeric_identity,False,False,8593.0,1834.0,0,0,0,0,True,True,True,0.1.2,True,2|10|30|50|100,1411,True,True,True,True,True,1.0.0,True,benchmark04e_freeze_feature_schema,acfd34080ed60c0a6f59,True,numeric,median_impute+missing_indicator+standardize,cognitive_summary_score,numeric_identity,50,distinct_fit_participants_with_observed_original_feature,recomputed_per_scenario_and_per_temporal_block_on_fit_data,False,True,True,remove_if_support_lt_50_or_all_missing_or_effectively_constant_in_fit,True,retained_at_50_in_snapshot_all_train_reference,Semantically authorized. Apply the frozen support rule independently within each scenario and temporal block using fit participants only.
APOERES,participant,1,GENOTYPE,APOERES__GENOTYPE,True,categorical,missing_token+one_hot_ignore_unknown,genetic_genotype,source_specific_semantic_rule,automatic_proposal,,participant_level_enter_once_not_duplicated,50,distinct_fit_participants_with_observed_original_feature,recomputed_per_scenario_and_per_temporal_block_on_fit_data,remove_if_support_lt_50_or_all_missing_or_effectively_constant_in_fit,1814,True,0.9737587595049948,6,False,False,False,categorical_candidate,one_hot,,True,categorical,explicit_missing_category+one_hot_ignore_unknown,apoe_genotype_category,controlled_train_learned_categorical_domain_even_without_enumerated_CODE,semantic_support_candidate_not_official_v0.1.2,matched,5,ADNI1;ADNI2;ADNI3;ADNI4;ADNIGO,Apolipoprotein E (Apo-E) Genotype,T,,,Derived,"Formatted from APGEN1/APGEN2, sorted low to high",1,0,True,categorical,missing_token+one_hot_ignore_unknown,genetic_genotype,confirmed,dictionary_consistent_with_candidate_schema,,False,5,6,5,True,0,True,29,0,0,0,29,1814,1814,0,0,True,1,0,1,False,0.1.0,False,manual_review_uncontrolled_categorical_domain,included_non_numeric_feature_has_no_parseable_dictionary_code_domain,not_assessable_no_code_dictionary,False,uncontrolled_domain_no_parseable_codes,consistent,consistent,1814,1814,True,categorical,explicit_missing_category+one_hot_ignore_unknown,apoe_genotype_category,approved,controlled_train_learned_categorical_domain_even_without_enumerated_CODE,categorical_identity,False,False,,,0,0,0,0,True,True,True,0.1.2,True,2|10|30|50|100,1814,True,True,True,True,True,1.0.0,True,benchmark04e_freeze_feature_schema,acfd34080ed60c0a6f59,True,categorical,explicit_missing_category+one_hot_ignore_unknown,apoe_genotype_category,categorical_identity,50,distinct_fit_participants_with_observed_original_feature,recomputed_per_scenario_and_per_temporal_block_on_fit_data,False,True,True,remove_if_support_lt_50_or_all_missing_or_effectively_constant_in_fit,True,retained_at_50_in_snapshot_all_train_reference,Semantically authorized. Apply the frozen support rule independently within each scenario and temporal block using fit participants only.
CDR,visit,1,CDSOURCE,CDR__CDSOURCE,False,excluded,none,assessment_administration,instrument_source_or_provenance,manual_group_review_required,R01_ADMINISTRATIVE_EXCLUSIONS,current_and_previous_blocks_evaluated_independently,50,distinct_fit_participants_with_observed_original_feature,recomputed_per_scenario_and_per_temporal_block_on_fit_data,remove_if_support_lt_50_or_all_missing_or_effectively_constant_in_fit,1856,False,0.8079618309229164,2,False,False,False,binary_numeric_candidate,binary_or_one_hot_review,administrative_name_pattern|numeric_looking_code_requires_semantic_review,True,categorical,explicit_missing_category+one_hot_ignore_unknown,measurement_mode,normalize_in_person_vs_remote_phone_or_video,semantic_support_candidate_not_official_v0.1.2,matched,5,ADNI1;ADNI2;ADNI3;ADNI4;ADNIGO,Information Source,N,1=Participant Visit; 2=Telephone Call/Video Call || 1=Participant Visit;2=Telephone Call || 1=Participant Visit;2=Telephone Call/Video Call,,,,1,3,True,categorical,explicit_missing_category+one_hot_ignore_unknown,measurement_context,corrected,include_documented_source_version_wordlist_or_noncompletion_context_as_categorical,code_dictionary_varies_by_phase,True,5,2,5,True,0,True,10,0,0,0,0,0,0,1,0,True,1,0,1,False,0.1.0,False,blocked_phase_semantic_conflict,the_same_raw_code_has_different_documented_meanings_across_observed_phases,phase_semantic_conflict,True,all_observed_values_documented,consistent,consistent,9081,1986,True,categorical,explicit_missing_category+one_hot_ignore_unknown,measurement_mode,approved_with_harmonization,normalize_in_person_vs_remote_phone_or_video,cdr_source_mode_harmonization,False,False,,,0,0,0,0,True,True,True,0.1.2,True,2|10|30|50|100,1856,True,True,True,True,True,1.0.0,True,benchmark04e_freeze_feature_schema,acfd34080ed60c0a6f59,True,categorical,explicit_missing_category+one_hot_ignore_unknown,measurement_mode,cdr_source_mode_harmonization,50,distinct_fit_participants_with_observed_original_feature,recomputed_per_scenario_and_per_temporal_block_on_fit_data,False,True,True,remove_if_support_lt_50_or_all_missing_or_effectively_constant_in_fit,True,retained_at_50_in_snapshot_all_train_reference,Semantically authorized. Apply the frozen support rule independently within each scenario and temporal block using fit participants only.
CDR,visit,2,CDVERSION,CDR__CDVERSION,False,excluded,none,assessment_administration,instrument_version,manual_group_review_required,R01_ADMINISTRATIVE_EXCLUSIONS,current_and_previous_blocks_evaluated_independently,50,distinct_fit_participants_with_observed_original_feature,recomputed_per_scenario_and_per_temporal_block_on_fit_data,remove_if_support_lt_50_or_all_missing_or_effectively_constant_in_fit,1406,False,0.4835246757119427,3,False,False,False,categorical_numeric_code_candidate,one_hot_or_numeric_review,administrative_name_pattern|numeric_looking_code_requires_semantic_review,True,categorical,explicit_missing_category+one_hot_ignore_unknown,instrument_version,same_code_set_with_textual_definition_variants,semantic_support_candidate_not_official_v0.1.2,matched,3,ADNI2;ADNI3;ADNI4,Version,N,1=CDR version 1- Full interview with informant and participant ;3=CDR version 2- Full interview with only informant;2=CDR version 3- Abbreviated interview with only informant || 1=CDR version 1- Full interview with informant and participant; 2=CDR version 3- Abbreviated (Only to be used if study partner refuses full interview); 3=CDR version 2- Full interview with only informant || 1=CDR version 1- Full interview with informant and participant;2=CDR version 3- Abbreviated interview with only informant;3=CDR version 2- Full interview with only informant,,,,1,3,True,categorical,explicit_missing_category+one_hot_ignore_unknown,measurement_context,corrected,include_documented_source_version_wordlist_or_noncompletion_context_as_categorical,code_dictionary_varies_by_phase,True,3,3,3,True,0,True,9,0,0,0,0,0,0,1,0,True,1,0,1,False,0.1.0,False,blocked_phase_semantic_conflict,the_same_raw_code_has_different_documented_meanings_across_observed_phases,phase_semantic_conflict,True,all_observed_values_documented,consistent,consistent,6164,1603,True,categorical,explicit_missing_category+one_hot_ignore_unknown,instrument_version,approved,same_code_set_with_textual_definition_variants,categorical_identity,False,False,,,0,0,0,0,True,True,True,0.1.2,True,2|10|30|50|100,1406,True,True,True,True,True,1.0.0,True,benchmark04e_freeze_feature_schema,acfd34080ed60c0a6f59,True,categorical,explicit_missing_category+one_hot_ignore_unknown,instrument_version,categorical_identity,50,distinct_fit_participants_with_observed_original_feature,recomputed_per_scenario_and_per_temporal_block_on_fit_data,False,True,True,remove_if_support_lt_50_or_all_missing_or_effectively_constant_in_fit,True,retained_at_50_in_snapshot_all_train_reference,Semantically authorized. Apply the frozen support rule independently within each scenario and temporal block using fit participants only.
CDR,visit,3,CDMEMORY,CDR__CDMEMORY,True,numeric,median_impute+missing_indicator+standardize,cognitive_item_or_measure,cognitive_instrument_semantic_rule,automatic_proposal,,current_and_previous_blocks_evaluated_independently,50,distinct_fit_participants_with_observed_original_feature,recomputed_per_scenario_and_per_temporal_block_on_fit_data,remove_if_support_lt_50_or_all_missing_or_effectively_constant_in_fit,1857,True,0.8128820635157298,6,False,False,False,numeric_candidate,numeric_median_imputation,,True,numeric,median_impute+missing_indicator+standardize,cognitive_item_or_measure,benchmark04b_semantic_audit_approved,semantic_support_candidate_not_official_v0.1.2,matched,5,ADNI1;ADNI2;ADNI3;ADNI4;ADNIGO,Memory Score || Score <!--Memory-->,N,0.0=0.0; 0.5=0.5; 1.0=1.0; 2.0=2.0; 3.0=3.0 || 0.0=0.0;0.5=0.5;1.0=1.0;2.0=2.0;3.0=3.0 || 0=0.0;0.5=0.5;1=1.0;2=2.0;3=3.0,,,,2,3,True,numeric,median_impute+missing_indicator+standardize,cognitive_item_or_measure,confirmed,dictionary_consistent_with_candidate_schema,definition_varies_by_phase|code_dictionary_varies_by_phase,False,5,6,5,True,0,True,28,0,0,0,0,0,0,0,0,True,1,0,2,True,0.1.0,False,approved_for_support_pilot,dictionary_domain_and_observed_phase_semantics_are_compatible_in_training,observed_code_semantics_phase_compatible,False,all_observed_values_documented,consistent,consistent,9150,1986,True,numeric,median_impute+missing_indicator+standardize,cognitive_item_or_measure,approved,benchmark04b_semantic_audit_approved,identity,False,False,9150.0,1986.0,0,0,0,0,True,True,True,0.1.2,True,2|10|30|50|100,1857,True,True,True,True,True,1.0.0,True,benchmark04e_freeze_feature_schema,acfd34080ed60c0a6f59,True,numeric,median_impute+missing_indicator+standardize,cognitive_item_or_measure,identity,50,distinct_fit_participants_with_observed_original_feature,recomputed_per_scenario_and_per_temporal_block_on_fit_data,False,True,True,remove_if_support_lt_50_or_all_missing_or_effectively_constant_in_fit,True,retained_at_50_in_snapshot_all_train_reference,Semantically authorized. Apply the frozen support rule independently within each scenario and temporal block using fit participants only.
CDR,visit,4,CDORIENT,CDR__CDORIENT,True,numeric,median_impute+missing_indicator+standardize,cognitive_item_or_measure,cognitive_instrument_semantic_rule,automatic_proposal,,current_and_previous_blocks_evaluated_independently,50,distinct_fit_participants_with_observed_original_feature,recomputed_per_scenario_and_per_temporal_block_on_fit_data,remove_if_support_lt_50_or_all_missing_or_effectively_constant_in_fit,1857,True,0.8128820635157298,6,False,False,False,numeric_candidate,numeric_median_imputation,,True,numeric,median_impute+missing_indicator+standardize,cognitive_item_or_measure,benchmark04b_semantic_audit_approved,semantic_support_candidate_not_official_v0.1.2,matched,5,ADNI1;ADNI2;ADNI3;ADNI4;ADNIGO,Orientation Score || Score <!--Orientation-->,N,0.0=0.0; 0.5=0.5; 1.0=1.0; 2.0=2.0; 3.0=3.0 || 0.0=0.0;0.5=0.5;1.0=1.0;2.0=2.0;3.0=3.0 || 0=0.0;0.5=0.5;1=1.0;2=2.0;3=3.0,,,,2,3,True,numeric,median_impute+missing_indicator+standardize,cognitive_item_or_measure,confirmed,dictionary_consistent_with_candidate_schema,definition_varies_by_phase|code_dictionary_varies_by_phase,False,5,6,5,True,0,True,28,0,0,0,0,0,0,0,0,True,1,0,2,True,0.1.0,False,approved_for_support_pilot,dictionary_domain_and_observed_phase_semantics_are_compatible_in_training,observed_code_semantics_phase_compatible,False,all_observed_values_documented,consistent,consistent,9150,1986,True,numeric,median_impute+missing_indicator+standardize,cognitive_item_or_measure,approved,benchmark04b_semantic_audit_approved,identity,False,False,9150.0,1986.0,0,0,0,0,True,True,True,0.1.2,True,2|10|30|50|100,1857,True,True,True,True,True,1.0.0,True,benchmark04e_freeze_feature_schema,acfd34080ed60c0a6f59,True,numeric,median_impute+missing_indicator+standardize,cognitive_item_or_measure,identity,50,distinct_fit_participants_with_observed_original_feature,recomputed_per_scenario_and_per_temporal_block_on_fit_data,False,True,True,remove_if_support_lt_50_or_all_missing_or_effectively_constant_in_fit,True,retained_at_50_in_snapshot_all_train_reference,Semantically authorized. Apply the frozen support rule independently within each scenario and temporal block using fit participants only.
CDR,visit,5,CDJUDGE,CDR__CDJUDGE,True,numeric,median_impute+missing_indicator+standardize,cognitive_item_or_measure,cognitive_instrument_semantic_rule,automatic_proposal,,current_and_previous_blocks_evaluated_independently,50,distinct_fit_participants_with_observed_original_feature,recomputed_per_scenario_and_per_temporal_block_on_fit_data,remove_if_support_lt_50_or_all_missing_or_effectively_constant_in_fit,1857,True,0.8128820635157298,6,False,False,False,numeric_candidate,numeric_median_imputation,,True,numeric,median_impute+missing_indicator+standardize,cognitive_item_or_measure,benchmark04b_semantic_audit_approved,semantic_support_candidate_not_official_v0.1.2,matched,5,ADNI1;ADNI2;ADNI3;ADNI4;ADNIGO,Judgment and Problem Solving Score || Score <!--Judgment and Problem Solving-->,N,0.0=0.0; 0.5=0.5; 1.0=1.0; 2.0=2.0; 3.0=3.0 || 0.0=0.0;0.5=0.5;1.0=1.0;2.0=2.0;3.0=3.0 || 0=0.0;0.5=0.5;1=1.0;2=2.0;3=3.0,,,,2,3,True,numeric,median_impute+missing_indicator+standardize,cognitive_item_or_measure,confirmed,dictionary_consistent_with_candidate_schema,definition_varies_by_phase|code_dictionary_varies_by_phase,False,5,6,5,True,0,True,28,0,0,0,0,0,0,0,0,True,1,0,2,True,0.1.0,False,approved_for_support_pilot,dictionary_domain_and_observed_phase_semantics_are_compatible_in_training,observed_code_semantics_phase_compatible,False,all_observed_values_documented,consistent,consistent,9150,1986,True,numeric,median_impute+missing_indicator+standardize,cognitive_item_or_measure,approved,benchmark04b_semantic_audit_approved,identity,False,False,9150.0,1986.0,0,0,0,0,True,True,True,0.1.2,True,2|10|30|50|100,1857,True,True,True,True,True,1.0.0,True,benchmark04e_freeze_feature_schema,acfd34080ed60c0a6f59,True,numeric,median_impute+missing_indicator+standardize,cognitive_item_or_measure,identity,50,distinct_fit_participants_with_observed_original_feature,recomputed_per_scenario_and_per_temporal_block_on_fit_data,False,True,True,remove_if_support_lt_50_or_all_missing_or_effectively_constant_in_fit,True,retained_at_50_in_snapshot_all_train_reference,Semantically authorized. Apply the frozen support rule independently within each scenario and temporal block using fit participants only.
CDR,visit,6,CDCOMMUN,CDR__CDCOMMUN,True,numeric,median_impute+missing_indicator+standardize,cognitive_item_or_measure,cognitive_instrument_semantic_rule,automatic_proposal,,current_and_previous_blocks_evaluated_independently,50,distinct_fit_participants_with_observed_original_feature,recomputed_per_scenario_and_per_temporal_block_on_fit_data,remove_if_support_lt_50_or_all_missing_or_effectively_constant_in_fit,1857,True,0.8128820635157298,6,False,False,False,numeric_candidate,numeric_median_imputation,,True,numeric,median_impute+missing_indicator+standardize,cognitive_item_or_measure,benchmark04b_semantic_audit_approved,semantic_support_candidate_not_official_v0.1.2,matched,5,ADNI1;ADNI2;ADNI3;ADNI4;ADNIGO,Community Affairs Score || Score <!--Community Affairs-->,N,0.0=0.0; 0.5=0.5; 1.0=1.0; 2.0=2.0; 3.0=3.0 || 0.0=0.0;0.5=0.5;1.0=1.0;2.0=2.0;3.0=3.0 || 0=0.0;0.5=0.5;1=1.0;2=2.0;3=3.0,,,,2,3,True,numeric,median_impute+missing_indicator+standardize,cognitive_item_or_measure,confirmed,dictionary_consistent_with_candidate_schema,definition_varies_by_phase|code_dictionary_varies_by_phase,False,5,6,5,True,0,True,28,0,0,0,0,0,0,0,0,True,1,0,2,True,0.1.0,False,approved_for_support_pilot,dictionary_domain_and_observed_phase_semantics_are_compatible_in_training,observed_code_semantics_phase_compatible,False,all_observed_values_documented,consistent,consistent,9149,1986,True,numeric,median_impute+missing_indicator+standardize,cognitive_item_or_measure,approved,benchmark04b_semantic_audit_approved,identity,False,False,9149.0,1986.0,0,0,0,0,True,True,True,0.1.2,True,2|10|30|50|100,1857,True,True,True,True,True,1.0.0,True,benchmark04e_freeze_feature_schema,acfd34080ed60c0a6f59,True,numeric,median_impute+missing_indicator+standardize,cognitive_item_or_measure,identity,50,distinct_fit_participants_with_observed_original_feature,recomputed_per_scenario_and_per_temporal_block_on_fit_data,False,True,True,remove_if_support_lt_50_or_all_missing_or_effectively_constant_in_fit,True,retained_at_50_in_snapshot_all_train_reference,Semantically authorized. Apply the frozen support rule independently within each scenario and temporal block using fit participants only.
CDR,visit,7,CDHOME,CDR__CDHOME,True,numeric,median_impute+missing_indicator+standardize,cognitive_item_or_measure,cognitive_instrument_semantic_rule,automatic_proposal,,current_and_previous_blocks_evaluated_independently,50,distinct_fit_participants_with_observed_original_feature,recomputed_per_scenario_and_per_temporal_block_on_fit_data,remove_if_support_lt_50_or_all_missing_or_effectively_constant_in_fit,1857,True,0.8128820635157298,6,False,False,False,numeric_candidate,numeric_median_imputation,,True,numeric,median_impute+missing_indicator+standardize,cognitive_item_or_measure,benchmark04b_semantic_audit_approved,semantic_support_candidate_not_official_v0.1.2,matched,5,ADNI1;ADNI2;ADNI3;ADNI4;ADNIGO,Home and Hobbies Score || Score <!--Home and Hobbies-->,N,0.0=0.0; 0.5=0.5; 1.0=1.0; 2.0=2.0; 3.0=3.0 || 0.0=0.0;0.5=0.5;1.0=1.0;2.0=2.0;3.0=3.0 || 0=0.0;0.5=0.5;1=1.0;2=2.0;3=3.0,,,,2,3,True,numeric,median_impute+missing_indicator+standardize,cognitive_item_or_measure,confirmed,dictionary_consistent_with_candidate_schema,definition_varies_by_phase|code_dictionary_varies_by_phase,False,5,6,5,True,0,True,28,0,0,0,0,0,0,0,0,True,1,0,2,True,0.1.0,False,approved_for_support_pilot,dictionary_domain_and_observed_phase_semantics_are_compatible_in_training,observed_code_semantics_phase_compatible,False,all_observed_values_documented,consistent,consistent,9149,1986,True,numeric,median_impute+missing_indicator+standardize,cognitive_item_or_measure,approved,benchmark04b_semantic_audit_approved,identity,False,False,9149.0,1986.0,0,0,0,0,True,True,True,0.1.2,True,2|10|30|50|100,1857,True,True,True,True,True,1.0.0,True,benchmark04e_freeze_feature_schema,acfd34080ed60c0a6f59,True,numeric,median_impute+missing_indicator+standardize,cognitive_item_or_measure,identity,50,distinct_fit_participants_with_observed_original_feature,recomputed_per_scenario_and_per_temporal_block_on_fit_data,False,True,True,remove_if_support_lt_50_or_all_missing_or_effectively_constant_in_fit,True,retained_at_50_in_snapshot_all_train_reference,Semantically authorized. Apply the frozen support rule independently within each scenario and temporal block using fit participants only.
CDR,visit,8,CDCARE,CDR__CDCARE,True,numeric,median_impute+missing_indicator+standardize,cognitive_item_or_measure,cognitive_instrument_semantic_rule,automatic_proposal,,current_and_previous_blocks_evaluated_independently,50,distinct_fit_participants_with_observed_original_feature,recomputed_per_scenario_and_per_temporal_block_on_fit_data,remove_if_support_lt_50_or_all_missing_or_effectively_constant_in_fit,1856,True,0.8127329655583718,5,False,False,False,categorical_numeric_code_candidate,one_hot_or_numeric_review,numeric_looking_code_requires_semantic_review,True,numeric,median_impute+missing_indicator+standardize,cognitive_item_or_measure,benchmark04b_semantic_audit_approved,semantic_support_candidate_not_official_v0.1.2,matched,5,ADNI1;ADNI2;ADNI3;ADNI4;ADNIGO,Personal Care Score || Score <!--Personal Care-->,N,0.0=0.0; 1.0=1.0; 2.0=2.0; 3.0=3.0 || 0.0=0.0;1.0=1.0;2.0=2.0;3.0=3.0 || 0=0.0;1=1.0;2=2.0;3=3.0,,,,2,3,True,numeric,median_impute+missing_indicator+standardize,cognitive_item_or_measure,confirmed,dictionary_consistent_with_candidate_schema,definition_varies_by_phase|code_dictionary_varies_by_phase,False,5,5,5,True,0,True,22,0,0,0,0,0,0,0,0,True,1,0,2,True,0.1.0,False,approved_for_support_pilot,dictionary_domain_and_observed_phase_semantics_are_compatible_in_training,observed_code_semantics_phase_compatible,False,all_observed_values_documented,consistent,consistent,9149,1985,True,numeric,median_impute+missing_indicator+standardize,cognitive_item_or_measure,approved,benchmark04b_semantic_audit_approved,identity,False,False,9149.0,1985.0,0,0,0,0,True,True,True,0.1.2,True,2|10|30|50|100,1856,True,True,True,True,True,1.0.0,True,benchmark04e_freeze_feature_schema,acfd34080ed60c0a6f59,True,numeric,median_impute+missing_indicator+standardize,cognitive_item_or_measure,identity,50,distinct_fit_participants_with_observed_original_feature,recomputed_per_scenario_and_per_temporal_block_on_fit_data,False,True,True,remove_if_support_lt_50_or_all_missing_or_effectively_constant_in_fit,True,retained_at_50_in_snapshot_all_train_reference,Semantically authorized. Apply the frozen support rule independently within each scenario and temporal block using fit participants only.
CDR,visit,9,CDGLOBAL,CDR__CDGLOBAL,True,numeric,median_impute+missing_indicator+standardize,cognitive_summary_score,cognitive_instrument_semantic_rule,automatic_proposal,,current_and_previous_blocks_evaluated_independently,50,distinct_fit_participants_with_observed_original_feature,recomputed_per_scenario_and_per_temporal_block_on_fit_data,remove_if_support_lt_50_or_all_missing_or_effectively_constant_in_fit,1857,True,0.8125838676010139,6,False,False,False,numeric_candidate,numeric_median_imputation,,True,categorical,explicit_missing_category+one_hot_ignore_unknown,global_clinical_stage,ordered_clinical_stages_without_assumed_equal_distances,semantic_support_candidate_not_official_v0.1.2,matched,5,ADNI1;ADNI2;ADNI3;ADNI4;ADNIGO,Global CDR,N,0.0=0.0; 0.5=0.5; 1.0=1.0; 2.0=2.0; 3.0=3.0 || 0.0=0.0;0.5=0.5;1.0=1.0;2.0=2.0;3.0=3.0 || 0=0.0;0.5=0.5;1=1.0;2=2.0;3=3.0,,,,1,3,True,numeric,median_impute+missing_indicator+standardize,cognitive_summary_score,confirmed,dictionary_consistent_with_candidate_schema,code_dictionary_varies_by_phase,False,5,6,5,True,0,True,28,0,0,0,12,3623,870,0,0,True,1,0,1,False,0.1.0,False,manual_review_unassessable_phase_domain,one_or_more_observed_phases_have_no_parseable_dictionary_domain,observed_code_semantics_phase_compatible,False,observed_values_unassessable_in_one_or_more_phases,consistent,consistent,9144,1986,True,categorical,explicit_missing_category+one_hot_ignore_unknown,global_clinical_stage,approved,ordered_clinical_stages_without_assumed_equal_distances,categorical_identity,False,False,,,0,0,0,0,True,True,True,0.1.2,True,2|10|30|50|100,1857,True,True,True,True,True,1.0.0,True,benchmark04e_freeze_feature_schema,acfd34080ed60c0a6f59,True,categorical,explicit_missing_category+one_hot_ignore_unknown,global_clinical_stage,categorical_identity,50,distinct_fit_participants_with_observed_original_feature,recomputed_per_scenario_and_per_temporal_block_on_fit_data,False,True,True,remove_if_support_lt_50_or_all_missing_or_effectively_constant_in_fit,True,retained_at_50_in_snapshot_all_train_reference,Semantically authorized. Apply the frozen support rule independently within each scenario and temporal block using fit participants only.
CDR,visit,10,CDRSB,CDR__CDRSB,True,numeric,median_impute+missing_indicator+standardize,cognitive_summary_score,cognitive_instrument_semantic_rule,automatic_proposal,,current_and_previous_blocks_evaluated_independently,50,distinct_fit_participants_with_observed_original_feature,recomputed_per_scenario_and_per_temporal_block_on_fit_data,remove_if_support_lt_50_or_all_missing_or_effectively_constant_in_fit,1856,True,0.8075145370508424,27,False,False,False,numeric_candidate,numeric_median_imputation,,True,numeric,median_impute+missing_indicator+standardize,cognitive_summary_score,documented_score_count_time_year_or_total_with_stable_type_and_unit+training_values_pass_type_domain_check,semantic_support_candidate_not_official_v0.1.2,matched,2,ADNI3;ADNI4,CDR-SB || Sum of Boxes,N,0..18,,Backfilled,Calculated for all phases as (CDMEMORY+CDORIENT+CDJUDGE+CDCOMMUN+CDHOME+CDCARE),2,1,True,numeric,median_impute+missing_indicator+standardize,cognitive_summary_score,confirmed,dictionary_consistent_with_candidate_schema,definition_varies_by_phase,False,2,32,5,True,0,True,132,0,0,0,104,7039,1703,0,0,True,1,0,2,False,0.1.0,False,manual_review_unassessable_phase_domain,one_or_more_observed_phases_have_no_parseable_dictionary_domain,observed_code_semantics_phase_compatible,False,observed_values_unassessable_in_one_or_more_phases,consistent,consistent,9072,1985,True,numeric,median_impute+missing_indicator+standardize,cognitive_summary_score,approved,documented_score_count_time_year_or_total_with_stable_type_and_unit+training_values_pass_type_domain_check,numeric_identity,False,False,9072.0,1985.0,0,0,0,0,True,True,True,0.1.2,True,2|10|30|50|100,1856,True,True,True,True,True,1.0.0,True,benchmark04e_freeze_feature_schema,acfd34080ed60c0a6f59,True,numeric,median_impute+missing_indicator+standardize,cognitive_summary_score,numeric_identity,50,distinct_fit_participants_with_observed_original_feature,recomputed_per_scenario_and_per_temporal_block_on_fit_data,False,True,True,remove_if_support_lt_50_or_all_missing_or_effectively_constant_in_fit,True,retained_at_50_in_snapshot_all_train_reference,Semantically authorized. Apply the frozen support rule independently within each scenario and temporal block using fit participants only.
FAQ,visit,1,SOURCE,FAQ__SOURCE,False,excluded,none,assessment_administration,instrument_source_or_provenance,manual_group_review_required,R01_ADMINISTRATIVE_EXCLUSIONS,current_and_previous_blocks_evaluated_independently,50,distinct_fit_participants_with_observed_original_feature,recomputed_per_scenario_and_per_temporal_block_on_fit_data,remove_if_support_lt_50_or_all_missing_or_effectively_constant_in_fit,1417,False,0.6400775309378262,2,False,False,False,binary_numeric_candidate,binary_or_one_hot_review,administrative_name_pattern|numeric_looking_code_requires_semantic_review,True,categorical,explicit_missing_category+one_hot_ignore_unknown,measurement_context,documented_controlled_category_or_measurement_context_with_train_learned_domain,semantic_support_candidate_not_official_v0.1.2,matched,4,ADNI2;ADNI3;ADNI4;ADNIGO,Information Source,N,1=Participant Visit; 2=Telephone Call/Video Call || 1=Participant Visit;2=Telephone Call || 1=Participant Visit;2=Telephone Call/Video Call,,,,1,3,True,categorical,explicit_missing_category+one_hot_ignore_unknown,measurement_context,corrected,include_documented_source_version_wordlist_or_noncompletion_context_as_categorical,code_dictionary_varies_by_phase,True,4,2,5,True,0,True,10,0,0,0,2,2582,544,0,0,True,1,0,1,False,0.1.0,False,manual_review_unassessable_phase_domain,one_or_more_observed_phases_have_no_parseable_dictionary_domain,phase_dictionary_missing_for_observed_phase,True,observed_values_unassessable_in_one_or_more_phases,consistent,consistent,8973,1832,True,categorical,explicit_missing_category+one_hot_ignore_unknown,measurement_context,approved,documented_controlled_category_or_measurement_context_with_train_learned_domain,categorical_identity,False,False,,,0,0,0,0,True,True,True,0.1.2,True,2|10|30|50|100,1417,True,True,True,True,True,1.0.0,True,benchmark04e_freeze_feature_schema,acfd34080ed60c0a6f59,True,categorical,explicit_missing_category+one_hot_ignore_unknown,measurement_context,categorical_identity,50,distinct_fit_participants_with_observed_original_feature,recomputed_per_scenario_and_per_temporal_block_on_fit_data,False,True,True,remove_if_support_lt_50_or_all_missing_or_effectively_constant_in_fit,True,retained_at_50_in_snapshot_all_train_reference,Semantically authorized. Apply the frozen support rule independently within each scenario and temporal block using fit participants only.
FAQ,visit,2,FAQFINAN,FAQ__FAQFINAN,True,numeric,median_impute+missing_indicator+standardize,cognitive_item_or_measure,cognitive_instrument_semantic_rule,automatic_proposal,,current_and_previous_blocks_evaluated_independently,50,distinct_fit_participants_with_observed_original_feature,recomputed_per_scenario_and_per_temporal_block_on_fit_data,remove_if_support_lt_50_or_all_missing_or_effectively_constant_in_fit,1413,True,0.6373937677053825,6,False,False,False,categorical_numeric_code_candidate,one_hot_or_numeric_review,numeric_looking_code_requires_semantic_review,True,numeric,official_FAQ_code_to_score_map_0to0_1to0_2to1_3to1_4to2_5to3+median_impute+missing_indicator+standardize,officially_scored_functional_item,apply_official_FAQ_item_score_map,semantic_support_candidate_not_official_v0.1.2,matched,5,ADNI1;ADNI2;ADNI3;ADNI4;ADNIGO,"1. Writing checks, paying bills, or balancing checkbook.",N,"0=Normal (0); 1=Never did, but could do now (0); 2=Never did, would have difficulty now (1); 3=Has difficulty, but does by self (1); 4=Requires assistance (2); 5=Dependent (3) || 0=Normal (0);1=Never did, but could do now (0);2=Never did, would have difficulty now (1);3=Has difficulty, but does by self (1);4=Requires assistance (2);5=Dependent (3)",,,,1,2,True,numeric,official_FAQ_code_to_score_map_0to0_1to0_2to1_3to1_4to2_5to3+median_impute+missing_indicator+standardize,officially_scored_functional_item,corrected_encoding,apply_documented_FAQ_item_scoring_instead_of_using_raw_0_to_5_category_codes_as_numeric,code_dictionary_varies_by_phase,True,5,6,5,True,0,True,30,0,0,0,0,0,0,0,0,True,1,0,1,True,0.1.0,False,approved_for_support_pilot,dictionary_domain_and_observed_phase_semantics_are_compatible_in_training,observed_code_semantics_phase_compatible,False,all_observed_values_documented,consistent,consistent,8940,1831,True,numeric,official_FAQ_code_to_score_map_0to0_1to0_2to1_3to1_4to2_5to3+median_impute+missing_indicator+standardize,officially_scored_functional_item,approved,apply_official_FAQ_item_score_map,faq_official_item_score_map,False,False,8940.0,1831.0,0,0,0,0,True,True,True,0.1.2,True,2|10|30|50|100,1413,True,True,True,True,True,1.0.0,True,benchmark04e_freeze_feature_schema,acfd34080ed60c0a6f59,True,numeric,official_FAQ_code_to_score_map_0to0_1to0_2to1_3to1_4to2_5to3+median_impute+missing_indicator+standardize,officially_scored_functional_item,faq_official_item_score_map,50,distinct_fit_participants_with_observed_original_feature,recomputed_per_scenario_and_per_temporal_block_on_fit_data,False,True,True,remove_if_support_lt_50_or_all_missing_or_effectively_constant_in_fit,True,retained_at_50_in_snapshot_all_train_reference,Semantically authorized. Apply the frozen support rule independently within each scenario and temporal block using fit participants only.
FAQ,visit,3,FAQFORM,FAQ__FAQFORM,True,numeric,median_impute+missing_indicator+standardize,cognitive_item_or_measure,cognitive_instrument_semantic_rule,automatic_proposal,,current_and_previous_blocks_evaluated_independently,50,distinct_fit_participants_with_observed_original_feature,recomputed_per_scenario_and_per_temporal_block_on_fit_data,remove_if_support_lt_50_or_all_missing_or_effectively_constant_in_fit,1414,True,0.6376919636200984,6,False,False,False,categorical_numeric_code_candidate,one_hot_or_numeric_review,numeric_looking_code_requires_semantic_review,True,numeric,official_FAQ_code_to_score_map_0to0_1to0_2to1_3to1_4to2_5to3+median_impute+missing_indicator+standardize,officially_scored_functional_item,apply_official_FAQ_item_score_map,semantic_support_candidate_not_official_v0.1.2,matched,5,ADNI1;ADNI2;ADNI3;ADNI4;ADNIGO,"2. Assembling tax records, business affairs, or other papers.",N,"0=Normal (0); 1=Never did, but could do now (0); 2=Never did, would have difficulty now (1); 3=Has difficulty, but does by self (1); 4=Requires assistance (2); 5=Dependent (3) || 0=Normal (0);1=Never did, but could do now (0);2=Never did, would have difficulty now (1);3=Has difficulty, but does by self (1);4=Requires assistance (2);5=Dependent (3)",,,,1,2,True,numeric,official_FAQ_code_to_score_map_0to0_1to0_2to1_3to1_4to2_5to3+median_impute+missing_indicator+standardize,officially_scored_functional_item,corrected_encoding,apply_documented_FAQ_item_scoring_instead_of_using_raw_0_to_5_category_codes_as_numeric,code_dictionary_varies_by_phase,True,5,6,5,True,0,True,30,0,0,0,0,0,0,0,0,True,1,0,1,True,0.1.0,False,approved_for_support_pilot,dictionary_domain_and_observed_phase_semantics_are_compatible_in_training,observed_code_semantics_phase_compatible,False,all_observed_values_documented,consistent,consistent,8941,1831,True,numeric,official_FAQ_code_to_score_map_0to0_1to0_2to1_3to1_4to2_5to3+median_impute+missing_indicator+standardize,officially_scored_functional_item,approved,apply_official_FAQ_item_score_map,faq_official_item_score_map,False,False,8941.0,1831.0,0,0,0,0,True,True,True,0.1.2,True,2|10|30|50|100,1414,True,True,True,True,True,1.0.0,True,benchmark04e_freeze_feature_schema,acfd34080ed60c0a6f59,True,numeric,official_FAQ_code_to_score_map_0to0_1to0_2to1_3to1_4to2_5to3+median_impute+missing_indicator+standardize,officially_scored_functional_item,faq_official_item_score_map,50,distinct_fit_participants_with_observed_original_feature,recomputed_per_scenario_and_per_temporal_block_on_fit_data,False,True,True,remove_if_support_lt_50_or_all_missing_or_effectively_constant_in_fit,True,retained_at_50_in_snapshot_all_train_reference,Semantically authorized. Apply the frozen support rule independently within each scenario and temporal block using fit participants only.
FAQ,visit,4,FAQSHOP,FAQ__FAQSHOP,True,numeric,median_impute+missing_indicator+standardize,cognitive_item_or_measure,cognitive_instrument_semantic_rule,automatic_proposal,,current_and_previous_blocks_evaluated_independently,50,distinct_fit_participants_with_observed_original_feature,recomputed_per_scenario_and_per_temporal_block_on_fit_data,remove_if_support_lt_50_or_all_missing_or_effectively_constant_in_fit,1414,True,0.6381392574921724,6,False,False,False,categorical_numeric_code_candidate,one_hot_or_numeric_review,numeric_looking_code_requires_semantic_review,True,numeric,official_FAQ_code_to_score_map_0to0_1to0_2to1_3to1_4to2_5to3+median_impute+missing_indicator+standardize,officially_scored_functional_item,apply_official_FAQ_item_score_map,semantic_support_candidate_not_official_v0.1.2,matched,5,ADNI1;ADNI2;ADNI3;ADNI4;ADNIGO,"3. Shopping alone for clothes, household necessities, or groceries.",N,"0=Normal (0); 1=Never did, but could do now (0); 2=Never did, would have difficulty now (1); 3=Has difficulty, but does by self (1); 4=Requires assistance (2); 5=Dependent (3) || 0=Normal (0);1=Never did, but could do now (0);2=Never did, would have difficulty now (1);3=Has difficulty, but does by self (1);4=Requires assistance (2);5=Dependent (3)",,,,1,2,True,numeric,official_FAQ_code_to_score_map_0to0_1to0_2to1_3to1_4to2_5to3+median_impute+missing_indicator+standardize,officially_scored_functional_item,corrected_encoding,apply_documented_FAQ_item_scoring_instead_of_using_raw_0_to_5_category_codes_as_numeric,code_dictionary_varies_by_phase,True,5,6,5,True,0,True,30,0,0,0,0,0,0,0,0,True,1,0,1,True,0.1.0,False,approved_for_support_pilot,dictionary_domain_and_observed_phase_semantics_are_compatible_in_training,observed_code_semantics_phase_compatible,False,all_observed_values_documented,consistent,consistent,8945,1831,True,numeric,official_FAQ_code_to_score_map_0to0_1to0_2to1_3to1_4to2_5to3+median_impute+missing_indicator+standardize,officially_scored_functional_item,approved,apply_official_FAQ_item_score_map,faq_official_item_score_map,False,False,8945.0,1831.0,0,0,0,0,True,True,True,0.1.2,True,2|10|30|50|100,1414,True,True,True,True,True,1.0.0,True,benchmark04e_freeze_feature_schema,acfd34080ed60c0a6f59,True,numeric,official_FAQ_code_to_score_map_0to0_1to0_2to1_3to1_4to2_5to3+median_impute+missing_indicator+standardize,officially_scored_functional_item,faq_official_item_score_map,50,distinct_fit_participants_with_observed_original_feature,recomputed_per_scenario_and_per_temporal_block_on_fit_data,False,True,True,remove_if_support_lt_50_or_all_missing_or_effectively_constant_in_fit,True,retained_at_50_in_snapshot_all_train_reference,Semantically authorized. Apply the frozen support rule independently within each scenario and temporal block using fit participants only.
FAQ,visit,5,FAQGAME,FAQ__FAQGAME,True,numeric,median_impute+missing_indicator+standardize,cognitive_item_or_measure,cognitive_instrument_semantic_rule,automatic_proposal,,current_and_previous_blocks_evaluated_independently,50,distinct_fit_participants_with_observed_original_feature,recomputed_per_scenario_and_per_temporal_block_on_fit_data,remove_if_support_lt_50_or_all_missing_or_effectively_constant_in_fit,1414,True,0.6375428656627404,6,False,False,False,categorical_numeric_code_candidate,one_hot_or_numeric_review,numeric_looking_code_requires_semantic_review,True,numeric,official_FAQ_code_to_score_map_0to0_1to0_2to1_3to1_4to2_5to3+median_impute+missing_indicator+standardize,officially_scored_functional_item,apply_official_FAQ_item_score_map,semantic_support_candidate_not_official_v0.1.2,matched,5,ADNI1;ADNI2;ADNI3;ADNI4;ADNIGO,"4. Playing a game of skill such as bridge or chess, working on a hobby.",N,"0=Normal (0); 1=Never did, but could do now (0); 2=Never did, would have difficulty now (1); 3=Has difficulty, but does by self (1); 4=Requires assistance (2); 5=Dependent (3) || 0=Normal (0);1=Never did, but could do now (0);2=Never did, would have difficulty now (1);3=Has difficulty, but does by self (1);4=Requires assistance (2);5=Dependent (3)",,,,1,2,True,numeric,official_FAQ_code_to_score_map_0to0_1to0_2to1_3to1_4to2_5to3+median_impute+missing_indicator+standardize,officially_scored_functional_item,corrected_encoding,apply_documented_FAQ_item_scoring_instead_of_using_raw_0_to_5_category_codes_as_numeric,code_dictionary_varies_by_phase,True,5,6,5,True,0,True,30,0,0,0,0,0,0,0,0,True,1,0,1,True,0.1.0,False,approved_for_support_pilot,dictionary_domain_and_observed_phase_semantics_are_compatible_in_training,observed_code_semantics_phase_compatible,False,all_observed_values_documented,consistent,consistent,8940,1831,True,numeric,official_FAQ_code_to_score_map_0to0_1to0_2to1_3to1_4to2_5to3+median_impute+missing_indicator+standardize,officially_scored_functional_item,approved,apply_official_FAQ_item_score_map,faq_official_item_score_map,False,False,8940.0,1831.0,0,0,0,0,True,True,True,0.1.2,True,2|10|30|50|100,1414,True,True,True,True,True,1.0.0,True,benchmark04e_freeze_feature_schema,acfd34080ed60c0a6f59,True,numeric,official_FAQ_code_to_score_map_0to0_1to0_2to1_3to1_4to2_5to3+median_impute+missing_indicator+standardize,officially_scored_functional_item,faq_official_item_score_map,50,distinct_fit_participants_with_observed_original_feature,recomputed_per_scenario_and_per_temporal_block_on_fit_data,False,True,True,remove_if_support_lt_50_or_all_missing_or_effectively_constant_in_fit,True,retained_at_50_in_snapshot_all_train_reference,Semantically authorized. Apply the frozen support rule independently within each scenario and temporal block using fit participants only.
FAQ,visit,6,FAQBEVG,FAQ__FAQBEVG,True,numeric,median_impute+missing_indicator+standardize,cognitive_item_or_measure,cognitive_instrument_semantic_rule,automatic_proposal,,current_and_previous_blocks_evaluated_independently,50,distinct_fit_participants_with_observed_original_feature,recomputed_per_scenario_and_per_temporal_block_on_fit_data,remove_if_support_lt_50_or_all_missing_or_effectively_constant_in_fit,1414,True,0.6379901595348144,6,False,False,False,categorical_numeric_code_candidate,one_hot_or_numeric_review,numeric_looking_code_requires_semantic_review,True,numeric,official_FAQ_code_to_score_map_0to0_1to0_2to1_3to1_4to2_5to3+median_impute+missing_indicator+standardize,officially_scored_functional_item,apply_official_FAQ_item_score_map,semantic_support_candidate_not_official_v0.1.2,matched,5,ADNI1;ADNI2;ADNI3;ADNI4;ADNIGO,"5. Heating water, making a cup of coffee, turing off the stove. || 5. Heating water, making a cup of coffee, turning off the stove.",N,"0=Normal (0); 1=Never did, but could do now (0); 2=Never did, would have difficulty now (1); 3=Has difficulty, but does by self (1); 4=Requires assistance (2); 5=Dependent (3) || 0=Normal (0);1=Never did, but could do now (0);2=Never did, would have difficulty now (1);3=Has difficulty, but does by self (1);4=Requires assistance (2);5=Dependent (3)",,,,2,2,True,numeric,official_FAQ_code_to_score_map_0to0_1to0_2to1_3to1_4to2_5to3+median_impute+missing_indicator+standardize,officially_scored_functional_item,corrected_encoding,apply_documented_FAQ_item_scoring_instead_of_using_raw_0_to_5_category_codes_as_numeric,definition_varies_by_phase|code_dictionary_varies_by_phase,True,5,6,5,True,0,True,30,0,0,0,0,0,0,0,0,True,1,0,2,True,0.1.0,False,approved_for_support_pilot,dictionary_domain_and_observed_phase_semantics_are_compatible_in_training,observed_code_semantics_phase_compatible,False,all_observed_values_documented,consistent,consistent,8945,1831,True,numeric,official_FAQ_code_to_score_map_0to0_1to0_2to1_3to1_4to2_5to3+median_impute+missing_indicator+standardize,officially_scored_functional_item,approved,apply_official_FAQ_item_score_map,faq_official_item_score_map,False,False,8945.0,1831.0,0,0,0,0,True,True,True,0.1.2,True,2|10|30|50|100,1414,True,True,True,True,True,1.0.0,True,benchmark04e_freeze_feature_schema,acfd34080ed60c0a6f59,True,numeric,official_FAQ_code_to_score_map_0to0_1to0_2to1_3to1_4to2_5to3+median_impute+missing_indicator+standardize,officially_scored_functional_item,faq_official_item_score_map,50,distinct_fit_participants_with_observed_original_feature,recomputed_per_scenario_and_per_temporal_block_on_fit_data,False,True,True,remove_if_support_lt_50_or_all_missing_or_effectively_constant_in_fit,True,retained_at_50_in_snapshot_all_train_reference,Semantically authorized. Apply the frozen support rule independently within each scenario and temporal block using fit participants only.
FAQ,visit,7,FAQMEAL,FAQ__FAQMEAL,True,numeric,median_impute+missing_indicator+standardize,cognitive_item_or_measure,cognitive_instrument_semantic_rule,automatic_proposal,,current_and_previous_blocks_evaluated_independently,50,distinct_fit_participants_with_observed_original_feature,recomputed_per_scenario_and_per_temporal_block_on_fit_data,remove_if_support_lt_50_or_all_missing_or_effectively_constant_in_fit,1414,True,0.6379901595348144,6,False,False,False,categorical_numeric_code_candidate,one_hot_or_numeric_review,numeric_looking_code_requires_semantic_review,True,numeric,official_FAQ_code_to_score_map_0to0_1to0_2to1_3to1_4to2_5to3+median_impute+missing_indicator+standardize,officially_scored_functional_item,apply_official_FAQ_item_score_map,semantic_support_candidate_not_official_v0.1.2,matched,5,ADNI1;ADNI2;ADNI3;ADNI4;ADNIGO,6. Preparing a balanced meal.,N,"0=Normal (0); 1=Never did, but could do now (0); 2=Never did, would have difficulty now (1); 3=Has difficulty, but does by self (1); 4=Requires assistance (2); 5=Dependent (3) || 0=Normal (0);1=Never did, but could do now (0);2=Never did, would have difficulty now (1);3=Has difficulty, but does by self (1);4=Requires assistance (2);5=Dependent (3)",,,,1,2,True,numeric,official_FAQ_code_to_score_map_0to0_1to0_2to1_3to1_4to2_5to3+median_impute+missing_indicator+standardize,officially_scored_functional_item,corrected_encoding,apply_documented_FAQ_item_scoring_instead_of_using_raw_0_to_5_category_codes_as_numeric,code_dictionary_varies_by_phase,True,5,6,5,True,0,True,30,0,0,0,0,0,0,0,0,True,1,0,1,True,0.1.0,False,approved_for_support_pilot,dictionary_domain_and_observed_phase_semantics_are_compatible_in_training,observed_code_semantics_phase_compatible,False,all_observed_values_documented,consistent,consistent,8942,1831,True,numeric,official_FAQ_code_to_score_map_0to0_1to0_2to1_3to1_4to2_5to3+median_impute+missing_indicator+standardize,officially_scored_functional_item,approved,apply_official_FAQ_item_score_map,faq_official_item_score_map,False,False,8942.0,1831.0,0,0,0,0,True,True,True,0.1.2,True,2|10|30|50|100,1414,True,True,True,True,True,1.0.0,True,benchmark04e_freeze_feature_schema,acfd34080ed60c0a6f59,True,numeric,official_FAQ_code_to_score_map_0to0_1to0_2to1_3to1_4to2_5to3+median_impute+missing_indicator+standardize,officially_scored_functional_item,faq_official_item_score_map,50,distinct_fit_participants_with_observed_original_feature,recomputed_per_scenario_and_per_temporal_block_on_fit_data,False,True,True,remove_if_support_lt_50_or_all_missing_or_effectively_constant_in_fit,True,retained_at_50_in_snapshot_all_train_reference,Semantically authorized. Apply the frozen support rule independently within each scenario and temporal block using fit participants only.
FAQ,visit,8,FAQEVENT,FAQ__FAQEVENT,True,numeric,median_impute+missing_indicator+standardize,cognitive_item_or_measure,cognitive_instrument_semantic_rule,automatic_proposal,,current_and_previous_blocks_evaluated_independently,50,distinct_fit_participants_with_observed_original_feature,recomputed_per_scenario_and_per_temporal_block_on_fit_data,remove_if_support_lt_50_or_all_missing_or_effectively_constant_in_fit,1414,True,0.6381392574921724,6,False,False,False,categorical_numeric_code_candidate,one_hot_or_numeric_review,numeric_looking_code_requires_semantic_review,True,numeric,official_FAQ_code_to_score_map_0to0_1to0_2to1_3to1_4to2_5to3+median_impute+missing_indicator+standardize,officially_scored_functional_item,apply_official_FAQ_item_score_map,semantic_support_candidate_not_official_v0.1.2,matched,5,ADNI1;ADNI2;ADNI3;ADNI4;ADNIGO,7. Keeping track of current events.,N,"0=Normal (0); 1=Never did, but could do now (0); 2=Never did, would have difficulty now (1); 3=Has difficulty, but does by self (1); 4=Requires assistance (2); 5=Dependent (3) || 0=Normal (0);1=Never did, but could do now (0);2=Never did, would have difficulty now (1);3=Has difficulty, but does by self (1);4=Requires assistance (2);5=Dependent (3)",,,,1,2,True,numeric,official_FAQ_code_to_score_map_0to0_1to0_2to1_3to1_4to2_5to3+median_impute+missing_indicator+standardize,officially_scored_functional_item,corrected_encoding,apply_documented_FAQ_item_scoring_instead_of_using_raw_0_to_5_category_codes_as_numeric,code_dictionary_varies_by_phase,True,5,6,5,True,0,True,30,0,0,0,0,0,0,0,0,True,1,0,1,True,0.1.0,False,approved_for_support_pilot,dictionary_domain_and_observed_phase_semantics_are_compatible_in_training,observed_code_semantics_phase_compatible,False,all_observed_values_documented,consistent,consistent,8947,1831,True,numeric,official_FAQ_code_to_score_map_0to0_1to0_2to1_3to1_4to2_5to3+median_impute+missing_indicator+standardize,officially_scored_functional_item,approved,apply_official_FAQ_item_score_map,faq_official_item_score_map,False,False,8947.0,1831.0,0,0,0,0,True,True,True,0.1.2,True,2|10|30|50|100,1414,True,True,True,True,True,1.0.0,True,benchmark04e_freeze_feature_schema,acfd34080ed60c0a6f59,True,numeric,official_FAQ_code_to_score_map_0to0_1to0_2to1_3to1_4to2_5to3+median_impute+missing_indicator+standardize,officially_scored_functional_item,faq_official_item_score_map,50,distinct_fit_participants_with_observed_original_feature,recomputed_per_scenario_and_per_temporal_block_on_fit_data,False,True,True,remove_if_support_lt_50_or_all_missing_or_effectively_constant_in_fit,True,retained_at_50_in_snapshot_all_train_reference,Semantically authorized. Apply the frozen support rule independently within each scenario and temporal block using fit participants only.
FAQ,visit,9,FAQTV,FAQ__FAQTV,True,numeric,median_impute+missing_indicator+standardize,cognitive_item_or_measure,cognitive_instrument_semantic_rule,automatic_proposal,,current_and_previous_blocks_evaluated_independently,50,distinct_fit_participants_with_observed_original_feature,recomputed_per_scenario_and_per_temporal_block_on_fit_data,remove_if_support_lt_50_or_all_missing_or_effectively_constant_in_fit,1414,True,0.6379901595348144,6,False,False,False,categorical_numeric_code_candidate,one_hot_or_numeric_review,numeric_looking_code_requires_semantic_review,True,numeric,official_FAQ_code_to_score_map_0to0_1to0_2to1_3to1_4to2_5to3+median_impute+missing_indicator+standardize,officially_scored_functional_item,apply_official_FAQ_item_score_map,semantic_support_candidate_not_official_v0.1.2,matched,5,ADNI1;ADNI2;ADNI3;ADNI4;ADNIGO,"8. Paying attention to and understanding a TV program, book, or magazine.",N,"0=Normal (0); 1=Never did, but could do now (0); 2=Never did, would have difficulty now (1); 3=Has difficulty, but does by self (1); 4=Requires assistance (2); 5=Dependent (3) || 0=Normal (0);1=Never did, but could do now (0);2=Never did, would have difficulty now (1);3=Has difficulty, but does by self (1);4=Requires assistance (2);5=Dependent (3)",,,,1,2,True,numeric,official_FAQ_code_to_score_map_0to0_1to0_2to1_3to1_4to2_5to3+median_impute+missing_indicator+standardize,officially_scored_functional_item,corrected_encoding,apply_documented_FAQ_item_scoring_instead_of_using_raw_0_to_5_category_codes_as_numeric,code_dictionary_varies_by_phase,True,5,6,5,True,0,True,29,0,0,0,0,0,0,0,0,True,1,0,1,True,0.1.0,False,approved_for_support_pilot,dictionary_domain_and_observed_phase_semantics_are_compatible_in_training,observed_code_semantics_phase_compatible,False,all_observed_values_documented,consistent,consistent,8944,1831,True,numeric,official_FAQ_code_to_score_map_0to0_1to0_2to1_3to1_4to2_5to3+median_impute+missing_indicator+standardize,officially_scored_functional_item,approved,apply_official_FAQ_item_score_map,faq_official_item_score_map,False,False,8944.0,1831.0,0,0,0,0,True,True,True,0.1.2,True,2|10|30|50|100,1414,True,True,True,True,True,1.0.0,True,benchmark04e_freeze_feature_schema,acfd34080ed60c0a6f59,True,numeric,official_FAQ_code_to_score_map_0to0_1to0_2to1_3to1_4to2_5to3+median_impute+missing_indicator+standardize,officially_scored_functional_item,faq_official_item_score_map,50,distinct_fit_participants_with_observed_original_feature,recomputed_per_scenario_and_per_temporal_block_on_fit_data,False,True,True,remove_if_support_lt_50_or_all_missing_or_effectively_constant_in_fit,True,retained_at_50_in_snapshot_all_train_reference,Semantically authorized. Apply the frozen support rule independently within each scenario and temporal block using fit participants only.
FAQ,visit,10,FAQREM,FAQ__FAQREM,True,numeric,median_impute+missing_indicator+standardize,cognitive_item_or_measure,cognitive_instrument_semantic_rule,automatic_proposal,,current_and_previous_blocks_evaluated_independently,50,distinct_fit_participants_with_observed_original_feature,recomputed_per_scenario_and_per_temporal_block_on_fit_data,remove_if_support_lt_50_or_all_missing_or_effectively_constant_in_fit,1413,True,0.6376919636200984,6,False,False,False,categorical_numeric_code_candidate,one_hot_or_numeric_review,numeric_looking_code_requires_semantic_review,True,numeric,official_FAQ_code_to_score_map_0to0_1to0_2to1_3to1_4to2_5to3+median_impute+missing_indicator+standardize,officially_scored_functional_item,apply_official_FAQ_item_score_map,semantic_support_candidate_not_official_v0.1.2,matched,5,ADNI1;ADNI2;ADNI3;ADNI4;ADNIGO,"9. Remembering appointments, family occasions, holidays, medications.",N,"0=Normal (0); 1=Never did, but could do now (0); 2=Never did, would have difficulty now (1); 3=Has difficulty, but does by self (1); 4=Requires assistance (2); 5=Dependent (3) || 0=Normal (0);1=Never did, but could do now (0);2=Never did, would have difficulty now (1);3=Has difficulty, but does by self (1);4=Requires assistance (2);5=Dependent (3)",,,,1,2,True,numeric,official_FAQ_code_to_score_map_0to0_1to0_2to1_3to1_4to2_5to3+median_impute+missing_indicator+standardize,officially_scored_functional_item,corrected_encoding,apply_documented_FAQ_item_scoring_instead_of_using_raw_0_to_5_category_codes_as_numeric,code_dictionary_varies_by_phase,True,5,6,5,True,0,True,30,0,0,0,0,0,0,0,0,True,1,0,1,True,0.1.0,False,approved_for_support_pilot,dictionary_domain_and_observed_phase_semantics_are_compatible_in_training,observed_code_semantics_phase_compatible,False,all_observed_values_documented,consistent,consistent,8946,1831,True,numeric,official_FAQ_code_to_score_map_0to0_1to0_2to1_3to1_4to2_5to3+median_impute+missing_indicator+standardize,officially_scored_functional_item,approved,apply_official_FAQ_item_score_map,faq_official_item_score_map,False,False,8946.0,1831.0,0,0,0,0,True,True,True,0.1.2,True,2|10|30|50|100,1413,True,True,True,True,True,1.0.0,True,benchmark04e_freeze_feature_schema,acfd34080ed60c0a6f59,True,numeric,official_FAQ_code_to_score_map_0to0_1to0_2to1_3to1_4to2_5to3+median_impute+missing_indicator+standardize,officially_scored_functional_item,faq_official_item_score_map,50,distinct_fit_participants_with_observed_original_feature,recomputed_per_scenario_and_per_temporal_block_on_fit_data,False,True,True,remove_if_support_lt_50_or_all_missing_or_effectively_constant_in_fit,True,retained_at_50_in_snapshot_all_train_reference,Semantically authorized. Apply the frozen support rule independently within each scenario and temporal block using fit participants only.
FAQ,visit,11,FAQTRAVL,FAQ__FAQTRAVL,True,numeric,median_impute+missing_indicator+standardize,cognitive_item_or_measure,cognitive_instrument_semantic_rule,automatic_proposal,,current_and_previous_blocks_evaluated_independently,50,distinct_fit_participants_with_observed_original_feature,recomputed_per_scenario_and_per_temporal_block_on_fit_data,remove_if_support_lt_50_or_all_missing_or_effectively_constant_in_fit,1413,True,0.6376919636200984,6,False,False,False,categorical_numeric_code_candidate,one_hot_or_numeric_review,numeric_looking_code_requires_semantic_review,True,numeric,official_FAQ_code_to_score_map_0to0_1to0_2to1_3to1_4to2_5to3+median_impute+missing_indicator+standardize,officially_scored_functional_item,apply_official_FAQ_item_score_map,semantic_support_candidate_not_official_v0.1.2,matched,5,ADNI1;ADNI2;ADNI3;ADNI4;ADNIGO,"10. Traveling out of the neighborhood, driving, or arranging to take public transportation.",N,"0=Normal (0); 1=Never did, but could do now (0); 2=Never did, would have difficulty now (1); 3=Has difficulty, but does by self (1); 4=Requires assistance (2); 5=Dependent (3) || 0=Normal (0);1=Never did, but could do now (0);2=Never did, would have difficulty now (1);3=Has difficulty, but does by self (1);4=Requires assistance (2);5=Dependent (3)",,,,1,2,True,numeric,official_FAQ_code_to_score_map_0to0_1to0_2to1_3to1_4to2_5to3+median_impute+missing_indicator+standardize,officially_scored_functional_item,corrected_encoding,apply_documented_FAQ_item_scoring_instead_of_using_raw_0_to_5_category_codes_as_numeric,code_dictionary_varies_by_phase,True,5,6,5,True,0,True,29,0,0,0,0,0,0,0,0,True,1,0,1,True,0.1.0,False,approved_for_support_pilot,dictionary_domain_and_observed_phase_semantics_are_compatible_in_training,observed_code_semantics_phase_compatible,False,all_observed_values_documented,consistent,consistent,8940,1831,True,numeric,official_FAQ_code_to_score_map_0to0_1to0_2to1_3to1_4to2_5to3+median_impute+missing_indicator+standardize,officially_scored_functional_item,approved,apply_official_FAQ_item_score_map,faq_official_item_score_map,False,False,8940.0,1831.0,0,0,0,0,True,True,True,0.1.2,True,2|10|30|50|100,1413,True,True,True,True,True,1.0.0,True,benchmark04e_freeze_feature_schema,acfd34080ed60c0a6f59,True,numeric,official_FAQ_code_to_score_map_0to0_1to0_2to1_3to1_4to2_5to3+median_impute+missing_indicator+standardize,officially_scored_functional_item,faq_official_item_score_map,50,distinct_fit_participants_with_observed_original_feature,recomputed_per_scenario_and_per_temporal_block_on_fit_data,False,True,True,remove_if_support_lt_50_or_all_missing_or_effectively_constant_in_fit,True,retained_at_50_in_snapshot_all_train_reference,Semantically authorized. Apply the frozen support rule independently within each scenario and temporal block using fit participants only.
FAQ,visit,12,FAQTOTAL,FAQ__FAQTOTAL,True,numeric,median_impute+missing_indicator+standardize,cognitive_summary_score,cognitive_instrument_semantic_rule,automatic_proposal,,current_and_previous_blocks_evaluated_independently,50,distinct_fit_participants_with_observed_original_feature,recomputed_per_scenario_and_per_temporal_block_on_fit_data,remove_if_support_lt_50_or_all_missing_or_effectively_constant_in_fit,1412,True,0.6362009840465186,31,False,False,False,numeric_candidate,numeric_median_imputation,,True,numeric,median_impute+missing_indicator+standardize,cognitive_summary_score,documented_score_count_time_year_or_total_with_stable_type_and_unit+training_values_pass_type_domain_check,semantic_support_candidate_not_official_v0.1.2,matched,5,ADNI1;ADNI2;ADNI3;ADNI4;ADNIGO,FAQ || FAQ Total Score || Total Score,N,0..30,,,,3,1,True,numeric,median_impute+missing_indicator+standardize,cognitive_summary_score,confirmed,dictionary_consistent_with_candidate_schema,definition_varies_by_phase,False,5,31,5,True,0,True,152,0,0,0,30,848,566,0,0,True,1,0,3,False,0.1.0,False,manual_review_unassessable_phase_domain,one_or_more_observed_phases_have_no_parseable_dictionary_domain,observed_code_semantics_phase_compatible,False,observed_values_unassessable_in_one_or_more_phases,consistent,consistent,8914,1831,True,numeric,median_impute+missing_indicator+standardize,cognitive_summary_score,approved,documented_score_count_time_year_or_total_with_stable_type_and_unit+training_values_pass_type_domain_check,numeric_identity,False,False,8914.0,1831.0,0,0,0,0,True,True,True,0.1.2,True,2|10|30|50|100,1412,True,True,True,True,True,1.0.0,True,benchmark04e_freeze_feature_schema,acfd34080ed60c0a6f59,True,numeric,median_impute+missing_indicator+standardize,cognitive_summary_score,numeric_identity,50,distinct_fit_participants_with_observed_original_feature,recomputed_per_scenario_and_per_temporal_block_on_fit_data,False,True,True,remove_if_support_lt_50_or_all_missing_or_effectively_constant_in_fit,True,retained_at_50_in_snapshot_all_train_reference,Semantically authorized. Apply the frozen support rule independently within each scenario and temporal block using fit participants only.
MMSE,visit,1,DONE,MMSE__DONE,False,excluded,none,assessment_administration,instrument_completion_status,manual_group_review_required,R01_ADMINISTRATIVE_EXCLUSIONS,current_and_previous_blocks_evaluated_independently,50,distinct_fit_participants_with_observed_original_feature,recomputed_per_scenario_and_per_temporal_block_on_fit_data,remove_if_support_lt_50_or_all_missing_or_effectively_constant_in_fit,994,False,0.2822424332786641,2,False,False,False,binary_numeric_candidate,binary_or_one_hot_review,numeric_looking_code_requires_semantic_review,False,excluded,none,redundant_assessment_completion_status,preserve_dictionary_audited_semantic_exclusion,semantic_support_candidate_not_official_v0.1.2,matched,2,ADNI3;ADNI4,Was assessment/procedure done?,N,0=No; 1=Yes || 0=No;1=Yes,,,,1,2,False,excluded,none,redundant_assessment_completion_status,corrected,exclude_DONE_redundant_with_modality_and_feature_missingness_indicators,code_dictionary_varies_by_phase,False,2,2,2,True,0,False,0,0,0,0,0,0,0,0,0,True,1,0,1,False,0.1.0,False,approved_exclusion,feature_is_semantically_excluded_before_support_filtering,not_applicable_excluded,False,not_applicable_excluded,consistent,consistent,2769,1048,False,excluded,none,redundant_assessment_completion_status,approved_exclusion,preserve_dictionary_audited_semantic_exclusion,none,False,False,,,0,0,0,0,True,False,True,0.1.2,True,2|10|30|50|100,0,False,False,False,False,False,1.0.0,True,benchmark04e_freeze_feature_schema,acfd34080ed60c0a6f59,False,excluded,none,redundant_assessment_completion_status,none,50,distinct_fit_participants_with_observed_original_feature,recomputed_per_scenario_and_per_temporal_block_on_fit_data,False,True,True,remove_if_support_lt_50_or_all_missing_or_effectively_constant_in_fit,False,semantically_excluded,Semantically excluded before statistical support filtering.
MMSE,visit,2,NDREASON,MMSE__NDREASON,False,excluded,none,assessment_administration,instrument_noncompletion_reason,manual_group_review_required,R01_ADMINISTRATIVE_EXCLUSIONS,current_and_previous_blocks_evaluated_independently,50,distinct_fit_participants_with_observed_original_feature,recomputed_per_scenario_and_per_temporal_block_on_fit_data,remove_if_support_lt_50_or_all_missing_or_effectively_constant_in_fit,10,False,0.0014909795735798,4,False,False,False,categorical_numeric_code_candidate,one_hot_or_numeric_review,numeric_looking_code_requires_semantic_review|train_missingness_at_least_99_percent|low_train_participant_support_review,True,categorical,explicit_missing_category+one_hot_ignore_unknown,measurement_context,benchmark04b_semantic_audit_approved,semantic_support_candidate_not_official_v0.1.2,matched,2,ADNI3;ADNI4,"If No, reason not done",N,"1=Participant Unable for Cognitive Reasons; 2=Participant Unable for Other Reasons (Physical, auditory, etc.); 3=Participant/Study Partner Refused; 7=Site Error; 8=Other Reason; 9=Unknown || 1=Participant Unable for Cognitive Reasons;2=Participant Unable for Other Reasons (Physical, auditory, etc.);3=Participant/Study Partner Refused;7=Site Error;8=Other Reason;9=Unknown",,,,1,2,True,categorical,explicit_missing_category+one_hot_ignore_unknown,measurement_context,corrected,include_documented_source_version_wordlist_or_noncompletion_context_as_categorical,code_dictionary_varies_by_phase,True,2,6,2,True,0,True,8,0,0,0,0,0,0,0,0,True,1,0,1,True,0.1.0,False,approved_for_support_pilot,dictionary_domain_and_observed_phase_semantics_are_compatible_in_training,observed_code_semantics_phase_compatible,False,all_observed_values_documented,consistent,consistent,52,50,True,categorical,explicit_missing_category+one_hot_ignore_unknown,measurement_context,approved,benchmark04b_semantic_audit_approved,identity,False,False,,,0,0,0,0,True,True,True,0.1.2,True,2|10|30|50|100,10,True,True,False,False,False,1.0.0,True,benchmark04e_freeze_feature_schema,acfd34080ed60c0a6f59,True,categorical,explicit_missing_category+one_hot_ignore_unknown,measurement_context,identity,50,distinct_fit_participants_with_observed_original_feature,recomputed_per_scenario_and_per_temporal_block_on_fit_data,False,True,True,remove_if_support_lt_50_or_all_missing_or_effectively_constant_in_fit,False,semantically_authorized_but_below_50_in_snapshot_all_train_reference,Semantically authorized. Apply the frozen support rule independently within each scenario and temporal block using fit participants only.
MMSE,visit,3,SOURCE,MMSE__SOURCE,False,excluded,none,assessment_administration,instrument_source_or_provenance,manual_group_review_required,R01_ADMINISTRATIVE_EXCLUSIONS,current_and_previous_blocks_evaluated_independently,50,distinct_fit_participants_with_observed_original_feature,recomputed_per_scenario_and_per_temporal_block_on_fit_data,remove_if_support_lt_50_or_all_missing_or_effectively_constant_in_fit,587,False,0.1115252721037721,2,False,False,False,binary_numeric_candidate,binary_or_one_hot_review,administrative_name_pattern|numeric_looking_code_requires_semantic_review,True,categorical,explicit_missing_category+one_hot_ignore_unknown,measurement_context,benchmark04b_semantic_audit_approved,semantic_support_candidate_not_official_v0.1.2,matched,2,ADNI3;ADNI4,Information Source,N,1=Participant Visit; 2=Telephone Call/Video Call || 1=Participant Visit;2=Telephone Call/Video Call,,,,1,2,True,categorical,explicit_missing_category+one_hot_ignore_unknown,measurement_context,corrected,include_documented_source_version_wordlist_or_noncompletion_context_as_categorical,code_dictionary_varies_by_phase,True,2,2,2,True,0,True,4,0,0,0,0,0,0,0,0,True,1,0,1,True,0.1.0,False,approved_for_support_pilot,dictionary_domain_and_observed_phase_semantics_are_compatible_in_training,observed_code_semantics_phase_compatible,False,all_observed_values_documented,consistent,consistent,1364,734,True,categorical,explicit_missing_category+one_hot_ignore_unknown,measurement_context,approved,benchmark04b_semantic_audit_approved,identity,False,False,,,0,0,0,0,True,True,True,0.1.2,True,2|10|30|50|100,587,True,True,True,True,True,1.0.0,True,benchmark04e_freeze_feature_schema,acfd34080ed60c0a6f59,True,categorical,explicit_missing_category+one_hot_ignore_unknown,measurement_context,identity,50,distinct_fit_participants_with_observed_original_feature,recomputed_per_scenario_and_per_temporal_block_on_fit_data,False,True,True,remove_if_support_lt_50_or_all_missing_or_effectively_constant_in_fit,True,retained_at_50_in_snapshot_all_train_reference,Semantically authorized. Apply the frozen support rule independently within each scenario and temporal block using fit participants only.
MMSE,visit,4,MMDATE,MMSE__MMDATE,True,binary,train_binary_mapping+median_impute+missing_indicator,cognitive_item_or_measure,cognitive_instrument_semantic_rule,automatic_proposal,,current_and_previous_blocks_evaluated_independently,50,distinct_fit_participants_with_observed_original_feature,recomputed_per_scenario_and_per_temporal_block_on_fit_data,remove_if_support_lt_50_or_all_missing_or_effectively_constant_in_fit,1858,True,0.8131802594304458,2,False,False,False,binary_numeric_candidate,binary_or_one_hot_review,date_or_time_name_pattern|numeric_looking_code_requires_semantic_review,True,binary,train_binary_mapping+median_impute+missing_indicator,cognitive_item_or_measure,benchmark04b_semantic_audit_approved,semantic_support_candidate_not_official_v0.1.2,matched,5,ADNI1;ADNI2;ADNI3;ADNI4;ADNIGO,1. What is today's date? || Score (date),N,0=0 - Incorrect; 1=1 - Correct || 0=0 - Incorrect;1=1 - Correct,,Code Harmonized,"Code Harmonized from ""1=Correct; 2=Incorrect"" to ""0=0 - Incorrect; 1=1 - Correct""",2,2,True,binary,train_binary_mapping+median_impute+missing_indicator,cognitive_item_or_measure,confirmed,dictionary_consistent_with_candidate_schema,definition_varies_by_phase|code_dictionary_varies_by_phase,False,5,2,5,True,0,True,10,0,0,0,0,0,0,0,0,True,1,0,2,True,0.1.0,False,approved_for_support_pilot,dictionary_domain_and_observed_phase_semantics_are_compatible_in_training,observed_code_semantics_phase_compatible,False,all_observed_values_documented,consistent,consistent,8865,1987,True,binary,train_binary_mapping+median_impute+missing_indicator,cognitive_item_or_measure,approved,benchmark04b_semantic_audit_approved,identity,False,False,8865.0,1987.0,0,0,0,0,True,True,True,0.1.2,True,2|10|30|50|100,1858,True,True,True,True,True,1.0.0,True,benchmark04e_freeze_feature_schema,acfd34080ed60c0a6f59,True,binary,train_binary_mapping+median_impute+missing_indicator,cognitive_item_or_measure,identity,50,distinct_fit_participants_with_observed_original_feature,recomputed_per_scenario_and_per_temporal_block_on_fit_data,False,True,True,remove_if_support_lt_50_or_all_missing_or_effectively_constant_in_fit,True,retained_at_50_in_snapshot_all_train_reference,Semantically authorized. Apply the frozen support rule independently within each scenario and temporal block using fit participants only.
MMSE,visit,5,MMYEAR,MMSE__MMYEAR,True,binary,train_binary_mapping+median_impute+missing_indicator,cognitive_item_or_measure,cognitive_instrument_semantic_rule,automatic_proposal,,current_and_previous_blocks_evaluated_independently,50,distinct_fit_participants_with_observed_original_feature,recomputed_per_scenario_and_per_temporal_block_on_fit_data,remove_if_support_lt_50_or_all_missing_or_effectively_constant_in_fit,1858,True,0.8131802594304458,2,False,False,False,binary_numeric_candidate,binary_or_one_hot_review,date_or_time_name_pattern|numeric_looking_code_requires_semantic_review,True,binary,train_binary_mapping+median_impute+missing_indicator,cognitive_item_or_measure,benchmark04b_semantic_audit_approved,semantic_support_candidate_not_official_v0.1.2,matched,5,ADNI1;ADNI2;ADNI3;ADNI4;ADNIGO,2. What is the year? || Score (year),N,0=0 - Incorrect; 1=1 - Correct || 0=0 - Incorrect;1=1 - Correct,,Code Harmonized,"Code Harmonized from ""1=Correct; 2=Incorrect"" to ""0=0 - Incorrect; 1=1 - Correct""",2,2,True,binary,train_binary_mapping+median_impute+missing_indicator,cognitive_item_or_measure,confirmed,dictionary_consistent_with_candidate_schema,definition_varies_by_phase|code_dictionary_varies_by_phase,False,5,2,5,True,0,True,10,0,0,0,0,0,0,0,0,True,1,0,2,True,0.1.0,False,approved_for_support_pilot,dictionary_domain_and_observed_phase_semantics_are_compatible_in_training,observed_code_semantics_phase_compatible,False,all_observed_values_documented,consistent,consistent,8866,1987,True,binary,train_binary_mapping+median_impute+missing_indicator,cognitive_item_or_measure,approved,benchmark04b_semantic_audit_approved,identity,False,False,8866.0,1987.0,0,0,0,0,True,True,True,0.1.2,True,2|10|30|50|100,1858,True,True,True,True,True,1.0.0,True,benchmark04e_freeze_feature_schema,acfd34080ed60c0a6f59,True,binary,train_binary_mapping+median_impute+missing_indicator,cognitive_item_or_measure,identity,50,distinct_fit_participants_with_observed_original_feature,recomputed_per_scenario_and_per_temporal_block_on_fit_data,False,True,True,remove_if_support_lt_50_or_all_missing_or_effectively_constant_in_fit,True,retained_at_50_in_snapshot_all_train_reference,Semantically authorized. Apply the frozen support rule independently within each scenario and temporal block using fit participants only.
MMSE,visit,6,MMMONTH,MMSE__MMMONTH,True,binary,train_binary_mapping+median_impute+missing_indicator,cognitive_item_or_measure,cognitive_instrument_semantic_rule,automatic_proposal,,current_and_previous_blocks_evaluated_independently,50,distinct_fit_participants_with_observed_original_feature,recomputed_per_scenario_and_per_temporal_block_on_fit_data,remove_if_support_lt_50_or_all_missing_or_effectively_constant_in_fit,1858,True,0.8130311614730878,2,False,False,False,binary_numeric_candidate,binary_or_one_hot_review,date_or_time_name_pattern|numeric_looking_code_requires_semantic_review,True,binary,train_binary_mapping+median_impute+missing_indicator,cognitive_item_or_measure,benchmark04b_semantic_audit_approved,semantic_support_candidate_not_official_v0.1.2,matched,5,ADNI1;ADNI2;ADNI3;ADNI4;ADNIGO,3. What is the month? || Score (month),N,0=0 - Incorrect; 1=1 - Correct || 0=0 - Incorrect;1=1 - Correct,,Code Harmonized,"Code Harmonized from ""1=Correct; 2=Incorrect"" to ""0=0 - Incorrect; 1=1 - Correct""",2,2,True,binary,train_binary_mapping+median_impute+missing_indicator,cognitive_item_or_measure,confirmed,dictionary_consistent_with_candidate_schema,definition_varies_by_phase|code_dictionary_varies_by_phase,False,5,2,5,True,0,True,10,0,0,0,0,0,0,0,0,True,1,0,2,True,0.1.0,False,approved_for_support_pilot,dictionary_domain_and_observed_phase_semantics_are_compatible_in_training,observed_code_semantics_phase_compatible,False,all_observed_values_documented,consistent,consistent,8864,1987,True,binary,train_binary_mapping+median_impute+missing_indicator,cognitive_item_or_measure,approved,benchmark04b_semantic_audit_approved,identity,False,False,8864.0,1987.0,0,0,0,0,True,True,True,0.1.2,True,2|10|30|50|100,1858,True,True,True,True,True,1.0.0,True,benchmark04e_freeze_feature_schema,acfd34080ed60c0a6f59,True,binary,train_binary_mapping+median_impute+missing_indicator,cognitive_item_or_measure,identity,50,distinct_fit_participants_with_observed_original_feature,recomputed_per_scenario_and_per_temporal_block_on_fit_data,False,True,True,remove_if_support_lt_50_or_all_missing_or_effectively_constant_in_fit,True,retained_at_50_in_snapshot_all_train_reference,Semantically authorized. Apply the frozen support rule independently within each scenario and temporal block using fit participants only.
MMSE,visit,7,MMDAY,MMSE__MMDAY,True,binary,train_binary_mapping+median_impute+missing_indicator,cognitive_item_or_measure,cognitive_instrument_semantic_rule,automatic_proposal,,current_and_previous_blocks_evaluated_independently,50,distinct_fit_participants_with_observed_original_feature,recomputed_per_scenario_and_per_temporal_block_on_fit_data,remove_if_support_lt_50_or_all_missing_or_effectively_constant_in_fit,1858,True,0.8131802594304458,2,False,False,False,binary_numeric_candidate,binary_or_one_hot_review,date_or_time_name_pattern|numeric_looking_code_requires_semantic_review,True,binary,train_binary_mapping+median_impute+missing_indicator,cognitive_item_or_measure,benchmark04b_semantic_audit_approved,semantic_support_candidate_not_official_v0.1.2,matched,5,ADNI1;ADNI2;ADNI3;ADNI4;ADNIGO,4. What day of the week is today? || Score (day of the week),N,0=0 - Incorrect; 1=1 - Correct || 0=0 - Incorrect;1=1 - Correct,,Code Harmonized,"Code Harmonized from ""1=Correct; 2=Incorrect"" to ""0=0 - Incorrect; 1=1 - Correct""",2,2,True,binary,train_binary_mapping+median_impute+missing_indicator,cognitive_item_or_measure,confirmed,dictionary_consistent_with_candidate_schema,definition_varies_by_phase|code_dictionary_varies_by_phase,False,5,2,5,True,0,True,10,0,0,0,0,0,0,0,0,True,1,0,2,True,0.1.0,False,approved_for_support_pilot,dictionary_domain_and_observed_phase_semantics_are_compatible_in_training,observed_code_semantics_phase_compatible,False,all_observed_values_documented,consistent,consistent,8865,1987,True,binary,train_binary_mapping+median_impute+missing_indicator,cognitive_item_or_measure,approved,benchmark04b_semantic_audit_approved,identity,False,False,8865.0,1987.0,0,0,0,0,True,True,True,0.1.2,True,2|10|30|50|100,1858,True,True,True,True,True,1.0.0,True,benchmark04e_freeze_feature_schema,acfd34080ed60c0a6f59,True,binary,train_binary_mapping+median_impute+missing_indicator,cognitive_item_or_measure,identity,50,distinct_fit_participants_with_observed_original_feature,recomputed_per_scenario_and_per_temporal_block_on_fit_data,False,True,True,remove_if_support_lt_50_or_all_missing_or_effectively_constant_in_fit,True,retained_at_50_in_snapshot_all_train_reference,Semantically authorized. Apply the frozen support rule independently within each scenario and temporal block using fit participants only.
MMSE,visit,8,MMSEASON,MMSE__MMSEASON,True,binary,train_binary_mapping+median_impute+missing_indicator,cognitive_item_or_measure,cognitive_instrument_semantic_rule,automatic_proposal,,current_and_previous_blocks_evaluated_independently,50,distinct_fit_participants_with_observed_original_feature,recomputed_per_scenario_and_per_temporal_block_on_fit_data,remove_if_support_lt_50_or_all_missing_or_effectively_constant_in_fit,1858,True,0.8131802594304458,2,False,False,False,binary_numeric_candidate,binary_or_one_hot_review,numeric_looking_code_requires_semantic_review,True,binary,train_binary_mapping+median_impute+missing_indicator,cognitive_item_or_measure,benchmark04b_semantic_audit_approved,semantic_support_candidate_not_official_v0.1.2,matched,5,ADNI1;ADNI2;ADNI3;ADNI4;ADNIGO,5. What season is it? || Score (season),N,0=0 - Incorrect; 1=1 - Correct || 0=0 - Incorrect;1=1 - Correct,,Code Harmonized,"Code Harmonized from ""1=Correct; 2=Incorrect"" to ""0=0 - Incorrect; 1=1 - Correct""",2,2,True,binary,train_binary_mapping+median_impute+missing_indicator,cognitive_item_or_measure,confirmed,dictionary_consistent_with_candidate_schema,definition_varies_by_phase|code_dictionary_varies_by_phase,False,5,2,5,True,0,True,10,0,0,0,0,0,0,0,0,True,1,0,2,True,0.1.0,False,approved_for_support_pilot,dictionary_domain_and_observed_phase_semantics_are_compatible_in_training,observed_code_semantics_phase_compatible,False,all_observed_values_documented,consistent,consistent,8866,1987,True,binary,train_binary_mapping+median_impute+missing_indicator,cognitive_item_or_measure,approved,benchmark04b_semantic_audit_approved,identity,False,False,8866.0,1987.0,0,0,0,0,True,True,True,0.1.2,True,2|10|30|50|100,1858,True,True,True,True,True,1.0.0,True,benchmark04e_freeze_feature_schema,acfd34080ed60c0a6f59,True,binary,train_binary_mapping+median_impute+missing_indicator,cognitive_item_or_measure,identity,50,distinct_fit_participants_with_observed_original_feature,recomputed_per_scenario_and_per_temporal_block_on_fit_data,False,True,True,remove_if_support_lt_50_or_all_missing_or_effectively_constant_in_fit,True,retained_at_50_in_snapshot_all_train_reference,Semantically authorized. Apply the frozen support rule independently within each scenario and temporal block using fit participants only.
MMSE,visit,9,MMHOSPIT,MMSE__MMHOSPIT,True,binary,train_binary_mapping+median_impute+missing_indicator,cognitive_item_or_measure,cognitive_instrument_semantic_rule,automatic_proposal,,current_and_previous_blocks_evaluated_independently,50,distinct_fit_participants_with_observed_original_feature,recomputed_per_scenario_and_per_temporal_block_on_fit_data,remove_if_support_lt_50_or_all_missing_or_effectively_constant_in_fit,1858,True,0.8131802594304458,2,False,False,False,binary_numeric_candidate,binary_or_one_hot_review,numeric_looking_code_requires_semantic_review,True,binary,train_binary_mapping+median_impute+missing_indicator,cognitive_item_or_measure,benchmark04b_semantic_audit_approved,semantic_support_candidate_not_official_v0.1.2,matched,5,ADNI1;ADNI2;ADNI3;ADNI4;ADNIGO,"6. What is the name of this hospital (clinic, place)? || Score (building)",N,0=0 - Incorrect; 1=1 - Correct || 0=0 - Incorrect;1=1 - Correct,,Code Harmonized,"Code Harmonized from ""1=Correct; 2=Incorrect"" to ""0=0 - Incorrect; 1=1 - Correct""",2,2,True,binary,train_binary_mapping+median_impute+missing_indicator,cognitive_item_or_measure,confirmed,dictionary_consistent_with_candidate_schema,definition_varies_by_phase|code_dictionary_varies_by_phase,False,5,2,5,True,0,True,10,0,0,0,0,0,0,0,0,True,1,0,2,True,0.1.0,False,approved_for_support_pilot,dictionary_domain_and_observed_phase_semantics_are_compatible_in_training,observed_code_semantics_phase_compatible,False,all_observed_values_documented,consistent,consistent,8865,1987,True,binary,train_binary_mapping+median_impute+missing_indicator,cognitive_item_or_measure,approved,benchmark04b_semantic_audit_approved,identity,False,False,8865.0,1987.0,0,0,0,0,True,True,True,0.1.2,True,2|10|30|50|100,1858,True,True,True,True,True,1.0.0,True,benchmark04e_freeze_feature_schema,acfd34080ed60c0a6f59,True,binary,train_binary_mapping+median_impute+missing_indicator,cognitive_item_or_measure,identity,50,distinct_fit_participants_with_observed_original_feature,recomputed_per_scenario_and_per_temporal_block_on_fit_data,False,True,True,remove_if_support_lt_50_or_all_missing_or_effectively_constant_in_fit,True,retained_at_50_in_snapshot_all_train_reference,Semantically authorized. Apply the frozen support rule independently within each scenario and temporal block using fit participants only.
MMSE,visit,10,MMFLOOR,MMSE__MMFLOOR,True,binary,train_binary_mapping+median_impute+missing_indicator,cognitive_item_or_measure,cognitive_instrument_semantic_rule,automatic_proposal,,current_and_previous_blocks_evaluated_independently,50,distinct_fit_participants_with_observed_original_feature,recomputed_per_scenario_and_per_temporal_block_on_fit_data,remove_if_support_lt_50_or_all_missing_or_effectively_constant_in_fit,1858,True,0.8130311614730878,2,False,False,False,binary_numeric_candidate,binary_or_one_hot_review,numeric_looking_code_requires_semantic_review,True,binary,train_binary_mapping+median_impute+missing_indicator,cognitive_item_or_measure,benchmark04b_semantic_audit_approved,semantic_support_candidate_not_official_v0.1.2,matched,5,ADNI1;ADNI2;ADNI3;ADNI4;ADNIGO,7. What floor are we on? || Score (floor),N,0=0 - Incorrect; 1=1 - Correct || 0=0 - Incorrect;1=1 - Correct,,Code Harmonized,"Code Harmonized from ""1=Correct; 2=Incorrect"" to ""0=0 - Incorrect; 1=1 - Correct""",2,2,True,binary,train_binary_mapping+median_impute+missing_indicator,cognitive_item_or_measure,confirmed,dictionary_consistent_with_candidate_schema,definition_varies_by_phase|code_dictionary_varies_by_phase,False,5,2,5,True,0,True,10,0,0,0,0,0,0,0,0,True,1,0,2,True,0.1.0,False,approved_for_support_pilot,dictionary_domain_and_observed_phase_semantics_are_compatible_in_training,observed_code_semantics_phase_compatible,False,all_observed_values_documented,consistent,consistent,8865,1987,True,binary,train_binary_mapping+median_impute+missing_indicator,cognitive_item_or_measure,approved,benchmark04b_semantic_audit_approved,identity,False,False,8865.0,1987.0,0,0,0,0,True,True,True,0.1.2,True,2|10|30|50|100,1858,True,True,True,True,True,1.0.0,True,benchmark04e_freeze_feature_schema,acfd34080ed60c0a6f59,True,binary,train_binary_mapping+median_impute+missing_indicator,cognitive_item_or_measure,identity,50,distinct_fit_participants_with_observed_original_feature,recomputed_per_scenario_and_per_temporal_block_on_fit_data,False,True,True,remove_if_support_lt_50_or_all_missing_or_effectively_constant_in_fit,True,retained_at_50_in_snapshot_all_train_reference,Semantically authorized. Apply the frozen support rule independently within each scenario and temporal block using fit participants only.
MMSE,visit,11,MMCITY,MMSE__MMCITY,True,binary,train_binary_mapping+median_impute+missing_indicator,cognitive_item_or_measure,cognitive_instrument_semantic_rule,automatic_proposal,,current_and_previous_blocks_evaluated_independently,50,distinct_fit_participants_with_observed_original_feature,recomputed_per_scenario_and_per_temporal_block_on_fit_data,remove_if_support_lt_50_or_all_missing_or_effectively_constant_in_fit,1858,True,0.8131802594304458,2,False,False,False,binary_numeric_candidate,binary_or_one_hot_review,numeric_looking_code_requires_semantic_review,True,binary,train_binary_mapping+median_impute+missing_indicator,cognitive_item_or_measure,benchmark04b_semantic_audit_approved,semantic_support_candidate_not_official_v0.1.2,matched,5,ADNI1;ADNI2;ADNI3;ADNI4;ADNIGO,8. What town or city are we in? || Score (city/town),N,0=0 - Incorrect; 1=1 - Correct || 0=0 - Incorrect;1=1 - Correct,,Code Harmonized,"Code Harmonized from ""1=Correct; 2=Incorrect"" to ""0=0 - Incorrect; 1=1 - Correct""",2,2,True,binary,train_binary_mapping+median_impute+missing_indicator,cognitive_item_or_measure,confirmed,dictionary_consistent_with_candidate_schema,definition_varies_by_phase|code_dictionary_varies_by_phase,False,5,2,5,True,0,True,10,0,0,0,0,0,0,0,0,True,1,0,2,True,0.1.0,False,approved_for_support_pilot,dictionary_domain_and_observed_phase_semantics_are_compatible_in_training,observed_code_semantics_phase_compatible,False,all_observed_values_documented,consistent,consistent,8865,1987,True,binary,train_binary_mapping+median_impute+missing_indicator,cognitive_item_or_measure,approved,benchmark04b_semantic_audit_approved,identity,False,False,8865.0,1987.0,0,0,0,0,True,True,True,0.1.2,True,2|10|30|50|100,1858,True,True,True,True,True,1.0.0,True,benchmark04e_freeze_feature_schema,acfd34080ed60c0a6f59,True,binary,train_binary_mapping+median_impute+missing_indicator,cognitive_item_or_measure,identity,50,distinct_fit_participants_with_observed_original_feature,recomputed_per_scenario_and_per_temporal_block_on_fit_data,False,True,True,remove_if_support_lt_50_or_all_missing_or_effectively_constant_in_fit,True,retained_at_50_in_snapshot_all_train_reference,Semantically authorized. Apply the frozen support rule independently within each scenario and temporal block using fit participants only.
MMSE,visit,12,MMAREA,MMSE__MMAREA,True,binary,train_binary_mapping+median_impute+missing_indicator,cognitive_item_or_measure,cognitive_instrument_semantic_rule,automatic_proposal,,current_and_previous_blocks_evaluated_independently,50,distinct_fit_participants_with_observed_original_feature,recomputed_per_scenario_and_per_temporal_block_on_fit_data,remove_if_support_lt_50_or_all_missing_or_effectively_constant_in_fit,1858,True,0.8131802594304458,2,False,False,False,binary_numeric_candidate,binary_or_one_hot_review,numeric_looking_code_requires_semantic_review,True,binary,train_binary_mapping+median_impute+missing_indicator,cognitive_item_or_measure,benchmark04b_semantic_audit_approved,semantic_support_candidate_not_official_v0.1.2,matched,5,ADNI1;ADNI2;ADNI3;ADNI4;ADNIGO,"9. What county (district, borough, area) are we in? || Score (county)",N,0=0 - Incorrect; 1=1 - Correct || 0=0 - Incorrect;1=1 - Correct,,Code Harmonized,"Code Harmonized from ""1=Correct; 2=Incorrect"" to ""0=0 - Incorrect; 1=1 - Correct""",2,2,True,binary,train_binary_mapping+median_impute+missing_indicator,cognitive_item_or_measure,confirmed,dictionary_consistent_with_candidate_schema,definition_varies_by_phase|code_dictionary_varies_by_phase,False,5,2,5,True,0,True,10,0,0,0,0,0,0,0,0,True,1,0,2,True,0.1.0,False,approved_for_support_pilot,dictionary_domain_and_observed_phase_semantics_are_compatible_in_training,observed_code_semantics_phase_compatible,False,all_observed_values_documented,consistent,consistent,8866,1987,True,binary,train_binary_mapping+median_impute+missing_indicator,cognitive_item_or_measure,approved,benchmark04b_semantic_audit_approved,identity,False,False,8866.0,1987.0,0,0,0,0,True,True,True,0.1.2,True,2|10|30|50|100,1858,True,True,True,True,True,1.0.0,True,benchmark04e_freeze_feature_schema,acfd34080ed60c0a6f59,True,binary,train_binary_mapping+median_impute+missing_indicator,cognitive_item_or_measure,identity,50,distinct_fit_participants_with_observed_original_feature,recomputed_per_scenario_and_per_temporal_block_on_fit_data,False,True,True,remove_if_support_lt_50_or_all_missing_or_effectively_constant_in_fit,True,retained_at_50_in_snapshot_all_train_reference,Semantically authorized. Apply the frozen support rule independently within each scenario and temporal block using fit participants only.
MMSE,visit,13,MMSTATE,MMSE__MMSTATE,True,binary,train_binary_mapping+median_impute+missing_indicator,cognitive_item_or_measure,cognitive_instrument_semantic_rule,automatic_proposal,,current_and_previous_blocks_evaluated_independently,50,distinct_fit_participants_with_observed_original_feature,recomputed_per_scenario_and_per_temporal_block_on_fit_data,remove_if_support_lt_50_or_all_missing_or_effectively_constant_in_fit,1858,True,0.8131802594304458,2,False,False,False,binary_numeric_candidate,binary_or_one_hot_review,numeric_looking_code_requires_semantic_review,True,binary,train_binary_mapping+median_impute+missing_indicator,cognitive_item_or_measure,benchmark04b_semantic_audit_approved,semantic_support_candidate_not_official_v0.1.2,matched,5,ADNI1;ADNI2;ADNI3;ADNI4;ADNIGO,10. What state are we in? || Score (state),N,0=0 - Incorrect; 1=1 - Correct || 0=0 - Incorrect;1=1 - Correct,,Code Harmonized,"Code Harmonized from ""1=Correct; 2=Incorrect"" to ""0=0 - Incorrect; 1=1 - Correct""",2,2,True,binary,train_binary_mapping+median_impute+missing_indicator,cognitive_item_or_measure,confirmed,dictionary_consistent_with_candidate_schema,definition_varies_by_phase|code_dictionary_varies_by_phase,False,5,2,5,True,0,True,10,0,0,0,0,0,0,0,0,True,1,0,2,True,0.1.0,False,approved_for_support_pilot,dictionary_domain_and_observed_phase_semantics_are_compatible_in_training,observed_code_semantics_phase_compatible,False,all_observed_values_documented,consistent,consistent,8866,1987,True,binary,train_binary_mapping+median_impute+missing_indicator,cognitive_item_or_measure,approved,benchmark04b_semantic_audit_approved,identity,False,False,8866.0,1987.0,0,0,0,0,True,True,True,0.1.2,True,2|10|30|50|100,1858,True,True,True,True,True,1.0.0,True,benchmark04e_freeze_feature_schema,acfd34080ed60c0a6f59,True,binary,train_binary_mapping+median_impute+missing_indicator,cognitive_item_or_measure,identity,50,distinct_fit_participants_with_observed_original_feature,recomputed_per_scenario_and_per_temporal_block_on_fit_data,False,True,True,remove_if_support_lt_50_or_all_missing_or_effectively_constant_in_fit,True,retained_at_50_in_snapshot_all_train_reference,Semantically authorized. Apply the frozen support rule independently within each scenario and temporal block using fit participants only.
MMSE,visit,14,WORDLIST,MMSE__WORDLIST,False,excluded,none,assessment_administration,instrument_form_or_wordlist,manual_group_review_required,R01_ADMINISTRATIVE_EXCLUSIONS,current_and_previous_blocks_evaluated_independently,50,distinct_fit_participants_with_observed_original_feature,recomputed_per_scenario_and_per_temporal_block_on_fit_data,remove_if_support_lt_50_or_all_missing_or_effectively_constant_in_fit,1407,False,0.4885940062621142,2,False,False,False,binary_numeric_candidate,binary_or_one_hot_review,numeric_looking_code_requires_semantic_review,True,categorical,explicit_missing_category+one_hot_ignore_unknown,measurement_context,documented_controlled_category_or_measurement_context_with_train_learned_domain,semantic_support_candidate_not_official_v0.1.2,matched,2,ADNI3;ADNI4,Which list was used?,N,"1=Ball, Flag, Tree; 2=Apple, Penny, Table || 1=Ball, Flag, Tree;2=Apple, Penny, Table",,,,1,2,True,categorical,explicit_missing_category+one_hot_ignore_unknown,measurement_context,corrected,include_documented_source_version_wordlist_or_noncompletion_context_as_categorical,code_dictionary_varies_by_phase,True,2,2,3,True,0,True,6,0,0,0,2,3228,833,0,0,True,1,0,1,False,0.1.0,False,manual_review_unassessable_phase_domain,one_or_more_observed_phases_have_no_parseable_dictionary_domain,phase_dictionary_missing_for_observed_phase,True,observed_values_unassessable_in_one_or_more_phases,consistent,consistent,5945,1594,True,categorical,explicit_missing_category+one_hot_ignore_unknown,measurement_context,approved,documented_controlled_category_or_measurement_context_with_train_learned_domain,categorical_identity,False,False,,,0,0,0,0,True,True,True,0.1.2,True,2|10|30|50|100,1407,True,True,True,True,True,1.0.0,True,benchmark04e_freeze_feature_schema,acfd34080ed60c0a6f59,True,categorical,explicit_missing_category+one_hot_ignore_unknown,measurement_context,categorical_identity,50,distinct_fit_participants_with_observed_original_feature,recomputed_per_scenario_and_per_temporal_block_on_fit_data,False,True,True,remove_if_support_lt_50_or_all_missing_or_effectively_constant_in_fit,True,retained_at_50_in_snapshot_all_train_reference,Semantically authorized. Apply the frozen support rule independently within each scenario and temporal block using fit participants only.
MMSE,visit,15,WORD1,MMSE__WORD1,True,binary,train_binary_mapping+median_impute+missing_indicator,cognitive_item_or_measure,cognitive_instrument_semantic_rule,automatic_proposal,,current_and_previous_blocks_evaluated_independently,50,distinct_fit_participants_with_observed_original_feature,recomputed_per_scenario_and_per_temporal_block_on_fit_data,remove_if_support_lt_50_or_all_missing_or_effectively_constant_in_fit,1858,True,0.8131802594304458,2,False,False,False,binary_numeric_candidate,binary_or_one_hot_review,numeric_looking_code_requires_semantic_review,True,binary,train_binary_mapping+median_impute+missing_indicator,cognitive_item_or_measure,binary_item_with_missing_phase_CODE_but_stable_documented_semantics+training_values_pass_type_domain_check,semantic_support_candidate_not_official_v0.1.2,matched,2,ADNI3;ADNI4,Ball (alt: Apple),N,0=0 - Incorrect; 1=1 - Correct || 0=0 - Incorrect;1=1 - Correct,,,,1,2,True,binary,train_binary_mapping+median_impute+missing_indicator,cognitive_item_or_measure,confirmed,dictionary_consistent_with_candidate_schema,code_dictionary_varies_by_phase,False,2,2,5,True,0,True,10,0,0,0,6,6148,1226,0,0,True,1,0,1,False,0.1.0,False,manual_review_unassessable_phase_domain,one_or_more_observed_phases_have_no_parseable_dictionary_domain,phase_dictionary_missing_for_observed_phase,True,observed_values_unassessable_in_one_or_more_phases,consistent,consistent,8864,1987,True,binary,train_binary_mapping+median_impute+missing_indicator,cognitive_item_or_measure,approved,binary_item_with_missing_phase_CODE_but_stable_documented_semantics+training_values_pass_type_domain_check,binary_zero_one_identity,False,False,8864.0,1987.0,0,0,0,0,True,True,True,0.1.2,True,2|10|30|50|100,1858,True,True,True,True,True,1.0.0,True,benchmark04e_freeze_feature_schema,acfd34080ed60c0a6f59,True,binary,train_binary_mapping+median_impute+missing_indicator,cognitive_item_or_measure,binary_zero_one_identity,50,distinct_fit_participants_with_observed_original_feature,recomputed_per_scenario_and_per_temporal_block_on_fit_data,False,True,True,remove_if_support_lt_50_or_all_missing_or_effectively_constant_in_fit,True,retained_at_50_in_snapshot_all_train_reference,Semantically authorized. Apply the frozen support rule independently within each scenario and temporal block using fit participants only.
MMSE,visit,16,WORD2,MMSE__WORD2,True,binary,train_binary_mapping+median_impute+missing_indicator,cognitive_item_or_measure,cognitive_instrument_semantic_rule,automatic_proposal,,current_and_previous_blocks_evaluated_independently,50,distinct_fit_participants_with_observed_original_feature,recomputed_per_scenario_and_per_temporal_block_on_fit_data,remove_if_support_lt_50_or_all_missing_or_effectively_constant_in_fit,1858,True,0.8131802594304458,2,False,False,False,binary_numeric_candidate,binary_or_one_hot_review,numeric_looking_code_requires_semantic_review,True,binary,train_binary_mapping+median_impute+missing_indicator,cognitive_item_or_measure,binary_item_with_missing_phase_CODE_but_stable_documented_semantics+training_values_pass_type_domain_check,semantic_support_candidate_not_official_v0.1.2,matched,2,ADNI3;ADNI4,Flag (alt: Penny),N,0=0 - Incorrect; 1=1 - Correct || 0=0 - Incorrect;1=1 - Correct,,,,1,2,True,binary,train_binary_mapping+median_impute+missing_indicator,cognitive_item_or_measure,confirmed,dictionary_consistent_with_candidate_schema,code_dictionary_varies_by_phase,False,2,2,5,True,0,True,10,0,0,0,6,6148,1226,0,0,True,1,0,1,False,0.1.0,False,manual_review_unassessable_phase_domain,one_or_more_observed_phases_have_no_parseable_dictionary_domain,phase_dictionary_missing_for_observed_phase,True,observed_values_unassessable_in_one_or_more_phases,consistent,consistent,8864,1987,True,binary,train_binary_mapping+median_impute+missing_indicator,cognitive_item_or_measure,approved,binary_item_with_missing_phase_CODE_but_stable_documented_semantics+training_values_pass_type_domain_check,binary_zero_one_identity,False,False,8864.0,1987.0,0,0,0,0,True,True,True,0.1.2,True,2|10|30|50|100,1858,True,True,True,True,True,1.0.0,True,benchmark04e_freeze_feature_schema,acfd34080ed60c0a6f59,True,binary,train_binary_mapping+median_impute+missing_indicator,cognitive_item_or_measure,binary_zero_one_identity,50,distinct_fit_participants_with_observed_original_feature,recomputed_per_scenario_and_per_temporal_block_on_fit_data,False,True,True,remove_if_support_lt_50_or_all_missing_or_effectively_constant_in_fit,True,retained_at_50_in_snapshot_all_train_reference,Semantically authorized. Apply the frozen support rule independently within each scenario and temporal block using fit participants only.
MMSE,visit,17,WORD3,MMSE__WORD3,True,binary,train_binary_mapping+median_impute+missing_indicator,cognitive_item_or_measure,cognitive_instrument_semantic_rule,automatic_proposal,,current_and_previous_blocks_evaluated_independently,50,distinct_fit_participants_with_observed_original_feature,recomputed_per_scenario_and_per_temporal_block_on_fit_data,remove_if_support_lt_50_or_all_missing_or_effectively_constant_in_fit,1858,True,0.8131802594304458,2,False,False,False,binary_numeric_candidate,binary_or_one_hot_review,numeric_looking_code_requires_semantic_review,True,binary,train_binary_mapping+median_impute+missing_indicator,cognitive_item_or_measure,binary_item_with_missing_phase_CODE_but_stable_documented_semantics+training_values_pass_type_domain_check,semantic_support_candidate_not_official_v0.1.2,matched,2,ADNI3;ADNI4,Tree (alt: Table),N,0=0 - Incorrect; 1=1 - Correct || 0=0 - Incorrect;1=1 - Correct,,,,1,2,True,binary,train_binary_mapping+median_impute+missing_indicator,cognitive_item_or_measure,confirmed,dictionary_consistent_with_candidate_schema,code_dictionary_varies_by_phase,False,2,2,5,True,0,True,10,0,0,0,6,6148,1226,0,0,True,1,0,1,False,0.1.0,False,manual_review_unassessable_phase_domain,one_or_more_observed_phases_have_no_parseable_dictionary_domain,phase_dictionary_missing_for_observed_phase,True,observed_values_unassessable_in_one_or_more_phases,consistent,consistent,8863,1987,True,binary,train_binary_mapping+median_impute+missing_indicator,cognitive_item_or_measure,approved,binary_item_with_missing_phase_CODE_but_stable_documented_semantics+training_values_pass_type_domain_check,binary_zero_one_identity,False,False,8863.0,1987.0,0,0,0,0,True,True,True,0.1.2,True,2|10|30|50|100,1858,True,True,True,True,True,1.0.0,True,benchmark04e_freeze_feature_schema,acfd34080ed60c0a6f59,True,binary,train_binary_mapping+median_impute+missing_indicator,cognitive_item_or_measure,binary_zero_one_identity,50,distinct_fit_participants_with_observed_original_feature,recomputed_per_scenario_and_per_temporal_block_on_fit_data,False,True,True,remove_if_support_lt_50_or_all_missing_or_effectively_constant_in_fit,True,retained_at_50_in_snapshot_all_train_reference,Semantically authorized. Apply the frozen support rule independently within each scenario and temporal block using fit participants only.
MMSE,visit,18,MMTRIALS,MMSE__MMTRIALS,True,numeric,median_impute+missing_indicator+standardize,cognitive_item_or_measure,cognitive_instrument_semantic_rule,automatic_proposal,,current_and_previous_blocks_evaluated_independently,50,distinct_fit_participants_with_observed_original_feature,recomputed_per_scenario_and_per_temporal_block_on_fit_data,remove_if_support_lt_50_or_all_missing_or_effectively_constant_in_fit,1080,True,0.5316833159385717,6,False,False,False,categorical_numeric_code_candidate,one_hot_or_numeric_review,numeric_looking_code_requires_semantic_review,True,numeric,median_impute+missing_indicator+standardize,cognitive_item_or_measure,benchmark04b_semantic_audit_approved,semantic_support_candidate_not_official_v0.1.2,matched,4,ADNI1;ADNI2;ADNI3;ADNIGO,13a. Enter number of trials,N,1..6,,,,1,1,True,numeric,median_impute+missing_indicator+standardize,cognitive_item_or_measure,confirmed,dictionary_consistent_with_candidate_schema,,False,4,6,3,True,0,True,16,0,0,0,0,0,0,0,0,True,1,0,1,True,0.1.0,False,approved_for_support_pilot,dictionary_domain_and_observed_phase_semantics_are_compatible_in_training,observed_code_semantics_phase_compatible,False,all_observed_values_documented,consistent,consistent,6141,1226,True,numeric,median_impute+missing_indicator+standardize,cognitive_item_or_measure,approved,benchmark04b_semantic_audit_approved,identity,False,False,6141.0,1226.0,0,0,0,0,True,True,True,0.1.2,True,2|10|30|50|100,1080,True,True,True,True,True,1.0.0,True,benchmark04e_freeze_feature_schema,acfd34080ed60c0a6f59,True,numeric,median_impute+missing_indicator+standardize,cognitive_item_or_measure,identity,50,distinct_fit_participants_with_observed_original_feature,recomputed_per_scenario_and_per_temporal_block_on_fit_data,False,True,True,remove_if_support_lt_50_or_all_missing_or_effectively_constant_in_fit,True,retained_at_50_in_snapshot_all_train_reference,Semantically authorized. Apply the frozen support rule independently within each scenario and temporal block using fit participants only.
MMSE,visit,19,MMD,MMSE__MMD,True,binary,train_binary_mapping+median_impute+missing_indicator,cognitive_item_or_measure,cognitive_instrument_semantic_rule,automatic_proposal,,current_and_previous_blocks_evaluated_independently,50,distinct_fit_participants_with_observed_original_feature,recomputed_per_scenario_and_per_temporal_block_on_fit_data,remove_if_support_lt_50_or_all_missing_or_effectively_constant_in_fit,1080,True,0.5324288057253616,2,False,False,False,binary_numeric_candidate,binary_or_one_hot_review,numeric_looking_code_requires_semantic_review,True,binary,train_binary_mapping+median_impute+missing_indicator,cognitive_item_or_measure,benchmark04b_semantic_audit_approved,semantic_support_candidate_not_official_v0.1.2,matched,3,ADNI1;ADNI2;ADNIGO,14. D,N,0=0 - Incorrect; 1=1 - Correct,,Code Harmonized,"Code Harmonized from ""1=Correct; 2=Incorrect"" to ""0=0 - Incorrect; 1=1 - Correct""",1,1,True,binary,train_binary_mapping+median_impute+missing_indicator,cognitive_item_or_measure,confirmed,dictionary_consistent_with_candidate_schema,,False,3,2,3,True,0,True,6,0,0,0,0,0,0,0,0,True,1,0,1,True,0.1.0,False,approved_for_support_pilot,dictionary_domain_and_observed_phase_semantics_are_compatible_in_training,observed_code_semantics_phase_compatible,False,all_observed_values_documented,consistent,consistent,6146,1226,True,binary,train_binary_mapping+median_impute+missing_indicator,cognitive_item_or_measure,approved,benchmark04b_semantic_audit_approved,identity,False,False,6146.0,1226.0,0,0,0,0,True,True,True,0.1.2,True,2|10|30|50|100,1080,True,True,True,True,True,1.0.0,True,benchmark04e_freeze_feature_schema,acfd34080ed60c0a6f59,True,binary,train_binary_mapping+median_impute+missing_indicator,cognitive_item_or_measure,identity,50,distinct_fit_participants_with_observed_original_feature,recomputed_per_scenario_and_per_temporal_block_on_fit_data,False,True,True,remove_if_support_lt_50_or_all_missing_or_effectively_constant_in_fit,True,retained_at_50_in_snapshot_all_train_reference,Semantically authorized. Apply the frozen support rule independently within each scenario and temporal block using fit participants only.
MMSE,visit,20,MML,MMSE__MML,True,binary,train_binary_mapping+median_impute+missing_indicator,cognitive_item_or_measure,cognitive_instrument_semantic_rule,automatic_proposal,,current_and_previous_blocks_evaluated_independently,50,distinct_fit_participants_with_observed_original_feature,recomputed_per_scenario_and_per_temporal_block_on_fit_data,remove_if_support_lt_50_or_all_missing_or_effectively_constant_in_fit,1080,True,0.5324288057253616,2,False,False,False,binary_numeric_candidate,binary_or_one_hot_review,numeric_looking_code_requires_semantic_review,True,binary,train_binary_mapping+median_impute+missing_indicator,cognitive_item_or_measure,benchmark04b_semantic_audit_approved,semantic_support_candidate_not_official_v0.1.2,matched,3,ADNI1;ADNI2;ADNIGO,15. L,N,0=0 - Incorrect; 1=1 - Correct,,Code Harmonized,"Code Harmonized from ""1=Correct; 2=Incorrect"" to ""0=0 - Incorrect; 1=1 - Correct""",1,1,True,binary,train_binary_mapping+median_impute+missing_indicator,cognitive_item_or_measure,confirmed,dictionary_consistent_with_candidate_schema,,False,3,2,3,True,0,True,6,0,0,0,0,0,0,0,0,True,1,0,1,True,0.1.0,False,approved_for_support_pilot,dictionary_domain_and_observed_phase_semantics_are_compatible_in_training,observed_code_semantics_phase_compatible,False,all_observed_values_documented,consistent,consistent,6146,1226,True,binary,train_binary_mapping+median_impute+missing_indicator,cognitive_item_or_measure,approved,benchmark04b_semantic_audit_approved,identity,False,False,6146.0,1226.0,0,0,0,0,True,True,True,0.1.2,True,2|10|30|50|100,1080,True,True,True,True,True,1.0.0,True,benchmark04e_freeze_feature_schema,acfd34080ed60c0a6f59,True,binary,train_binary_mapping+median_impute+missing_indicator,cognitive_item_or_measure,identity,50,distinct_fit_participants_with_observed_original_feature,recomputed_per_scenario_and_per_temporal_block_on_fit_data,False,True,True,remove_if_support_lt_50_or_all_missing_or_effectively_constant_in_fit,True,retained_at_50_in_snapshot_all_train_reference,Semantically authorized. Apply the frozen support rule independently within each scenario and temporal block using fit participants only.
MMSE,visit,21,MMR,MMSE__MMR,True,binary,train_binary_mapping+median_impute+missing_indicator,cognitive_item_or_measure,cognitive_instrument_semantic_rule,automatic_proposal,,current_and_previous_blocks_evaluated_independently,50,distinct_fit_participants_with_observed_original_feature,recomputed_per_scenario_and_per_temporal_block_on_fit_data,remove_if_support_lt_50_or_all_missing_or_effectively_constant_in_fit,1080,True,0.5324288057253616,2,False,False,False,binary_numeric_candidate,binary_or_one_hot_review,numeric_looking_code_requires_semantic_review,True,binary,train_binary_mapping+median_impute+missing_indicator,cognitive_item_or_measure,benchmark04b_semantic_audit_approved,semantic_support_candidate_not_official_v0.1.2,matched,3,ADNI1;ADNI2;ADNIGO,16. R,N,0=0 - Incorrect; 1=1 - Correct,,Code Harmonized,"Code Harmonized from ""1=Correct; 2=Incorrect"" to ""0=0 - Incorrect; 1=1 - Correct""",1,1,True,binary,train_binary_mapping+median_impute+missing_indicator,cognitive_item_or_measure,confirmed,dictionary_consistent_with_candidate_schema,,False,3,2,3,True,0,True,6,0,0,0,0,0,0,0,0,True,1,0,1,True,0.1.0,False,approved_for_support_pilot,dictionary_domain_and_observed_phase_semantics_are_compatible_in_training,observed_code_semantics_phase_compatible,False,all_observed_values_documented,consistent,consistent,6146,1226,True,binary,train_binary_mapping+median_impute+missing_indicator,cognitive_item_or_measure,approved,benchmark04b_semantic_audit_approved,identity,False,False,6146.0,1226.0,0,0,0,0,True,True,True,0.1.2,True,2|10|30|50|100,1080,True,True,True,True,True,1.0.0,True,benchmark04e_freeze_feature_schema,acfd34080ed60c0a6f59,True,binary,train_binary_mapping+median_impute+missing_indicator,cognitive_item_or_measure,identity,50,distinct_fit_participants_with_observed_original_feature,recomputed_per_scenario_and_per_temporal_block_on_fit_data,False,True,True,remove_if_support_lt_50_or_all_missing_or_effectively_constant_in_fit,True,retained_at_50_in_snapshot_all_train_reference,Semantically authorized. Apply the frozen support rule independently within each scenario and temporal block using fit participants only.
MMSE,visit,22,MMO,MMSE__MMO,True,binary,train_binary_mapping+median_impute+missing_indicator,cognitive_item_or_measure,cognitive_instrument_semantic_rule,automatic_proposal,,current_and_previous_blocks_evaluated_independently,50,distinct_fit_participants_with_observed_original_feature,recomputed_per_scenario_and_per_temporal_block_on_fit_data,remove_if_support_lt_50_or_all_missing_or_effectively_constant_in_fit,1080,True,0.5324288057253616,2,False,False,False,binary_numeric_candidate,binary_or_one_hot_review,numeric_looking_code_requires_semantic_review,True,binary,train_binary_mapping+median_impute+missing_indicator,cognitive_item_or_measure,benchmark04b_semantic_audit_approved,semantic_support_candidate_not_official_v0.1.2,matched,3,ADNI1;ADNI2;ADNIGO,17. O,N,0=0 - Incorrect; 1=1 - Correct,,Code Harmonized,"Code Harmonized from ""1=Correct; 2=Incorrect"" to ""0=0 - Incorrect; 1=1 - Correct""",1,1,True,binary,train_binary_mapping+median_impute+missing_indicator,cognitive_item_or_measure,confirmed,dictionary_consistent_with_candidate_schema,,False,3,2,3,True,0,True,6,0,0,0,0,0,0,0,0,True,1,0,1,True,0.1.0,False,approved_for_support_pilot,dictionary_domain_and_observed_phase_semantics_are_compatible_in_training,observed_code_semantics_phase_compatible,False,all_observed_values_documented,consistent,consistent,6146,1226,True,binary,train_binary_mapping+median_impute+missing_indicator,cognitive_item_or_measure,approved,benchmark04b_semantic_audit_approved,identity,False,False,6146.0,1226.0,0,0,0,0,True,True,True,0.1.2,True,2|10|30|50|100,1080,True,True,True,True,True,1.0.0,True,benchmark04e_freeze_feature_schema,acfd34080ed60c0a6f59,True,binary,train_binary_mapping+median_impute+missing_indicator,cognitive_item_or_measure,identity,50,distinct_fit_participants_with_observed_original_feature,recomputed_per_scenario_and_per_temporal_block_on_fit_data,False,True,True,remove_if_support_lt_50_or_all_missing_or_effectively_constant_in_fit,True,retained_at_50_in_snapshot_all_train_reference,Semantically authorized. Apply the frozen support rule independently within each scenario and temporal block using fit participants only.
MMSE,visit,23,MMW,MMSE__MMW,True,binary,train_binary_mapping+median_impute+missing_indicator,cognitive_item_or_measure,cognitive_instrument_semantic_rule,automatic_proposal,,current_and_previous_blocks_evaluated_independently,50,distinct_fit_participants_with_observed_original_feature,recomputed_per_scenario_and_per_temporal_block_on_fit_data,remove_if_support_lt_50_or_all_missing_or_effectively_constant_in_fit,1080,True,0.5324288057253616,2,False,False,False,binary_numeric_candidate,binary_or_one_hot_review,numeric_looking_code_requires_semantic_review,True,binary,train_binary_mapping+median_impute+missing_indicator,cognitive_item_or_measure,benchmark04b_semantic_audit_approved,semantic_support_candidate_not_official_v0.1.2,matched,3,ADNI1;ADNI2;ADNIGO,18. W,N,0=0 - Incorrect; 1=1 - Correct,,Code Harmonized,"Code Harmonized from ""1=Correct; 2=Incorrect"" to ""0=0 - Incorrect; 1=1 - Correct""",1,1,True,binary,train_binary_mapping+median_impute+missing_indicator,cognitive_item_or_measure,confirmed,dictionary_consistent_with_candidate_schema,,False,3,2,3,True,0,True,6,0,0,0,0,0,0,0,0,True,1,0,1,True,0.1.0,False,approved_for_support_pilot,dictionary_domain_and_observed_phase_semantics_are_compatible_in_training,observed_code_semantics_phase_compatible,False,all_observed_values_documented,consistent,consistent,6146,1226,True,binary,train_binary_mapping+median_impute+missing_indicator,cognitive_item_or_measure,approved,benchmark04b_semantic_audit_approved,identity,False,False,6146.0,1226.0,0,0,0,0,True,True,True,0.1.2,True,2|10|30|50|100,1080,True,True,True,True,True,1.0.0,True,benchmark04e_freeze_feature_schema,acfd34080ed60c0a6f59,True,binary,train_binary_mapping+median_impute+missing_indicator,cognitive_item_or_measure,identity,50,distinct_fit_participants_with_observed_original_feature,recomputed_per_scenario_and_per_temporal_block_on_fit_data,False,True,True,remove_if_support_lt_50_or_all_missing_or_effectively_constant_in_fit,True,retained_at_50_in_snapshot_all_train_reference,Semantically authorized. Apply the frozen support rule independently within each scenario and temporal block using fit participants only.
MMSE,visit,24,MMLTR1,MMSE__MMLTR1,True,categorical,missing_token+one_hot_ignore_unknown,cognitive_symbol_response,source_specific_semantic_rule_pending_group_review,manual_group_review_required,R05_MMSE_LETTER_RESPONSES,current_and_previous_blocks_evaluated_independently,50,distinct_fit_participants_with_observed_original_feature,recomputed_per_scenario_and_per_temporal_block_on_fit_data,remove_if_support_lt_50_or_all_missing_or_effectively_constant_in_fit,989,True,0.2797077680035783,9,False,False,False,categorical_candidate,one_hot,,False,excluded,none,uncontrolled_raw_letter_response_sequence,preserve_dictionary_audited_semantic_exclusion,semantic_support_candidate_not_official_v0.1.2,matched,2,ADNI3;ADNI4,Indicate 1st letter,T,,,,,1,0,False,excluded,none,uncontrolled_raw_letter_response_sequence,corrected,exclude_uncontrolled_letter_response_sequence_and_rely_on_documented_MMSE_score_fields,no_controlled_code_dictionary,True,2,11,2,True,0,False,0,0,0,0,0,0,0,0,0,True,1,0,1,False,0.1.0,False,approved_exclusion,feature_is_semantically_excluded_before_support_filtering,not_applicable_excluded,False,not_applicable_excluded,consistent,consistent,2700,1040,False,excluded,none,uncontrolled_raw_letter_response_sequence,approved_exclusion,preserve_dictionary_audited_semantic_exclusion,none,False,False,,,0,0,0,0,True,False,True,0.1.2,True,2|10|30|50|100,0,False,False,False,False,False,1.0.0,True,benchmark04e_freeze_feature_schema,acfd34080ed60c0a6f59,False,excluded,none,uncontrolled_raw_letter_response_sequence,none,50,distinct_fit_participants_with_observed_original_feature,recomputed_per_scenario_and_per_temporal_block_on_fit_data,False,True,True,remove_if_support_lt_50_or_all_missing_or_effectively_constant_in_fit,False,semantically_excluded,Semantically excluded before statistical support filtering.
MMSE,visit,25,MMLTR2,MMSE__MMLTR2,True,categorical,missing_token+one_hot_ignore_unknown,cognitive_symbol_response,source_specific_semantic_rule_pending_group_review,manual_group_review_required,R05_MMSE_LETTER_RESPONSES,current_and_previous_blocks_evaluated_independently,50,distinct_fit_participants_with_observed_original_feature,recomputed_per_scenario_and_per_temporal_block_on_fit_data,remove_if_support_lt_50_or_all_missing_or_effectively_constant_in_fit,986,True,0.2791113761741464,13,False,False,False,categorical_candidate,one_hot,,False,excluded,none,uncontrolled_raw_letter_response_sequence,preserve_dictionary_audited_semantic_exclusion,semantic_support_candidate_not_official_v0.1.2,matched,2,ADNI3;ADNI4,Indicate 2nd letter,T,,,,,1,0,False,excluded,none,uncontrolled_raw_letter_response_sequence,corrected,exclude_uncontrolled_letter_response_sequence_and_rely_on_documented_MMSE_score_fields,no_controlled_code_dictionary,True,2,17,2,True,0,False,0,0,0,0,0,0,0,0,0,True,1,0,1,False,0.1.0,False,approved_exclusion,feature_is_semantically_excluded_before_support_filtering,not_applicable_excluded,False,not_applicable_excluded,consistent,consistent,2692,1039,False,excluded,none,uncontrolled_raw_letter_response_sequence,approved_exclusion,preserve_dictionary_audited_semantic_exclusion,none,False,False,,,0,0,0,0,True,False,True,0.1.2,True,2|10|30|50|100,0,False,False,False,False,False,1.0.0,True,benchmark04e_freeze_feature_schema,acfd34080ed60c0a6f59,False,excluded,none,uncontrolled_raw_letter_response_sequence,none,50,distinct_fit_participants_with_observed_original_feature,recomputed_per_scenario_and_per_temporal_block_on_fit_data,False,True,True,remove_if_support_lt_50_or_all_missing_or_effectively_constant_in_fit,False,semantically_excluded,Semantically excluded before statistical support filtering.
MMSE,visit,26,MMLTR3,MMSE__MMLTR3,True,categorical,missing_token+one_hot_ignore_unknown,cognitive_symbol_response,source_specific_semantic_rule_pending_group_review,manual_group_review_required,R05_MMSE_LETTER_RESPONSES,current_and_previous_blocks_evaluated_independently,50,distinct_fit_participants_with_observed_original_feature,recomputed_per_scenario_and_per_temporal_block_on_fit_data,remove_if_support_lt_50_or_all_missing_or_effectively_constant_in_fit,986,True,0.2785149843447145,13,False,False,False,categorical_candidate,one_hot,,False,excluded,none,uncontrolled_raw_letter_response_sequence,preserve_dictionary_audited_semantic_exclusion,semantic_support_candidate_not_official_v0.1.2,matched,2,ADNI3;ADNI4,Indicate 3rd letter,T,,,,,1,0,False,excluded,none,uncontrolled_raw_letter_response_sequence,corrected,exclude_uncontrolled_letter_response_sequence_and_rely_on_documented_MMSE_score_fields,no_controlled_code_dictionary,True,2,19,2,True,0,False,0,0,0,0,0,0,0,0,0,True,1,0,1,False,0.1.0,False,approved_exclusion,feature_is_semantically_excluded_before_support_filtering,not_applicable_excluded,False,not_applicable_excluded,consistent,consistent,2682,1039,False,excluded,none,uncontrolled_raw_letter_response_sequence,approved_exclusion,preserve_dictionary_audited_semantic_exclusion,none,False,False,,,0,0,0,0,True,False,True,0.1.2,True,2|10|30|50|100,0,False,False,False,False,False,1.0.0,True,benchmark04e_freeze_feature_schema,acfd34080ed60c0a6f59,False,excluded,none,uncontrolled_raw_letter_response_sequence,none,50,distinct_fit_participants_with_observed_original_feature,recomputed_per_scenario_and_per_temporal_block_on_fit_data,False,True,True,remove_if_support_lt_50_or_all_missing_or_effectively_constant_in_fit,False,semantically_excluded,Semantically excluded before statistical support filtering.
MMSE,visit,27,MMLTR4,MMSE__MMLTR4,True,categorical,missing_token+one_hot_ignore_unknown,cognitive_symbol_response,source_specific_semantic_rule_pending_group_review,manual_group_review_required,R05_MMSE_LETTER_RESPONSES,current_and_previous_blocks_evaluated_independently,50,distinct_fit_participants_with_observed_original_feature,recomputed_per_scenario_and_per_temporal_block_on_fit_data,remove_if_support_lt_50_or_all_missing_or_effectively_constant_in_fit,985,True,0.2780676904726405,13,False,False,False,categorical_candidate,one_hot,,False,excluded,none,uncontrolled_raw_letter_response_sequence,preserve_dictionary_audited_semantic_exclusion,semantic_support_candidate_not_official_v0.1.2,matched,2,ADNI3;ADNI4,Indicate 4th letter,T,,,,,1,0,False,excluded,none,uncontrolled_raw_letter_response_sequence,corrected,exclude_uncontrolled_letter_response_sequence_and_rely_on_documented_MMSE_score_fields,no_controlled_code_dictionary,True,2,17,2,True,0,False,0,0,0,0,0,0,0,0,0,True,1,0,1,False,0.1.0,False,approved_exclusion,feature_is_semantically_excluded_before_support_filtering,not_applicable_excluded,False,not_applicable_excluded,consistent,consistent,2676,1038,False,excluded,none,uncontrolled_raw_letter_response_sequence,approved_exclusion,preserve_dictionary_audited_semantic_exclusion,none,False,False,,,0,0,0,0,True,False,True,0.1.2,True,2|10|30|50|100,0,False,False,False,False,False,1.0.0,True,benchmark04e_freeze_feature_schema,acfd34080ed60c0a6f59,False,excluded,none,uncontrolled_raw_letter_response_sequence,none,50,distinct_fit_participants_with_observed_original_feature,recomputed_per_scenario_and_per_temporal_block_on_fit_data,False,True,True,remove_if_support_lt_50_or_all_missing_or_effectively_constant_in_fit,False,semantically_excluded,Semantically excluded before statistical support filtering.
MMSE,visit,28,MMLTR5,MMSE__MMLTR5,True,categorical,missing_token+one_hot_ignore_unknown,cognitive_symbol_response,source_specific_semantic_rule_pending_group_review,manual_group_review_required,R05_MMSE_LETTER_RESPONSES,current_and_previous_blocks_evaluated_independently,50,distinct_fit_participants_with_observed_original_feature,recomputed_per_scenario_and_per_temporal_block_on_fit_data,remove_if_support_lt_50_or_all_missing_or_effectively_constant_in_fit,963,True,0.2682272252870136,14,False,False,False,categorical_candidate,one_hot,,False,excluded,none,uncontrolled_raw_letter_response_sequence,preserve_dictionary_audited_semantic_exclusion,semantic_support_candidate_not_official_v0.1.2,matched,2,ADNI3;ADNI4,Indicate 5th letter,T,,,,,1,0,False,excluded,none,uncontrolled_raw_letter_response_sequence,corrected,exclude_uncontrolled_letter_response_sequence_and_rely_on_documented_MMSE_score_fields,no_controlled_code_dictionary,True,2,16,2,True,0,False,0,0,0,0,0,0,0,0,0,True,1,0,1,False,0.1.0,False,approved_exclusion,feature_is_semantically_excluded_before_support_filtering,not_applicable_excluded,False,not_applicable_excluded,consistent,consistent,2573,1019,False,excluded,none,uncontrolled_raw_letter_response_sequence,approved_exclusion,preserve_dictionary_audited_semantic_exclusion,none,False,False,,,0,0,0,0,True,False,True,0.1.2,True,2|10|30|50|100,0,False,False,False,False,False,1.0.0,True,benchmark04e_freeze_feature_schema,acfd34080ed60c0a6f59,False,excluded,none,uncontrolled_raw_letter_response_sequence,none,50,distinct_fit_participants_with_observed_original_feature,recomputed_per_scenario_and_per_temporal_block_on_fit_data,False,True,True,remove_if_support_lt_50_or_all_missing_or_effectively_constant_in_fit,False,semantically_excluded,Semantically excluded before statistical support filtering.
MMSE,visit,29,MMLTR6,MMSE__MMLTR6,True,categorical,missing_token+one_hot_ignore_unknown,cognitive_symbol_response,source_specific_semantic_rule_pending_group_review,manual_group_review_required,R05_MMSE_LETTER_RESPONSES,current_and_previous_blocks_evaluated_independently,50,distinct_fit_participants_with_observed_original_feature,recomputed_per_scenario_and_per_temporal_block_on_fit_data,remove_if_support_lt_50_or_all_missing_or_effectively_constant_in_fit,48,False,0.0073057999105412,4,False,False,False,categorical_candidate,one_hot,train_missingness_at_least_99_percent,False,excluded,none,uncontrolled_raw_letter_response_sequence,preserve_dictionary_audited_semantic_exclusion,semantic_support_candidate_not_official_v0.1.2,matched,2,ADNI3;ADNI4,Indicate 6th letter (if given),T,,,,,1,0,False,excluded,none,uncontrolled_raw_letter_response_sequence,corrected,exclude_uncontrolled_letter_response_sequence_and_rely_on_documented_MMSE_score_fields,no_controlled_code_dictionary,True,2,7,2,True,0,False,0,0,0,0,0,0,0,0,0,True,1,0,1,False,0.1.0,False,approved_exclusion,feature_is_semantically_excluded_before_support_filtering,not_applicable_excluded,False,not_applicable_excluded,consistent,consistent,64,62,False,excluded,none,uncontrolled_raw_letter_response_sequence,approved_exclusion,preserve_dictionary_audited_semantic_exclusion,none,False,False,,,0,0,0,0,True,False,True,0.1.2,True,2|10|30|50|100,0,False,False,False,False,False,1.0.0,True,benchmark04e_freeze_feature_schema,acfd34080ed60c0a6f59,False,excluded,none,uncontrolled_raw_letter_response_sequence,none,50,distinct_fit_participants_with_observed_original_feature,recomputed_per_scenario_and_per_temporal_block_on_fit_data,False,True,True,remove_if_support_lt_50_or_all_missing_or_effectively_constant_in_fit,False,semantically_excluded,Semantically excluded before statistical support filtering.
MMSE,visit,30,MMLTR7,MMSE__MMLTR7,True,categorical,missing_token+one_hot_ignore_unknown,cognitive_symbol_response,source_specific_semantic_rule_pending_group_review,manual_group_review_required,R05_MMSE_LETTER_RESPONSES,current_and_previous_blocks_evaluated_independently,50,distinct_fit_participants_with_observed_original_feature,recomputed_per_scenario_and_per_temporal_block_on_fit_data,remove_if_support_lt_50_or_all_missing_or_effectively_constant_in_fit,43,False,0.0065603101237513,1,False,True,False,binary_categorical_candidate,one_hot,train_missingness_at_least_99_percent|snapshot_train_observed_value_constant_missingness_may_vary,False,excluded,none,uncontrolled_raw_letter_response_sequence,preserve_dictionary_audited_semantic_exclusion,semantic_support_candidate_not_official_v0.1.2,matched,2,ADNI3;ADNI4,Indicate 7th letter (if given),T,,,,,1,0,False,excluded,none,uncontrolled_raw_letter_response_sequence,corrected,exclude_uncontrolled_letter_response_sequence_and_rely_on_documented_MMSE_score_fields,no_controlled_code_dictionary,True,2,1,1,True,0,False,0,0,0,0,0,0,0,0,0,True,1,0,1,False,0.1.0,False,approved_exclusion,feature_is_semantically_excluded_before_support_filtering,not_applicable_excluded,False,not_applicable_excluded,consistent,consistent,49,47,False,excluded,none,uncontrolled_raw_letter_response_sequence,approved_exclusion,preserve_dictionary_audited_semantic_exclusion,none,False,False,,,0,0,0,0,True,False,True,0.1.2,True,2|10|30|50|100,0,False,False,False,False,False,1.0.0,True,benchmark04e_freeze_feature_schema,acfd34080ed60c0a6f59,False,excluded,none,uncontrolled_raw_letter_response_sequence,none,50,distinct_fit_participants_with_observed_original_feature,recomputed_per_scenario_and_per_temporal_block_on_fit_data,False,True,True,remove_if_support_lt_50_or_all_missing_or_effectively_constant_in_fit,False,semantically_excluded,Semantically excluded before statistical support filtering.
MMSE,visit,31,WORLDSCORE,MMSE__WORLDSCORE,True,numeric,median_impute+missing_indicator+standardize,cognitive_item_or_measure,cognitive_instrument_semantic_rule,automatic_proposal,,current_and_previous_blocks_evaluated_independently,50,distinct_fit_participants_with_observed_original_feature,recomputed_per_scenario_and_per_temporal_block_on_fit_data,remove_if_support_lt_50_or_all_missing_or_effectively_constant_in_fit,992,True,0.2803041598330102,6,False,False,False,categorical_numeric_code_candidate,one_hot_or_numeric_review,numeric_looking_code_requires_semantic_review,True,numeric,median_impute+missing_indicator+standardize,cognitive_item_or_measure,benchmark04b_semantic_audit_approved,semantic_support_candidate_not_official_v0.1.2,matched,2,ADNI3;ADNI4,Score: World Backwards,N,,,,,1,0,True,numeric,median_impute+missing_indicator+standardize,cognitive_item_or_measure,confirmed,dictionary_consistent_with_candidate_schema,,False,2,6,2,True,0,False,0,0,0,0,0,0,0,0,0,True,1,0,1,True,0.1.0,False,approved_for_support_pilot,dictionary_domain_and_observed_phase_semantics_are_compatible_in_training,not_assessable_no_code_dictionary,False,not_applicable_numeric_without_coded_domain,consistent,consistent,2707,1044,True,numeric,median_impute+missing_indicator+standardize,cognitive_item_or_measure,approved,benchmark04b_semantic_audit_approved,identity,False,False,2707.0,1044.0,0,0,0,0,True,True,True,0.1.2,True,2|10|30|50|100,992,True,True,True,True,True,1.0.0,True,benchmark04e_freeze_feature_schema,acfd34080ed60c0a6f59,True,numeric,median_impute+missing_indicator+standardize,cognitive_item_or_measure,identity,50,distinct_fit_participants_with_observed_original_feature,recomputed_per_scenario_and_per_temporal_block_on_fit_data,False,True,True,remove_if_support_lt_50_or_all_missing_or_effectively_constant_in_fit,True,retained_at_50_in_snapshot_all_train_reference,Semantically authorized. Apply the frozen support rule independently within each scenario and temporal block using fit participants only.
MMSE,visit,32,WORD1DL,MMSE__WORD1DL,True,binary,train_binary_mapping+median_impute+missing_indicator,cognitive_item_or_measure,cognitive_instrument_semantic_rule,automatic_proposal,,current_and_previous_blocks_evaluated_independently,50,distinct_fit_participants_with_observed_original_feature,recomputed_per_scenario_and_per_temporal_block_on_fit_data,remove_if_support_lt_50_or_all_missing_or_effectively_constant_in_fit,1858,True,0.8131802594304458,2,False,False,False,binary_numeric_candidate,binary_or_one_hot_review,numeric_looking_code_requires_semantic_review,True,binary,train_binary_mapping+median_impute+missing_indicator,cognitive_item_or_measure,binary_item_with_missing_phase_CODE_but_stable_documented_semantics+training_values_pass_type_domain_check,semantic_support_candidate_not_official_v0.1.2,matched,2,ADNI3;ADNI4,Ball (alt: Apple),N,0=0 - Incorrect; 1=1 - Correct || 0=0 - Incorrect;1=1 - Correct,,,,1,2,True,binary,train_binary_mapping+median_impute+missing_indicator,cognitive_item_or_measure,confirmed,dictionary_consistent_with_candidate_schema,code_dictionary_varies_by_phase,False,2,2,5,True,0,True,10,0,0,0,6,6147,1226,0,0,True,1,0,1,False,0.1.0,False,manual_review_unassessable_phase_domain,one_or_more_observed_phases_have_no_parseable_dictionary_domain,phase_dictionary_missing_for_observed_phase,True,observed_values_unassessable_in_one_or_more_phases,consistent,consistent,8863,1987,True,binary,train_binary_mapping+median_impute+missing_indicator,cognitive_item_or_measure,approved,binary_item_with_missing_phase_CODE_but_stable_documented_semantics+training_values_pass_type_domain_check,binary_zero_one_identity,False,False,8863.0,1987.0,0,0,0,0,True,True,True,0.1.2,True,2|10|30|50|100,1858,True,True,True,True,True,1.0.0,True,benchmark04e_freeze_feature_schema,acfd34080ed60c0a6f59,True,binary,train_binary_mapping+median_impute+missing_indicator,cognitive_item_or_measure,binary_zero_one_identity,50,distinct_fit_participants_with_observed_original_feature,recomputed_per_scenario_and_per_temporal_block_on_fit_data,False,True,True,remove_if_support_lt_50_or_all_missing_or_effectively_constant_in_fit,True,retained_at_50_in_snapshot_all_train_reference,Semantically authorized. Apply the frozen support rule independently within each scenario and temporal block using fit participants only.
MMSE,visit,33,WORD2DL,MMSE__WORD2DL,True,binary,train_binary_mapping+median_impute+missing_indicator,cognitive_item_or_measure,cognitive_instrument_semantic_rule,automatic_proposal,,current_and_previous_blocks_evaluated_independently,50,distinct_fit_participants_with_observed_original_feature,recomputed_per_scenario_and_per_temporal_block_on_fit_data,remove_if_support_lt_50_or_all_missing_or_effectively_constant_in_fit,1858,True,0.8128820635157298,2,False,False,False,binary_numeric_candidate,binary_or_one_hot_review,numeric_looking_code_requires_semantic_review,True,binary,train_binary_mapping+median_impute+missing_indicator,cognitive_item_or_measure,binary_item_with_missing_phase_CODE_but_stable_documented_semantics+training_values_pass_type_domain_check,semantic_support_candidate_not_official_v0.1.2,matched,2,ADNI3;ADNI4,Flag (alt: Penny),N,0=0 - Incorrect; 1=1 - Correct || 0=0 - Incorrect;1=1 - Correct,,,,1,2,True,binary,train_binary_mapping+median_impute+missing_indicator,cognitive_item_or_measure,confirmed,dictionary_consistent_with_candidate_schema,code_dictionary_varies_by_phase,False,2,2,5,True,0,True,10,0,0,0,6,6147,1226,0,0,True,1,0,1,False,0.1.0,False,manual_review_unassessable_phase_domain,one_or_more_observed_phases_have_no_parseable_dictionary_domain,phase_dictionary_missing_for_observed_phase,True,observed_values_unassessable_in_one_or_more_phases,consistent,consistent,8861,1987,True,binary,train_binary_mapping+median_impute+missing_indicator,cognitive_item_or_measure,approved,binary_item_with_missing_phase_CODE_but_stable_documented_semantics+training_values_pass_type_domain_check,binary_zero_one_identity,False,False,8861.0,1987.0,0,0,0,0,True,True,True,0.1.2,True,2|10|30|50|100,1858,True,True,True,True,True,1.0.0,True,benchmark04e_freeze_feature_schema,acfd34080ed60c0a6f59,True,binary,train_binary_mapping+median_impute+missing_indicator,cognitive_item_or_measure,binary_zero_one_identity,50,distinct_fit_participants_with_observed_original_feature,recomputed_per_scenario_and_per_temporal_block_on_fit_data,False,True,True,remove_if_support_lt_50_or_all_missing_or_effectively_constant_in_fit,True,retained_at_50_in_snapshot_all_train_reference,Semantically authorized. Apply the frozen support rule independently within each scenario and temporal block using fit participants only.
MMSE,visit,34,WORD3DL,MMSE__WORD3DL,True,binary,train_binary_mapping+median_impute+missing_indicator,cognitive_item_or_measure,cognitive_instrument_semantic_rule,automatic_proposal,,current_and_previous_blocks_evaluated_independently,50,distinct_fit_participants_with_observed_original_feature,recomputed_per_scenario_and_per_temporal_block_on_fit_data,remove_if_support_lt_50_or_all_missing_or_effectively_constant_in_fit,1858,True,0.8128820635157298,2,False,False,False,binary_numeric_candidate,binary_or_one_hot_review,numeric_looking_code_requires_semantic_review,True,binary,train_binary_mapping+median_impute+missing_indicator,cognitive_item_or_measure,binary_item_with_missing_phase_CODE_but_stable_documented_semantics+training_values_pass_type_domain_check,semantic_support_candidate_not_official_v0.1.2,matched,2,ADNI3;ADNI4,Tree (alt: Table),N,0=0 - Incorrect; 1=1 - Correct || 0=0 - Incorrect;1=1 - Correct,,,,1,2,True,binary,train_binary_mapping+median_impute+missing_indicator,cognitive_item_or_measure,confirmed,dictionary_consistent_with_candidate_schema,code_dictionary_varies_by_phase,False,2,2,5,True,0,True,10,0,0,0,6,6147,1226,0,0,True,1,0,1,False,0.1.0,False,manual_review_unassessable_phase_domain,one_or_more_observed_phases_have_no_parseable_dictionary_domain,phase_dictionary_missing_for_observed_phase,True,observed_values_unassessable_in_one_or_more_phases,consistent,consistent,8859,1987,True,binary,train_binary_mapping+median_impute+missing_indicator,cognitive_item_or_measure,approved,binary_item_with_missing_phase_CODE_but_stable_documented_semantics+training_values_pass_type_domain_check,binary_zero_one_identity,False,False,8859.0,1987.0,0,0,0,0,True,True,True,0.1.2,True,2|10|30|50|100,1858,True,True,True,True,True,1.0.0,True,benchmark04e_freeze_feature_schema,acfd34080ed60c0a6f59,True,binary,train_binary_mapping+median_impute+missing_indicator,cognitive_item_or_measure,binary_zero_one_identity,50,distinct_fit_participants_with_observed_original_feature,recomputed_per_scenario_and_per_temporal_block_on_fit_data,False,True,True,remove_if_support_lt_50_or_all_missing_or_effectively_constant_in_fit,True,retained_at_50_in_snapshot_all_train_reference,Semantically authorized. Apply the frozen support rule independently within each scenario and temporal block using fit participants only.
MMSE,visit,35,MMWATCH,MMSE__MMWATCH,True,binary,train_binary_mapping+median_impute+missing_indicator,cognitive_item_or_measure,cognitive_instrument_semantic_rule,automatic_proposal,,current_and_previous_blocks_evaluated_independently,50,distinct_fit_participants_with_observed_original_feature,recomputed_per_scenario_and_per_temporal_block_on_fit_data,remove_if_support_lt_50_or_all_missing_or_effectively_constant_in_fit,1858,True,0.8131802594304458,2,False,False,False,binary_numeric_candidate,binary_or_one_hot_review,numeric_looking_code_requires_semantic_review,True,binary,train_binary_mapping+median_impute+missing_indicator,cognitive_item_or_measure,benchmark04b_semantic_audit_approved,semantic_support_candidate_not_official_v0.1.2,matched,5,ADNI1;ADNI2;ADNI3;ADNI4;ADNIGO,"22. Show the participant a wrist watch and ask ""What is this?"" || 22. Show the participant a wrist watch and ask 'What is this?' || What is this? [Point to a watch]",N,0=0 - Incorrect; 1=1 - Correct || 0=0 - Incorrect;1=1 - Correct,,Code Harmonized,"Code Harmonized from ""1=Correct; 2=Incorrect"" to ""0=0 - Incorrect; 1=1 - Correct""",3,2,True,binary,train_binary_mapping+median_impute+missing_indicator,cognitive_item_or_measure,confirmed,dictionary_consistent_with_candidate_schema,definition_varies_by_phase|code_dictionary_varies_by_phase,False,5,2,5,True,0,True,10,0,0,0,0,0,0,0,0,True,1,0,2,True,0.1.0,False,approved_for_support_pilot,dictionary_domain_and_observed_phase_semantics_are_compatible_in_training,observed_code_semantics_phase_compatible,False,all_observed_values_documented,consistent,consistent,8863,1987,True,binary,train_binary_mapping+median_impute+missing_indicator,cognitive_item_or_measure,approved,benchmark04b_semantic_audit_approved,identity,False,False,8863.0,1987.0,0,0,0,0,True,True,True,0.1.2,True,2|10|30|50|100,1858,True,True,True,True,True,1.0.0,True,benchmark04e_freeze_feature_schema,acfd34080ed60c0a6f59,True,binary,train_binary_mapping+median_impute+missing_indicator,cognitive_item_or_measure,identity,50,distinct_fit_participants_with_observed_original_feature,recomputed_per_scenario_and_per_temporal_block_on_fit_data,False,True,True,remove_if_support_lt_50_or_all_missing_or_effectively_constant_in_fit,True,retained_at_50_in_snapshot_all_train_reference,Semantically authorized. Apply the frozen support rule independently within each scenario and temporal block using fit participants only.
MMSE,visit,36,MMPENCIL,MMSE__MMPENCIL,True,binary,train_binary_mapping+median_impute+missing_indicator,cognitive_item_or_measure,cognitive_instrument_semantic_rule,automatic_proposal,,current_and_previous_blocks_evaluated_independently,50,distinct_fit_participants_with_observed_original_feature,recomputed_per_scenario_and_per_temporal_block_on_fit_data,remove_if_support_lt_50_or_all_missing_or_effectively_constant_in_fit,1858,True,0.8131802594304458,2,False,False,False,binary_numeric_candidate,binary_or_one_hot_review,numeric_looking_code_requires_semantic_review,True,binary,train_binary_mapping+median_impute+missing_indicator,cognitive_item_or_measure,benchmark04b_semantic_audit_approved,semantic_support_candidate_not_official_v0.1.2,matched,5,ADNI1;ADNI2;ADNI3;ADNI4;ADNIGO,23. Repeat for pencil. || What is this? [Point to a pencil or pen],N,0=0 - Incorrect; 1=1 - Correct || 0=0 - Incorrect;1=1 - Correct,,Code Harmonized,"Code Harmonized from ""1=Correct; 2=Incorrect"" to ""0=0 - Incorrect; 1=1 - Correct""",2,2,True,binary,train_binary_mapping+median_impute+missing_indicator,cognitive_item_or_measure,confirmed,dictionary_consistent_with_candidate_schema,definition_varies_by_phase|code_dictionary_varies_by_phase,False,5,2,5,True,0,True,10,0,0,0,0,0,0,0,0,True,1,0,2,True,0.1.0,False,approved_for_support_pilot,dictionary_domain_and_observed_phase_semantics_are_compatible_in_training,observed_code_semantics_phase_compatible,False,all_observed_values_documented,consistent,consistent,8862,1987,True,binary,train_binary_mapping+median_impute+missing_indicator,cognitive_item_or_measure,approved,benchmark04b_semantic_audit_approved,identity,False,False,8862.0,1987.0,0,0,0,0,True,True,True,0.1.2,True,2|10|30|50|100,1858,True,True,True,True,True,1.0.0,True,benchmark04e_freeze_feature_schema,acfd34080ed60c0a6f59,True,binary,train_binary_mapping+median_impute+missing_indicator,cognitive_item_or_measure,identity,50,distinct_fit_participants_with_observed_original_feature,recomputed_per_scenario_and_per_temporal_block_on_fit_data,False,True,True,remove_if_support_lt_50_or_all_missing_or_effectively_constant_in_fit,True,retained_at_50_in_snapshot_all_train_reference,Semantically authorized. Apply the frozen support rule independently within each scenario and temporal block using fit participants only.
MMSE,visit,37,MMREPEAT,MMSE__MMREPEAT,True,binary,train_binary_mapping+median_impute+missing_indicator,cognitive_item_or_measure,cognitive_instrument_semantic_rule,automatic_proposal,,current_and_previous_blocks_evaluated_independently,50,distinct_fit_participants_with_observed_original_feature,recomputed_per_scenario_and_per_temporal_block_on_fit_data,remove_if_support_lt_50_or_all_missing_or_effectively_constant_in_fit,1858,True,0.8131802594304458,2,False,False,False,binary_numeric_candidate,binary_or_one_hot_review,numeric_looking_code_requires_semantic_review,True,binary,train_binary_mapping+median_impute+missing_indicator,cognitive_item_or_measure,benchmark04b_semantic_audit_approved,semantic_support_candidate_not_official_v0.1.2,matched,5,ADNI1;ADNI2;ADNI3;ADNI4;ADNIGO,"24. Say, ""Repeat after me: no ifs, ands, or buts."" || 24. Say, 'Repeat after me: no ifs, ands, or buts.' || No ifs, ands, or buts",N,0=0 - Incorrect; 1=1 - Correct || 0=0 - Incorrect;1=1 - Correct,,Code Harmonized,"Code Harmonized from ""1=Correct; 2=Incorrect"" to ""0=0 - Incorrect; 1=1 - Correct""",3,2,True,binary,train_binary_mapping+median_impute+missing_indicator,cognitive_item_or_measure,confirmed,dictionary_consistent_with_candidate_schema,definition_varies_by_phase|code_dictionary_varies_by_phase,False,5,2,5,True,0,True,10,0,0,0,0,0,0,0,0,True,1,0,2,True,0.1.0,False,approved_for_support_pilot,dictionary_domain_and_observed_phase_semantics_are_compatible_in_training,observed_code_semantics_phase_compatible,False,all_observed_values_documented,consistent,consistent,8862,1987,True,binary,train_binary_mapping+median_impute+missing_indicator,cognitive_item_or_measure,approved,benchmark04b_semantic_audit_approved,identity,False,False,8862.0,1987.0,0,0,0,0,True,True,True,0.1.2,True,2|10|30|50|100,1858,True,True,True,True,True,1.0.0,True,benchmark04e_freeze_feature_schema,acfd34080ed60c0a6f59,True,binary,train_binary_mapping+median_impute+missing_indicator,cognitive_item_or_measure,identity,50,distinct_fit_participants_with_observed_original_feature,recomputed_per_scenario_and_per_temporal_block_on_fit_data,False,True,True,remove_if_support_lt_50_or_all_missing_or_effectively_constant_in_fit,True,retained_at_50_in_snapshot_all_train_reference,Semantically authorized. Apply the frozen support rule independently within each scenario and temporal block using fit participants only.
MMSE,visit,38,MMHAND,MMSE__MMHAND,True,binary,train_binary_mapping+median_impute+missing_indicator,cognitive_item_or_measure,cognitive_instrument_semantic_rule,automatic_proposal,,current_and_previous_blocks_evaluated_independently,50,distinct_fit_participants_with_observed_original_feature,recomputed_per_scenario_and_per_temporal_block_on_fit_data,remove_if_support_lt_50_or_all_missing_or_effectively_constant_in_fit,1858,True,0.8131802594304458,2,False,False,False,binary_numeric_candidate,binary_or_one_hot_review,numeric_looking_code_requires_semantic_review,True,binary,train_binary_mapping+median_impute+missing_indicator,cognitive_item_or_measure,benchmark04b_semantic_audit_approved,semantic_support_candidate_not_official_v0.1.2,matched,5,ADNI1;ADNI2;ADNI3;ADNI4;ADNIGO,25. Takes paper in right hand. || Takes in right hand,N,0=0 - Incorrect; 1=1 - Correct || 0=0 - Incorrect;1=1 - Correct,,Code Harmonized,"Code Harmonized from ""1=Correct; 2=Incorrect"" to ""0=0 - Incorrect; 1=1 - Correct""",2,2,True,binary,train_binary_mapping+median_impute+missing_indicator,cognitive_item_or_measure,confirmed,dictionary_consistent_with_candidate_schema,definition_varies_by_phase|code_dictionary_varies_by_phase,False,5,2,5,True,0,True,10,0,0,0,0,0,0,0,0,True,1,0,2,True,0.1.0,False,approved_for_support_pilot,dictionary_domain_and_observed_phase_semantics_are_compatible_in_training,observed_code_semantics_phase_compatible,False,all_observed_values_documented,consistent,consistent,8862,1987,True,binary,train_binary_mapping+median_impute+missing_indicator,cognitive_item_or_measure,approved,benchmark04b_semantic_audit_approved,identity,False,False,8862.0,1987.0,0,0,0,0,True,True,True,0.1.2,True,2|10|30|50|100,1858,True,True,True,True,True,1.0.0,True,benchmark04e_freeze_feature_schema,acfd34080ed60c0a6f59,True,binary,train_binary_mapping+median_impute+missing_indicator,cognitive_item_or_measure,identity,50,distinct_fit_participants_with_observed_original_feature,recomputed_per_scenario_and_per_temporal_block_on_fit_data,False,True,True,remove_if_support_lt_50_or_all_missing_or_effectively_constant_in_fit,True,retained_at_50_in_snapshot_all_train_reference,Semantically authorized. Apply the frozen support rule independently within each scenario and temporal block using fit participants only.
MMSE,visit,39,MMFOLD,MMSE__MMFOLD,True,binary,train_binary_mapping+median_impute+missing_indicator,cognitive_item_or_measure,cognitive_instrument_semantic_rule,automatic_proposal,,current_and_previous_blocks_evaluated_independently,50,distinct_fit_participants_with_observed_original_feature,recomputed_per_scenario_and_per_temporal_block_on_fit_data,remove_if_support_lt_50_or_all_missing_or_effectively_constant_in_fit,1858,True,0.8131802594304458,2,False,False,False,binary_numeric_candidate,binary_or_one_hot_review,numeric_looking_code_requires_semantic_review,True,binary,train_binary_mapping+median_impute+missing_indicator,cognitive_item_or_measure,benchmark04b_semantic_audit_approved,semantic_support_candidate_not_official_v0.1.2,matched,5,ADNI1;ADNI2;ADNI3;ADNI4;ADNIGO,26. Folds paper in half. || Folds in half,N,0=0 - Incorrect; 1=1 - Correct || 0=0 - Incorrect;1=1 - Correct,,Code Harmonized,"Code Harmonized from ""1=Correct; 2=Incorrect"" to ""0=0 - Incorrect; 1=1 - Correct""",2,2,True,binary,train_binary_mapping+median_impute+missing_indicator,cognitive_item_or_measure,confirmed,dictionary_consistent_with_candidate_schema,definition_varies_by_phase|code_dictionary_varies_by_phase,False,5,2,5,True,0,True,10,0,0,0,0,0,0,0,0,True,1,0,2,True,0.1.0,False,approved_for_support_pilot,dictionary_domain_and_observed_phase_semantics_are_compatible_in_training,observed_code_semantics_phase_compatible,False,all_observed_values_documented,consistent,consistent,8861,1987,True,binary,train_binary_mapping+median_impute+missing_indicator,cognitive_item_or_measure,approved,benchmark04b_semantic_audit_approved,identity,False,False,8861.0,1987.0,0,0,0,0,True,True,True,0.1.2,True,2|10|30|50|100,1858,True,True,True,True,True,1.0.0,True,benchmark04e_freeze_feature_schema,acfd34080ed60c0a6f59,True,binary,train_binary_mapping+median_impute+missing_indicator,cognitive_item_or_measure,identity,50,distinct_fit_participants_with_observed_original_feature,recomputed_per_scenario_and_per_temporal_block_on_fit_data,False,True,True,remove_if_support_lt_50_or_all_missing_or_effectively_constant_in_fit,True,retained_at_50_in_snapshot_all_train_reference,Semantically authorized. Apply the frozen support rule independently within each scenario and temporal block using fit participants only.
MMSE,visit,40,MMONFLR,MMSE__MMONFLR,True,binary,train_binary_mapping+median_impute+missing_indicator,cognitive_item_or_measure,cognitive_instrument_semantic_rule,automatic_proposal,,current_and_previous_blocks_evaluated_independently,50,distinct_fit_participants_with_observed_original_feature,recomputed_per_scenario_and_per_temporal_block_on_fit_data,remove_if_support_lt_50_or_all_missing_or_effectively_constant_in_fit,1858,True,0.8130311614730878,2,False,False,False,binary_numeric_candidate,binary_or_one_hot_review,numeric_looking_code_requires_semantic_review,True,binary,train_binary_mapping+median_impute+missing_indicator,cognitive_item_or_measure,benchmark04b_semantic_audit_approved,semantic_support_candidate_not_official_v0.1.2,matched,5,ADNI1;ADNI2;ADNI3;ADNI4;ADNIGO,27. Puts paper on floor. || Puts on floor,N,0=0 - Incorrect; 1=1 - Correct || 0=0 - Incorrect;1=1 - Correct,,Code Harmonized,"Code Harmonized from ""1=Correct; 2=Incorrect"" to ""0=0 - Incorrect; 1=1 - Correct""",2,2,True,binary,train_binary_mapping+median_impute+missing_indicator,cognitive_item_or_measure,confirmed,dictionary_consistent_with_candidate_schema,definition_varies_by_phase|code_dictionary_varies_by_phase,False,5,2,5,True,0,True,10,0,0,0,0,0,0,0,0,True,1,0,2,True,0.1.0,False,approved_for_support_pilot,dictionary_domain_and_observed_phase_semantics_are_compatible_in_training,observed_code_semantics_phase_compatible,False,all_observed_values_documented,consistent,consistent,8860,1987,True,binary,train_binary_mapping+median_impute+missing_indicator,cognitive_item_or_measure,approved,benchmark04b_semantic_audit_approved,identity,False,False,8860.0,1987.0,0,0,0,0,True,True,True,0.1.2,True,2|10|30|50|100,1858,True,True,True,True,True,1.0.0,True,benchmark04e_freeze_feature_schema,acfd34080ed60c0a6f59,True,binary,train_binary_mapping+median_impute+missing_indicator,cognitive_item_or_measure,identity,50,distinct_fit_participants_with_observed_original_feature,recomputed_per_scenario_and_per_temporal_block_on_fit_data,False,True,True,remove_if_support_lt_50_or_all_missing_or_effectively_constant_in_fit,True,retained_at_50_in_snapshot_all_train_reference,Semantically authorized. Apply the frozen support rule independently within each scenario and temporal block using fit participants only.
MMSE,visit,41,MMREAD,MMSE__MMREAD,True,binary,train_binary_mapping+median_impute+missing_indicator,cognitive_item_or_measure,cognitive_instrument_semantic_rule,automatic_proposal,,current_and_previous_blocks_evaluated_independently,50,distinct_fit_participants_with_observed_original_feature,recomputed_per_scenario_and_per_temporal_block_on_fit_data,remove_if_support_lt_50_or_all_missing_or_effectively_constant_in_fit,1858,True,0.8131802594304458,2,False,False,False,binary_numeric_candidate,binary_or_one_hot_review,numeric_looking_code_requires_semantic_review,True,binary,train_binary_mapping+median_impute+missing_indicator,cognitive_item_or_measure,benchmark04b_semantic_audit_approved,semantic_support_candidate_not_official_v0.1.2,matched,5,ADNI1;ADNI2;ADNI3;ADNI4;ADNIGO,"28. Present the piece of paper which reads, ""CLOSE YOUR EYES,"" and say: ""Read this and do what it says."" || 28. Present the piece of paper which reads, 'CLOSE YOUR EYES,' and say: 'Read this and do what it says.' || Close your eyes",N,0=0 - Incorrect; 1=1 - Correct || 0=0 - Incorrect;1=1 - Correct,,Code Harmonized,"Code Harmonized from ""1=Correct; 2=Incorrect"" to ""0=0 - Incorrect; 1=1 - Correct""",3,2,True,binary,train_binary_mapping+median_impute+missing_indicator,cognitive_item_or_measure,confirmed,dictionary_consistent_with_candidate_schema,definition_varies_by_phase|code_dictionary_varies_by_phase,False,5,2,5,True,0,True,10,0,0,0,0,0,0,0,0,True,1,0,2,True,0.1.0,False,approved_for_support_pilot,dictionary_domain_and_observed_phase_semantics_are_compatible_in_training,observed_code_semantics_phase_compatible,False,all_observed_values_documented,consistent,consistent,8863,1987,True,binary,train_binary_mapping+median_impute+missing_indicator,cognitive_item_or_measure,approved,benchmark04b_semantic_audit_approved,identity,False,False,8863.0,1987.0,0,0,0,0,True,True,True,0.1.2,True,2|10|30|50|100,1858,True,True,True,True,True,1.0.0,True,benchmark04e_freeze_feature_schema,acfd34080ed60c0a6f59,True,binary,train_binary_mapping+median_impute+missing_indicator,cognitive_item_or_measure,identity,50,distinct_fit_participants_with_observed_original_feature,recomputed_per_scenario_and_per_temporal_block_on_fit_data,False,True,True,remove_if_support_lt_50_or_all_missing_or_effectively_constant_in_fit,True,retained_at_50_in_snapshot_all_train_reference,Semantically authorized. Apply the frozen support rule independently within each scenario and temporal block using fit participants only.
MMSE,visit,42,MMWRITE,MMSE__MMWRITE,True,binary,train_binary_mapping+median_impute+missing_indicator,cognitive_item_or_measure,cognitive_instrument_semantic_rule,automatic_proposal,,current_and_previous_blocks_evaluated_independently,50,distinct_fit_participants_with_observed_original_feature,recomputed_per_scenario_and_per_temporal_block_on_fit_data,remove_if_support_lt_50_or_all_missing_or_effectively_constant_in_fit,1858,True,0.8131802594304458,2,False,False,False,binary_numeric_candidate,binary_or_one_hot_review,numeric_looking_code_requires_semantic_review,True,binary,train_binary_mapping+median_impute+missing_indicator,cognitive_item_or_measure,benchmark04b_semantic_audit_approved,semantic_support_candidate_not_official_v0.1.2,matched,5,ADNI1;ADNI2;ADNI3;ADNI4;ADNIGO,"29. Give the participant a blank piece of paper and say: ""Write a sentence."" || 29. Give the participant a blank piece of paper and say: 'Write a sentence.' || Please write a sentence",N,0=0 - Incorrect; 1=1 - Correct || 0=0 - Incorrect;1=1 - Correct,,Code Harmonized,"Code Harmonized from ""1=Correct; 2=Incorrect"" to ""0=0 - Incorrect; 1=1 - Correct""",3,2,True,binary,train_binary_mapping+median_impute+missing_indicator,cognitive_item_or_measure,confirmed,dictionary_consistent_with_candidate_schema,definition_varies_by_phase|code_dictionary_varies_by_phase,False,5,2,5,True,0,True,10,0,0,0,0,0,0,0,0,True,1,0,2,True,0.1.0,False,approved_for_support_pilot,dictionary_domain_and_observed_phase_semantics_are_compatible_in_training,observed_code_semantics_phase_compatible,False,all_observed_values_documented,consistent,consistent,8863,1987,True,binary,train_binary_mapping+median_impute+missing_indicator,cognitive_item_or_measure,approved,benchmark04b_semantic_audit_approved,identity,False,False,8863.0,1987.0,0,0,0,0,True,True,True,0.1.2,True,2|10|30|50|100,1858,True,True,True,True,True,1.0.0,True,benchmark04e_freeze_feature_schema,acfd34080ed60c0a6f59,True,binary,train_binary_mapping+median_impute+missing_indicator,cognitive_item_or_measure,identity,50,distinct_fit_participants_with_observed_original_feature,recomputed_per_scenario_and_per_temporal_block_on_fit_data,False,True,True,remove_if_support_lt_50_or_all_missing_or_effectively_constant_in_fit,True,retained_at_50_in_snapshot_all_train_reference,Semantically authorized. Apply the frozen support rule independently within each scenario and temporal block using fit participants only.
MMSE,visit,43,MMDRAW,MMSE__MMDRAW,True,binary,train_binary_mapping+median_impute+missing_indicator,cognitive_item_or_measure,cognitive_instrument_semantic_rule,automatic_proposal,,current_and_previous_blocks_evaluated_independently,50,distinct_fit_participants_with_observed_original_feature,recomputed_per_scenario_and_per_temporal_block_on_fit_data,remove_if_support_lt_50_or_all_missing_or_effectively_constant_in_fit,1858,True,0.8130311614730878,2,False,False,False,binary_numeric_candidate,binary_or_one_hot_review,numeric_looking_code_requires_semantic_review,True,binary,train_binary_mapping+median_impute+missing_indicator,cognitive_item_or_measure,benchmark04b_semantic_audit_approved,semantic_support_candidate_not_official_v0.1.2,matched,5,ADNI1;ADNI2;ADNI3;ADNI4;ADNIGO,"30. Present the participant with the Construction Stimulus page. Say, ""Copy this design."" || 30. Present the participant with the Construction Stimulus page. Say, 'Copy this design.' || Please copy this design",N,0=0 - Incorrect; 1=1 - Correct || 0=0 - Incorrect;1=1 - Correct,,Code Harmonized,"Code Harmonized from ""1=Correct; 2=Incorrect"" to ""0=0 - Incorrect; 1=1 - Correct""",3,2,True,binary,train_binary_mapping+median_impute+missing_indicator,cognitive_item_or_measure,confirmed,dictionary_consistent_with_candidate_schema,definition_varies_by_phase|code_dictionary_varies_by_phase,False,5,2,5,True,0,True,10,0,0,0,0,0,0,0,0,True,1,0,2,True,0.1.0,False,approved_for_support_pilot,dictionary_domain_and_observed_phase_semantics_are_compatible_in_training,observed_code_semantics_phase_compatible,False,all_observed_values_documented,consistent,consistent,8861,1987,True,binary,train_binary_mapping+median_impute+missing_indicator,cognitive_item_or_measure,approved,benchmark04b_semantic_audit_approved,identity,False,False,8861.0,1987.0,0,0,0,0,True,True,True,0.1.2,True,2|10|30|50|100,1858,True,True,True,True,True,1.0.0,True,benchmark04e_freeze_feature_schema,acfd34080ed60c0a6f59,True,binary,train_binary_mapping+median_impute+missing_indicator,cognitive_item_or_measure,identity,50,distinct_fit_participants_with_observed_original_feature,recomputed_per_scenario_and_per_temporal_block_on_fit_data,False,True,True,remove_if_support_lt_50_or_all_missing_or_effectively_constant_in_fit,True,retained_at_50_in_snapshot_all_train_reference,Semantically authorized. Apply the frozen support rule independently within each scenario and temporal block using fit participants only.
MMSE,visit,44,MMSCORE,MMSE__MMSCORE,True,numeric,median_impute+missing_indicator+standardize,cognitive_summary_score,cognitive_instrument_semantic_rule,automatic_proposal,,current_and_previous_blocks_evaluated_independently,50,distinct_fit_participants_with_observed_original_feature,recomputed_per_scenario_and_per_temporal_block_on_fit_data,remove_if_support_lt_50_or_all_missing_or_effectively_constant_in_fit,1858,True,0.8128820635157298,28,False,False,False,numeric_candidate,numeric_median_imputation,,True,numeric,median_impute+missing_indicator+standardize,cognitive_summary_score,documented_score_count_time_year_or_total_with_stable_type_and_unit+training_values_pass_type_domain_check,semantic_support_candidate_not_official_v0.1.2,matched,5,ADNI1;ADNI2;ADNI3;ADNI4;ADNIGO,MMSE TOTAL SCORE,N,0..30,,,,1,1,True,numeric,median_impute+missing_indicator+standardize,cognitive_summary_score,confirmed,dictionary_consistent_with_candidate_schema,,False,5,31,5,True,0,True,121,0,0,0,38,1150,779,0,0,True,1,0,1,False,0.1.0,False,manual_review_unassessable_phase_domain,one_or_more_observed_phases_have_no_parseable_dictionary_domain,observed_code_semantics_phase_compatible,False,observed_values_unassessable_in_one_or_more_phases,consistent,consistent,8852,1987,True,numeric,median_impute+missing_indicator+standardize,cognitive_summary_score,approved,documented_score_count_time_year_or_total_with_stable_type_and_unit+training_values_pass_type_domain_check,numeric_identity,False,False,8852.0,1987.0,0,0,0,0,True,True,True,0.1.2,True,2|10|30|50|100,1858,True,True,True,True,True,1.0.0,True,benchmark04e_freeze_feature_schema,acfd34080ed60c0a6f59,True,numeric,median_impute+missing_indicator+standardize,cognitive_summary_score,numeric_identity,50,distinct_fit_participants_with_observed_original_feature,recomputed_per_scenario_and_per_temporal_block_on_fit_data,False,True,True,remove_if_support_lt_50_or_all_missing_or_effectively_constant_in_fit,True,retained_at_50_in_snapshot_all_train_reference,Semantically authorized. Apply the frozen support rule independently within each scenario and temporal block using fit participants only.
MOCA,visit,1,TRAILS,MOCA__TRAILS,True,binary,train_binary_mapping+median_impute+missing_indicator,cognitive_item_or_measure,cognitive_instrument_semantic_rule,automatic_proposal,,current_and_previous_blocks_evaluated_independently,50,distinct_fit_participants_with_observed_original_feature,recomputed_per_scenario_and_per_temporal_block_on_fit_data,remove_if_support_lt_50_or_all_missing_or_effectively_constant_in_fit,1037,True,0.405546444013717,2,False,False,False,binary_numeric_candidate,binary_or_one_hot_review,numeric_looking_code_requires_semantic_review,True,binary,train_binary_mapping+median_impute+missing_indicator,cognitive_item_or_measure,benchmark04b_semantic_audit_approved,semantic_support_candidate_not_official_v0.1.2,matched,4,ADNI2;ADNI3;ADNI4;ADNIGO,Trails,N,0=Incorrect; 1=Correct || 0=Incorrect;1=Correct || 1=Correct; 0=Incorrect,,,,1,3,True,binary,train_binary_mapping+median_impute+missing_indicator,cognitive_item_or_measure,confirmed,dictionary_consistent_with_candidate_schema,code_dictionary_varies_by_phase,False,4,2,4,True,0,True,8,0,0,0,0,0,0,0,0,True,1,0,1,True,0.1.0,False,approved_for_support_pilot,dictionary_domain_and_observed_phase_semantics_are_compatible_in_training,observed_code_semantics_phase_compatible,False,all_observed_values_documented,consistent,consistent,6085,1487,True,binary,train_binary_mapping+median_impute+missing_indicator,cognitive_item_or_measure,approved,benchmark04b_semantic_audit_approved,identity,False,False,6085.0,1487.0,0,0,0,0,True,True,True,0.1.2,True,2|10|30|50|100,1037,True,True,True,True,True,1.0.0,True,benchmark04e_freeze_feature_schema,acfd34080ed60c0a6f59,True,binary,train_binary_mapping+median_impute+missing_indicator,cognitive_item_or_measure,identity,50,distinct_fit_participants_with_observed_original_feature,recomputed_per_scenario_and_per_temporal_block_on_fit_data,False,True,True,remove_if_support_lt_50_or_all_missing_or_effectively_constant_in_fit,True,retained_at_50_in_snapshot_all_train_reference,Semantically authorized. Apply the frozen support rule independently within each scenario and temporal block using fit participants only.
MOCA,visit,2,CUBE,MOCA__CUBE,True,binary,train_binary_mapping+median_impute+missing_indicator,cognitive_item_or_measure,cognitive_instrument_semantic_rule,automatic_proposal,,current_and_previous_blocks_evaluated_independently,50,distinct_fit_participants_with_observed_original_feature,recomputed_per_scenario_and_per_temporal_block_on_fit_data,remove_if_support_lt_50_or_all_missing_or_effectively_constant_in_fit,1039,True,0.405695541971075,2,False,False,False,binary_numeric_candidate,binary_or_one_hot_review,numeric_looking_code_requires_semantic_review,True,binary,train_binary_mapping+median_impute+missing_indicator,cognitive_item_or_measure,benchmark04b_semantic_audit_approved,semantic_support_candidate_not_official_v0.1.2,matched,4,ADNI2;ADNI3;ADNI4;ADNIGO,Copy Cube,N,0=Incorrect; 1=Correct || 0=Incorrect;1=Correct || 1=Correct; 0=Incorrect,,,,1,3,True,binary,train_binary_mapping+median_impute+missing_indicator,cognitive_item_or_measure,confirmed,dictionary_consistent_with_candidate_schema,code_dictionary_varies_by_phase,False,4,2,4,True,0,True,8,0,0,0,0,0,0,0,0,True,1,0,1,True,0.1.0,False,approved_for_support_pilot,dictionary_domain_and_observed_phase_semantics_are_compatible_in_training,observed_code_semantics_phase_compatible,False,all_observed_values_documented,consistent,consistent,6085,1487,True,binary,train_binary_mapping+median_impute+missing_indicator,cognitive_item_or_measure,approved,benchmark04b_semantic_audit_approved,identity,False,False,6085.0,1487.0,0,0,0,0,True,True,True,0.1.2,True,2|10|30|50|100,1039,True,True,True,True,True,1.0.0,True,benchmark04e_freeze_feature_schema,acfd34080ed60c0a6f59,True,binary,train_binary_mapping+median_impute+missing_indicator,cognitive_item_or_measure,identity,50,distinct_fit_participants_with_observed_original_feature,recomputed_per_scenario_and_per_temporal_block_on_fit_data,False,True,True,remove_if_support_lt_50_or_all_missing_or_effectively_constant_in_fit,True,retained_at_50_in_snapshot_all_train_reference,Semantically authorized. Apply the frozen support rule independently within each scenario and temporal block using fit participants only.
MOCA,visit,3,CLOCKCON,MOCA__CLOCKCON,True,binary,train_binary_mapping+median_impute+missing_indicator,cognitive_item_or_measure,cognitive_instrument_semantic_rule,automatic_proposal,,current_and_previous_blocks_evaluated_independently,50,distinct_fit_participants_with_observed_original_feature,recomputed_per_scenario_and_per_temporal_block_on_fit_data,remove_if_support_lt_50_or_all_missing_or_effectively_constant_in_fit,1035,True,0.405099150141643,2,False,False,False,binary_numeric_candidate,binary_or_one_hot_review,numeric_looking_code_requires_semantic_review,True,binary,train_binary_mapping+median_impute+missing_indicator,cognitive_item_or_measure,benchmark04b_semantic_audit_approved,semantic_support_candidate_not_official_v0.1.2,matched,4,ADNI2;ADNI3;ADNI4;ADNIGO,Draw Clock - Contour,N,0=Incorrect; 1=Correct || 0=Incorrect;1=Correct || 1=Correct; 0=Incorrect,,,,1,3,True,binary,train_binary_mapping+median_impute+missing_indicator,cognitive_item_or_measure,confirmed,dictionary_consistent_with_candidate_schema,code_dictionary_varies_by_phase,False,4,2,4,True,0,True,8,0,0,0,0,0,0,0,0,True,1,0,1,True,0.1.0,False,approved_for_support_pilot,dictionary_domain_and_observed_phase_semantics_are_compatible_in_training,observed_code_semantics_phase_compatible,False,all_observed_values_documented,consistent,consistent,6078,1487,True,binary,train_binary_mapping+median_impute+missing_indicator,cognitive_item_or_measure,approved,benchmark04b_semantic_audit_approved,identity,False,False,6078.0,1487.0,0,0,0,0,True,True,True,0.1.2,True,2|10|30|50|100,1035,True,True,True,True,True,1.0.0,True,benchmark04e_freeze_feature_schema,acfd34080ed60c0a6f59,True,binary,train_binary_mapping+median_impute+missing_indicator,cognitive_item_or_measure,identity,50,distinct_fit_participants_with_observed_original_feature,recomputed_per_scenario_and_per_temporal_block_on_fit_data,False,True,True,remove_if_support_lt_50_or_all_missing_or_effectively_constant_in_fit,True,retained_at_50_in_snapshot_all_train_reference,Semantically authorized. Apply the frozen support rule independently within each scenario and temporal block using fit participants only.
MOCA,visit,4,CLOCKNO,MOCA__CLOCKNO,True,binary,train_binary_mapping+median_impute+missing_indicator,cognitive_item_or_measure,cognitive_instrument_semantic_rule,automatic_proposal,,current_and_previous_blocks_evaluated_independently,50,distinct_fit_participants_with_observed_original_feature,recomputed_per_scenario_and_per_temporal_block_on_fit_data,remove_if_support_lt_50_or_all_missing_or_effectively_constant_in_fit,1035,True,0.405099150141643,2,False,False,False,binary_numeric_candidate,binary_or_one_hot_review,numeric_looking_code_requires_semantic_review,True,binary,train_binary_mapping+median_impute+missing_indicator,cognitive_item_or_measure,benchmark04b_semantic_audit_approved,semantic_support_candidate_not_official_v0.1.2,matched,4,ADNI2;ADNI3;ADNI4;ADNIGO,Draw Clock - Number,N,0=Incorrect; 1=Correct || 0=Incorrect;1=Correct || 1=Correct; 0=Incorrect,,,,1,3,True,binary,train_binary_mapping+median_impute+missing_indicator,cognitive_item_or_measure,confirmed,dictionary_consistent_with_candidate_schema,code_dictionary_varies_by_phase,False,4,2,4,True,0,True,8,0,0,0,0,0,0,0,0,True,1,0,1,True,0.1.0,False,approved_for_support_pilot,dictionary_domain_and_observed_phase_semantics_are_compatible_in_training,observed_code_semantics_phase_compatible,False,all_observed_values_documented,consistent,consistent,6076,1487,True,binary,train_binary_mapping+median_impute+missing_indicator,cognitive_item_or_measure,approved,benchmark04b_semantic_audit_approved,identity,False,False,6076.0,1487.0,0,0,0,0,True,True,True,0.1.2,True,2|10|30|50|100,1035,True,True,True,True,True,1.0.0,True,benchmark04e_freeze_feature_schema,acfd34080ed60c0a6f59,True,binary,train_binary_mapping+median_impute+missing_indicator,cognitive_item_or_measure,identity,50,distinct_fit_participants_with_observed_original_feature,recomputed_per_scenario_and_per_temporal_block_on_fit_data,False,True,True,remove_if_support_lt_50_or_all_missing_or_effectively_constant_in_fit,True,retained_at_50_in_snapshot_all_train_reference,Semantically authorized. Apply the frozen support rule independently within each scenario and temporal block using fit participants only.
MOCA,visit,5,CLOCKHAN,MOCA__CLOCKHAN,True,binary,train_binary_mapping+median_impute+missing_indicator,cognitive_item_or_measure,cognitive_instrument_semantic_rule,automatic_proposal,,current_and_previous_blocks_evaluated_independently,50,distinct_fit_participants_with_observed_original_feature,recomputed_per_scenario_and_per_temporal_block_on_fit_data,remove_if_support_lt_50_or_all_missing_or_effectively_constant_in_fit,1035,True,0.405099150141643,2,False,False,False,binary_numeric_candidate,binary_or_one_hot_review,numeric_looking_code_requires_semantic_review,True,binary,train_binary_mapping+median_impute+missing_indicator,cognitive_item_or_measure,benchmark04b_semantic_audit_approved,semantic_support_candidate_not_official_v0.1.2,matched,4,ADNI2;ADNI3;ADNI4;ADNIGO,Draw Clock - Hands,N,0=Incorrect; 1=Correct || 0=Incorrect;1=Correct || 1=Correct; 0=Incorrect,,,,1,3,True,binary,train_binary_mapping+median_impute+missing_indicator,cognitive_item_or_measure,confirmed,dictionary_consistent_with_candidate_schema,code_dictionary_varies_by_phase,False,4,2,4,True,0,True,8,0,0,0,0,0,0,0,0,True,1,0,1,True,0.1.0,False,approved_for_support_pilot,dictionary_domain_and_observed_phase_semantics_are_compatible_in_training,observed_code_semantics_phase_compatible,False,all_observed_values_documented,consistent,consistent,6075,1487,True,binary,train_binary_mapping+median_impute+missing_indicator,cognitive_item_or_measure,approved,benchmark04b_semantic_audit_approved,identity,False,False,6075.0,1487.0,0,0,0,0,True,True,True,0.1.2,True,2|10|30|50|100,1035,True,True,True,True,True,1.0.0,True,benchmark04e_freeze_feature_schema,acfd34080ed60c0a6f59,True,binary,train_binary_mapping+median_impute+missing_indicator,cognitive_item_or_measure,identity,50,distinct_fit_participants_with_observed_original_feature,recomputed_per_scenario_and_per_temporal_block_on_fit_data,False,True,True,remove_if_support_lt_50_or_all_missing_or_effectively_constant_in_fit,True,retained_at_50_in_snapshot_all_train_reference,Semantically authorized. Apply the frozen support rule independently within each scenario and temporal block using fit participants only.
MOCA,visit,6,LION,MOCA__LION,True,binary,train_binary_mapping+median_impute+missing_indicator,cognitive_item_or_measure,cognitive_instrument_semantic_rule,automatic_proposal,,current_and_previous_blocks_evaluated_independently,50,distinct_fit_participants_with_observed_original_feature,recomputed_per_scenario_and_per_temporal_block_on_fit_data,remove_if_support_lt_50_or_all_missing_or_effectively_constant_in_fit,1038,True,0.405695541971075,2,False,False,False,binary_numeric_candidate,binary_or_one_hot_review,numeric_looking_code_requires_semantic_review,True,binary,train_binary_mapping+median_impute+missing_indicator,cognitive_item_or_measure,benchmark04b_semantic_audit_approved,semantic_support_candidate_not_official_v0.1.2,matched,4,ADNI2;ADNI3;ADNI4;ADNIGO,Lion,N,0=Incorrect; 1=Correct || 0=Incorrect;1=Correct || 1=Correct; 0=Incorrect,,,,1,3,True,binary,train_binary_mapping+median_impute+missing_indicator,cognitive_item_or_measure,confirmed,dictionary_consistent_with_candidate_schema,code_dictionary_varies_by_phase,False,4,2,4,True,0,True,8,0,0,0,0,0,0,0,0,True,1,0,1,True,0.1.0,False,approved_for_support_pilot,dictionary_domain_and_observed_phase_semantics_are_compatible_in_training,observed_code_semantics_phase_compatible,False,all_observed_values_documented,consistent,consistent,6088,1487,True,binary,train_binary_mapping+median_impute+missing_indicator,cognitive_item_or_measure,approved,benchmark04b_semantic_audit_approved,identity,False,False,6088.0,1487.0,0,0,0,0,True,True,True,0.1.2,True,2|10|30|50|100,1038,True,True,True,True,True,1.0.0,True,benchmark04e_freeze_feature_schema,acfd34080ed60c0a6f59,True,binary,train_binary_mapping+median_impute+missing_indicator,cognitive_item_or_measure,identity,50,distinct_fit_participants_with_observed_original_feature,recomputed_per_scenario_and_per_temporal_block_on_fit_data,False,True,True,remove_if_support_lt_50_or_all_missing_or_effectively_constant_in_fit,True,retained_at_50_in_snapshot_all_train_reference,Semantically authorized. Apply the frozen support rule independently within each scenario and temporal block using fit participants only.
MOCA,visit,7,RHINO,MOCA__RHINO,True,binary,train_binary_mapping+median_impute+missing_indicator,cognitive_item_or_measure,cognitive_instrument_semantic_rule,automatic_proposal,,current_and_previous_blocks_evaluated_independently,50,distinct_fit_participants_with_observed_original_feature,recomputed_per_scenario_and_per_temporal_block_on_fit_data,remove_if_support_lt_50_or_all_missing_or_effectively_constant_in_fit,1038,True,0.405695541971075,2,False,False,False,binary_numeric_candidate,binary_or_one_hot_review,numeric_looking_code_requires_semantic_review,True,binary,train_binary_mapping+median_impute+missing_indicator,cognitive_item_or_measure,benchmark04b_semantic_audit_approved,semantic_support_candidate_not_official_v0.1.2,matched,4,ADNI2;ADNI3;ADNI4;ADNIGO,Rhinoceros,N,0=Incorrect; 1=Correct || 0=Incorrect;1=Correct || 1=Correct; 0=Incorrect,,,,1,3,True,binary,train_binary_mapping+median_impute+missing_indicator,cognitive_item_or_measure,confirmed,dictionary_consistent_with_candidate_schema,code_dictionary_varies_by_phase,False,4,2,4,True,0,True,8,0,0,0,0,0,0,0,0,True,1,0,1,True,0.1.0,False,approved_for_support_pilot,dictionary_domain_and_observed_phase_semantics_are_compatible_in_training,observed_code_semantics_phase_compatible,False,all_observed_values_documented,consistent,consistent,6087,1487,True,binary,train_binary_mapping+median_impute+missing_indicator,cognitive_item_or_measure,approved,benchmark04b_semantic_audit_approved,identity,False,False,6087.0,1487.0,0,0,0,0,True,True,True,0.1.2,True,2|10|30|50|100,1038,True,True,True,True,True,1.0.0,True,benchmark04e_freeze_feature_schema,acfd34080ed60c0a6f59,True,binary,train_binary_mapping+median_impute+missing_indicator,cognitive_item_or_measure,identity,50,distinct_fit_participants_with_observed_original_feature,recomputed_per_scenario_and_per_temporal_block_on_fit_data,False,True,True,remove_if_support_lt_50_or_all_missing_or_effectively_constant_in_fit,True,retained_at_50_in_snapshot_all_train_reference,Semantically authorized. Apply the frozen support rule independently within each scenario and temporal block using fit participants only.
MOCA,visit,8,CAMEL,MOCA__CAMEL,True,binary,train_binary_mapping+median_impute+missing_indicator,cognitive_item_or_measure,cognitive_instrument_semantic_rule,automatic_proposal,,current_and_previous_blocks_evaluated_independently,50,distinct_fit_participants_with_observed_original_feature,recomputed_per_scenario_and_per_temporal_block_on_fit_data,remove_if_support_lt_50_or_all_missing_or_effectively_constant_in_fit,1038,True,0.405695541971075,2,False,False,False,binary_numeric_candidate,binary_or_one_hot_review,numeric_looking_code_requires_semantic_review,True,binary,train_binary_mapping+median_impute+missing_indicator,cognitive_item_or_measure,benchmark04b_semantic_audit_approved,semantic_support_candidate_not_official_v0.1.2,matched,4,ADNI2;ADNI3;ADNI4;ADNIGO,Camel,N,0=Incorrect; 1=Correct || 0=Incorrect;1=Correct || 1=Correct; 0=Incorrect,,,,1,3,True,binary,train_binary_mapping+median_impute+missing_indicator,cognitive_item_or_measure,confirmed,dictionary_consistent_with_candidate_schema,code_dictionary_varies_by_phase,False,4,2,4,True,0,True,8,0,0,0,0,0,0,0,0,True,1,0,1,True,0.1.0,False,approved_for_support_pilot,dictionary_domain_and_observed_phase_semantics_are_compatible_in_training,observed_code_semantics_phase_compatible,False,all_observed_values_documented,consistent,consistent,6088,1487,True,binary,train_binary_mapping+median_impute+missing_indicator,cognitive_item_or_measure,approved,benchmark04b_semantic_audit_approved,identity,False,False,6088.0,1487.0,0,0,0,0,True,True,True,0.1.2,True,2|10|30|50|100,1038,True,True,True,True,True,1.0.0,True,benchmark04e_freeze_feature_schema,acfd34080ed60c0a6f59,True,binary,train_binary_mapping+median_impute+missing_indicator,cognitive_item_or_measure,identity,50,distinct_fit_participants_with_observed_original_feature,recomputed_per_scenario_and_per_temporal_block_on_fit_data,False,True,True,remove_if_support_lt_50_or_all_missing_or_effectively_constant_in_fit,True,retained_at_50_in_snapshot_all_train_reference,Semantically authorized. Apply the frozen support rule independently within each scenario and temporal block using fit participants only.
MOCA,visit,9,IMMT1W1,MOCA__IMMT1W1,True,binary,train_binary_mapping+median_impute+missing_indicator,cognitive_item_or_measure,cognitive_instrument_semantic_rule,automatic_proposal,,current_and_previous_blocks_evaluated_independently,50,distinct_fit_participants_with_observed_original_feature,recomputed_per_scenario_and_per_temporal_block_on_fit_data,remove_if_support_lt_50_or_all_missing_or_effectively_constant_in_fit,1036,True,0.4048009542269271,2,False,False,False,binary_numeric_candidate,binary_or_one_hot_review,numeric_looking_code_requires_semantic_review,True,binary,train_binary_mapping+median_impute+missing_indicator,cognitive_item_or_measure,benchmark04b_semantic_audit_approved,semantic_support_candidate_not_official_v0.1.2,matched,4,ADNI2;ADNI3;ADNI4;ADNIGO,Immediate (#1): Face,N,0=Incorrect; 1=Correct || 0=Incorrect;1=Correct || 1=Correct; 0=Incorrect,,,,1,3,True,binary,train_binary_mapping+median_impute+missing_indicator,cognitive_item_or_measure,confirmed,dictionary_consistent_with_candidate_schema,code_dictionary_varies_by_phase,False,4,2,4,True,0,True,8,0,0,0,0,0,0,0,0,True,1,0,1,True,0.1.0,False,approved_for_support_pilot,dictionary_domain_and_observed_phase_semantics_are_compatible_in_training,observed_code_semantics_phase_compatible,False,all_observed_values_documented,consistent,consistent,6071,1486,True,binary,train_binary_mapping+median_impute+missing_indicator,cognitive_item_or_measure,approved,benchmark04b_semantic_audit_approved,identity,False,False,6071.0,1486.0,0,0,0,0,True,True,True,0.1.2,True,2|10|30|50|100,1036,True,True,True,True,True,1.0.0,True,benchmark04e_freeze_feature_schema,acfd34080ed60c0a6f59,True,binary,train_binary_mapping+median_impute+missing_indicator,cognitive_item_or_measure,identity,50,distinct_fit_participants_with_observed_original_feature,recomputed_per_scenario_and_per_temporal_block_on_fit_data,False,True,True,remove_if_support_lt_50_or_all_missing_or_effectively_constant_in_fit,True,retained_at_50_in_snapshot_all_train_reference,Semantically authorized. Apply the frozen support rule independently within each scenario and temporal block using fit participants only.
MOCA,visit,10,IMMT1W2,MOCA__IMMT1W2,True,binary,train_binary_mapping+median_impute+missing_indicator,cognitive_item_or_measure,cognitive_instrument_semantic_rule,automatic_proposal,,current_and_previous_blocks_evaluated_independently,50,distinct_fit_participants_with_observed_original_feature,recomputed_per_scenario_and_per_temporal_block_on_fit_data,remove_if_support_lt_50_or_all_missing_or_effectively_constant_in_fit,1037,True,0.4045027583122111,2,False,False,False,binary_numeric_candidate,binary_or_one_hot_review,numeric_looking_code_requires_semantic_review,True,binary,train_binary_mapping+median_impute+missing_indicator,cognitive_item_or_measure,benchmark04b_semantic_audit_approved,semantic_support_candidate_not_official_v0.1.2,matched,4,ADNI2;ADNI3;ADNI4;ADNIGO,Immediate (#1): Velvet,N,0=Incorrect; 1=Correct || 0=Incorrect;1=Correct || 1=Correct; 0=Incorrect,,,,1,3,True,binary,train_binary_mapping+median_impute+missing_indicator,cognitive_item_or_measure,confirmed,dictionary_consistent_with_candidate_schema,code_dictionary_varies_by_phase,False,4,2,4,True,0,True,8,0,0,0,0,0,0,0,0,True,1,0,1,True,0.1.0,False,approved_for_support_pilot,dictionary_domain_and_observed_phase_semantics_are_compatible_in_training,observed_code_semantics_phase_compatible,False,all_observed_values_documented,consistent,consistent,6069,1487,True,binary,train_binary_mapping+median_impute+missing_indicator,cognitive_item_or_measure,approved,benchmark04b_semantic_audit_approved,identity,False,False,6069.0,1487.0,0,0,0,0,True,True,True,0.1.2,True,2|10|30|50|100,1037,True,True,True,True,True,1.0.0,True,benchmark04e_freeze_feature_schema,acfd34080ed60c0a6f59,True,binary,train_binary_mapping+median_impute+missing_indicator,cognitive_item_or_measure,identity,50,distinct_fit_participants_with_observed_original_feature,recomputed_per_scenario_and_per_temporal_block_on_fit_data,False,True,True,remove_if_support_lt_50_or_all_missing_or_effectively_constant_in_fit,True,retained_at_50_in_snapshot_all_train_reference,Semantically authorized. Apply the frozen support rule independently within each scenario and temporal block using fit participants only.
MOCA,visit,11,IMMT1W3,MOCA__IMMT1W3,True,binary,train_binary_mapping+median_impute+missing_indicator,cognitive_item_or_measure,cognitive_instrument_semantic_rule,automatic_proposal,,current_and_previous_blocks_evaluated_independently,50,distinct_fit_participants_with_observed_original_feature,recomputed_per_scenario_and_per_temporal_block_on_fit_data,remove_if_support_lt_50_or_all_missing_or_effectively_constant_in_fit,1037,True,0.4045027583122111,2,False,False,False,binary_numeric_candidate,binary_or_one_hot_review,numeric_looking_code_requires_semantic_review,True,binary,train_binary_mapping+median_impute+missing_indicator,cognitive_item_or_measure,benchmark04b_semantic_audit_approved,semantic_support_candidate_not_official_v0.1.2,matched,4,ADNI2;ADNI3;ADNI4;ADNIGO,Immediate (#1): Church,N,0=Incorrect; 1=Correct || 0=Incorrect;1=Correct || 1=Correct; 0=Incorrect,,,,1,3,True,binary,train_binary_mapping+median_impute+missing_indicator,cognitive_item_or_measure,confirmed,dictionary_consistent_with_candidate_schema,code_dictionary_varies_by_phase,False,4,2,4,True,0,True,8,0,0,0,0,0,0,0,0,True,1,0,1,True,0.1.0,False,approved_for_support_pilot,dictionary_domain_and_observed_phase_semantics_are_compatible_in_training,observed_code_semantics_phase_compatible,False,all_observed_values_documented,consistent,consistent,6064,1486,True,binary,train_binary_mapping+median_impute+missing_indicator,cognitive_item_or_measure,approved,benchmark04b_semantic_audit_approved,identity,False,False,6064.0,1486.0,0,0,0,0,True,True,True,0.1.2,True,2|10|30|50|100,1037,True,True,True,True,True,1.0.0,True,benchmark04e_freeze_feature_schema,acfd34080ed60c0a6f59,True,binary,train_binary_mapping+median_impute+missing_indicator,cognitive_item_or_measure,identity,50,distinct_fit_participants_with_observed_original_feature,recomputed_per_scenario_and_per_temporal_block_on_fit_data,False,True,True,remove_if_support_lt_50_or_all_missing_or_effectively_constant_in_fit,True,retained_at_50_in_snapshot_all_train_reference,Semantically authorized. Apply the frozen support rule independently within each scenario and temporal block using fit participants only.
MOCA,visit,12,IMMT1W4,MOCA__IMMT1W4,True,binary,train_binary_mapping+median_impute+missing_indicator,cognitive_item_or_measure,cognitive_instrument_semantic_rule,automatic_proposal,,current_and_previous_blocks_evaluated_independently,50,distinct_fit_participants_with_observed_original_feature,recomputed_per_scenario_and_per_temporal_block_on_fit_data,remove_if_support_lt_50_or_all_missing_or_effectively_constant_in_fit,1036,True,0.4040554644401372,2,False,False,False,binary_numeric_candidate,binary_or_one_hot_review,numeric_looking_code_requires_semantic_review,True,binary,train_binary_mapping+median_impute+missing_indicator,cognitive_item_or_measure,benchmark04b_semantic_audit_approved,semantic_support_candidate_not_official_v0.1.2,matched,4,ADNI2;ADNI3;ADNI4;ADNIGO,Immediate (#1): Daisy,N,0=Incorrect; 1=Correct || 0=Incorrect;1=Correct || 1=Correct; 0=Incorrect,,,,1,3,True,binary,train_binary_mapping+median_impute+missing_indicator,cognitive_item_or_measure,confirmed,dictionary_consistent_with_candidate_schema,code_dictionary_varies_by_phase,False,4,2,4,True,0,True,8,0,0,0,0,0,0,0,0,True,1,0,1,True,0.1.0,False,approved_for_support_pilot,dictionary_domain_and_observed_phase_semantics_are_compatible_in_training,observed_code_semantics_phase_compatible,False,all_observed_values_documented,consistent,consistent,6068,1487,True,binary,train_binary_mapping+median_impute+missing_indicator,cognitive_item_or_measure,approved,benchmark04b_semantic_audit_approved,identity,False,False,6068.0,1487.0,0,0,0,0,True,True,True,0.1.2,True,2|10|30|50|100,1036,True,True,True,True,True,1.0.0,True,benchmark04e_freeze_feature_schema,acfd34080ed60c0a6f59,True,binary,train_binary_mapping+median_impute+missing_indicator,cognitive_item_or_measure,identity,50,distinct_fit_participants_with_observed_original_feature,recomputed_per_scenario_and_per_temporal_block_on_fit_data,False,True,True,remove_if_support_lt_50_or_all_missing_or_effectively_constant_in_fit,True,retained_at_50_in_snapshot_all_train_reference,Semantically authorized. Apply the frozen support rule independently within each scenario and temporal block using fit participants only.
MOCA,visit,13,IMMT1W5,MOCA__IMMT1W5,True,binary,train_binary_mapping+median_impute+missing_indicator,cognitive_item_or_measure,cognitive_instrument_semantic_rule,automatic_proposal,,current_and_previous_blocks_evaluated_independently,50,distinct_fit_participants_with_observed_original_feature,recomputed_per_scenario_and_per_temporal_block_on_fit_data,remove_if_support_lt_50_or_all_missing_or_effectively_constant_in_fit,1038,True,0.405248248099001,2,False,False,False,binary_numeric_candidate,binary_or_one_hot_review,numeric_looking_code_requires_semantic_review,True,binary,train_binary_mapping+median_impute+missing_indicator,cognitive_item_or_measure,benchmark04b_semantic_audit_approved,semantic_support_candidate_not_official_v0.1.2,matched,4,ADNI2;ADNI3;ADNI4;ADNIGO,Immediate (#1): Red,N,0=Incorrect; 1=Correct || 0=Incorrect;1=Correct || 1=Correct; 0=Incorrect,,,,1,3,True,binary,train_binary_mapping+median_impute+missing_indicator,cognitive_item_or_measure,confirmed,dictionary_consistent_with_candidate_schema,code_dictionary_varies_by_phase,False,4,2,4,True,0,True,8,0,0,0,0,0,0,0,0,True,1,0,1,True,0.1.0,False,approved_for_support_pilot,dictionary_domain_and_observed_phase_semantics_are_compatible_in_training,observed_code_semantics_phase_compatible,False,all_observed_values_documented,consistent,consistent,6079,1487,True,binary,train_binary_mapping+median_impute+missing_indicator,cognitive_item_or_measure,approved,benchmark04b_semantic_audit_approved,identity,False,False,6079.0,1487.0,0,0,0,0,True,True,True,0.1.2,True,2|10|30|50|100,1038,True,True,True,True,True,1.0.0,True,benchmark04e_freeze_feature_schema,acfd34080ed60c0a6f59,True,binary,train_binary_mapping+median_impute+missing_indicator,cognitive_item_or_measure,identity,50,distinct_fit_participants_with_observed_original_feature,recomputed_per_scenario_and_per_temporal_block_on_fit_data,False,True,True,remove_if_support_lt_50_or_all_missing_or_effectively_constant_in_fit,True,retained_at_50_in_snapshot_all_train_reference,Semantically authorized. Apply the frozen support rule independently within each scenario and temporal block using fit participants only.
MOCA,visit,14,IMMT2W1,MOCA__IMMT2W1,True,binary,train_binary_mapping+median_impute+missing_indicator,cognitive_item_or_measure,cognitive_instrument_semantic_rule,automatic_proposal,,current_and_previous_blocks_evaluated_independently,50,distinct_fit_participants_with_observed_original_feature,recomputed_per_scenario_and_per_temporal_block_on_fit_data,remove_if_support_lt_50_or_all_missing_or_effectively_constant_in_fit,1035,True,0.4043536603548531,2,False,False,False,binary_numeric_candidate,binary_or_one_hot_review,numeric_looking_code_requires_semantic_review,True,binary,train_binary_mapping+median_impute+missing_indicator,cognitive_item_or_measure,benchmark04b_semantic_audit_approved,semantic_support_candidate_not_official_v0.1.2,matched,4,ADNI2;ADNI3;ADNI4;ADNIGO,Immediate (#2): Face,N,0=Incorrect; 1=Correct || 0=Incorrect;1=Correct || 1=Correct; 0=Incorrect,,,,1,3,True,binary,train_binary_mapping+median_impute+missing_indicator,cognitive_item_or_measure,confirmed,dictionary_consistent_with_candidate_schema,code_dictionary_varies_by_phase,False,4,2,4,True,0,True,8,0,0,0,0,0,0,0,0,True,1,0,1,True,0.1.0,False,approved_for_support_pilot,dictionary_domain_and_observed_phase_semantics_are_compatible_in_training,observed_code_semantics_phase_compatible,False,all_observed_values_documented,consistent,consistent,6063,1487,True,binary,train_binary_mapping+median_impute+missing_indicator,cognitive_item_or_measure,approved,benchmark04b_semantic_audit_approved,identity,False,False,6063.0,1487.0,0,0,0,0,True,True,True,0.1.2,True,2|10|30|50|100,1035,True,True,True,True,True,1.0.0,True,benchmark04e_freeze_feature_schema,acfd34080ed60c0a6f59,True,binary,train_binary_mapping+median_impute+missing_indicator,cognitive_item_or_measure,identity,50,distinct_fit_participants_with_observed_original_feature,recomputed_per_scenario_and_per_temporal_block_on_fit_data,False,True,True,remove_if_support_lt_50_or_all_missing_or_effectively_constant_in_fit,True,retained_at_50_in_snapshot_all_train_reference,Semantically authorized. Apply the frozen support rule independently within each scenario and temporal block using fit participants only.
MOCA,visit,15,IMMT2W2,MOCA__IMMT2W2,True,binary,train_binary_mapping+median_impute+missing_indicator,cognitive_item_or_measure,cognitive_instrument_semantic_rule,automatic_proposal,,current_and_previous_blocks_evaluated_independently,50,distinct_fit_participants_with_observed_original_feature,recomputed_per_scenario_and_per_temporal_block_on_fit_data,remove_if_support_lt_50_or_all_missing_or_effectively_constant_in_fit,1035,True,0.4045027583122111,2,False,False,False,binary_numeric_candidate,binary_or_one_hot_review,numeric_looking_code_requires_semantic_review,True,binary,train_binary_mapping+median_impute+missing_indicator,cognitive_item_or_measure,benchmark04b_semantic_audit_approved,semantic_support_candidate_not_official_v0.1.2,matched,4,ADNI2;ADNI3;ADNI4;ADNIGO,Immediate (#2): Velvet,N,0=Incorrect; 1=Correct || 0=Incorrect;1=Correct || 1=Correct; 0=Incorrect,,,,1,3,True,binary,train_binary_mapping+median_impute+missing_indicator,cognitive_item_or_measure,confirmed,dictionary_consistent_with_candidate_schema,code_dictionary_varies_by_phase,False,4,2,4,True,0,True,8,0,0,0,0,0,0,0,0,True,1,0,1,True,0.1.0,False,approved_for_support_pilot,dictionary_domain_and_observed_phase_semantics_are_compatible_in_training,observed_code_semantics_phase_compatible,False,all_observed_values_documented,consistent,consistent,6067,1487,True,binary,train_binary_mapping+median_impute+missing_indicator,cognitive_item_or_measure,approved,benchmark04b_semantic_audit_approved,identity,False,False,6067.0,1487.0,0,0,0,0,True,True,True,0.1.2,True,2|10|30|50|100,1035,True,True,True,True,True,1.0.0,True,benchmark04e_freeze_feature_schema,acfd34080ed60c0a6f59,True,binary,train_binary_mapping+median_impute+missing_indicator,cognitive_item_or_measure,identity,50,distinct_fit_participants_with_observed_original_feature,recomputed_per_scenario_and_per_temporal_block_on_fit_data,False,True,True,remove_if_support_lt_50_or_all_missing_or_effectively_constant_in_fit,True,retained_at_50_in_snapshot_all_train_reference,Semantically authorized. Apply the frozen support rule independently within each scenario and temporal block using fit participants only.
MOCA,visit,16,IMMT2W3,MOCA__IMMT2W3,True,binary,train_binary_mapping+median_impute+missing_indicator,cognitive_item_or_measure,cognitive_instrument_semantic_rule,automatic_proposal,,current_and_previous_blocks_evaluated_independently,50,distinct_fit_participants_with_observed_original_feature,recomputed_per_scenario_and_per_temporal_block_on_fit_data,remove_if_support_lt_50_or_all_missing_or_effectively_constant_in_fit,1037,True,0.4045027583122111,2,False,False,False,binary_numeric_candidate,binary_or_one_hot_review,numeric_looking_code_requires_semantic_review,True,binary,train_binary_mapping+median_impute+missing_indicator,cognitive_item_or_measure,benchmark04b_semantic_audit_approved,semantic_support_candidate_not_official_v0.1.2,matched,4,ADNI2;ADNI3;ADNI4;ADNIGO,Immediate (#2): Church,N,0=Incorrect; 1=Correct || 0=Incorrect;1=Correct || 1=Correct; 0=Incorrect,,,,1,3,True,binary,train_binary_mapping+median_impute+missing_indicator,cognitive_item_or_measure,confirmed,dictionary_consistent_with_candidate_schema,code_dictionary_varies_by_phase,False,4,2,4,True,0,True,8,0,0,0,0,0,0,0,0,True,1,0,1,True,0.1.0,False,approved_for_support_pilot,dictionary_domain_and_observed_phase_semantics_are_compatible_in_training,observed_code_semantics_phase_compatible,False,all_observed_values_documented,consistent,consistent,6065,1487,True,binary,train_binary_mapping+median_impute+missing_indicator,cognitive_item_or_measure,approved,benchmark04b_semantic_audit_approved,identity,False,False,6065.0,1487.0,0,0,0,0,True,True,True,0.1.2,True,2|10|30|50|100,1037,True,True,True,True,True,1.0.0,True,benchmark04e_freeze_feature_schema,acfd34080ed60c0a6f59,True,binary,train_binary_mapping+median_impute+missing_indicator,cognitive_item_or_measure,identity,50,distinct_fit_participants_with_observed_original_feature,recomputed_per_scenario_and_per_temporal_block_on_fit_data,False,True,True,remove_if_support_lt_50_or_all_missing_or_effectively_constant_in_fit,True,retained_at_50_in_snapshot_all_train_reference,Semantically authorized. Apply the frozen support rule independently within each scenario and temporal block using fit participants only.
MOCA,visit,17,IMMT2W4,MOCA__IMMT2W4,True,binary,train_binary_mapping+median_impute+missing_indicator,cognitive_item_or_measure,cognitive_instrument_semantic_rule,automatic_proposal,,current_and_previous_blocks_evaluated_independently,50,distinct_fit_participants_with_observed_original_feature,recomputed_per_scenario_and_per_temporal_block_on_fit_data,remove_if_support_lt_50_or_all_missing_or_effectively_constant_in_fit,1037,True,0.4042045623974951,2,False,False,False,binary_numeric_candidate,binary_or_one_hot_review,numeric_looking_code_requires_semantic_review,True,binary,train_binary_mapping+median_impute+missing_indicator,cognitive_item_or_measure,benchmark04b_semantic_audit_approved,semantic_support_candidate_not_official_v0.1.2,matched,4,ADNI2;ADNI3;ADNI4;ADNIGO,Immediate (#2): Daisy,N,0=Incorrect; 1=Correct || 0=Incorrect;1=Correct || 1=Correct; 0=Incorrect,,,,1,3,True,binary,train_binary_mapping+median_impute+missing_indicator,cognitive_item_or_measure,confirmed,dictionary_consistent_with_candidate_schema,code_dictionary_varies_by_phase,False,4,2,4,True,0,True,8,0,0,0,0,0,0,0,0,True,1,0,1,True,0.1.0,False,approved_for_support_pilot,dictionary_domain_and_observed_phase_semantics_are_compatible_in_training,observed_code_semantics_phase_compatible,False,all_observed_values_documented,consistent,consistent,6063,1486,True,binary,train_binary_mapping+median_impute+missing_indicator,cognitive_item_or_measure,approved,benchmark04b_semantic_audit_approved,identity,False,False,6063.0,1486.0,0,0,0,0,True,True,True,0.1.2,True,2|10|30|50|100,1037,True,True,True,True,True,1.0.0,True,benchmark04e_freeze_feature_schema,acfd34080ed60c0a6f59,True,binary,train_binary_mapping+median_impute+missing_indicator,cognitive_item_or_measure,identity,50,distinct_fit_participants_with_observed_original_feature,recomputed_per_scenario_and_per_temporal_block_on_fit_data,False,True,True,remove_if_support_lt_50_or_all_missing_or_effectively_constant_in_fit,True,retained_at_50_in_snapshot_all_train_reference,Semantically authorized. Apply the frozen support rule independently within each scenario and temporal block using fit participants only.
MOCA,visit,18,IMMT2W5,MOCA__IMMT2W5,True,binary,train_binary_mapping+median_impute+missing_indicator,cognitive_item_or_measure,cognitive_instrument_semantic_rule,automatic_proposal,,current_and_previous_blocks_evaluated_independently,50,distinct_fit_participants_with_observed_original_feature,recomputed_per_scenario_and_per_temporal_block_on_fit_data,remove_if_support_lt_50_or_all_missing_or_effectively_constant_in_fit,1037,True,0.405099150141643,2,False,False,False,binary_numeric_candidate,binary_or_one_hot_review,numeric_looking_code_requires_semantic_review,True,binary,train_binary_mapping+median_impute+missing_indicator,cognitive_item_or_measure,benchmark04b_semantic_audit_approved,semantic_support_candidate_not_official_v0.1.2,matched,4,ADNI2;ADNI3;ADNI4;ADNIGO,Immediate (#2): Red,N,0=Incorrect; 1=Correct || 0=Incorrect;1=Correct || 1=Correct; 0=Incorrect,,,,1,3,True,binary,train_binary_mapping+median_impute+missing_indicator,cognitive_item_or_measure,confirmed,dictionary_consistent_with_candidate_schema,code_dictionary_varies_by_phase,False,4,2,4,True,0,True,8,0,0,0,0,0,0,0,0,True,1,0,1,True,0.1.0,False,approved_for_support_pilot,dictionary_domain_and_observed_phase_semantics_are_compatible_in_training,observed_code_semantics_phase_compatible,False,all_observed_values_documented,consistent,consistent,6071,1487,True,binary,train_binary_mapping+median_impute+missing_indicator,cognitive_item_or_measure,approved,benchmark04b_semantic_audit_approved,identity,False,False,6071.0,1487.0,0,0,0,0,True,True,True,0.1.2,True,2|10|30|50|100,1037,True,True,True,True,True,1.0.0,True,benchmark04e_freeze_feature_schema,acfd34080ed60c0a6f59,True,binary,train_binary_mapping+median_impute+missing_indicator,cognitive_item_or_measure,identity,50,distinct_fit_participants_with_observed_original_feature,recomputed_per_scenario_and_per_temporal_block_on_fit_data,False,True,True,remove_if_support_lt_50_or_all_missing_or_effectively_constant_in_fit,True,retained_at_50_in_snapshot_all_train_reference,Semantically authorized. Apply the frozen support rule independently within each scenario and temporal block using fit participants only.
MOCA,visit,19,DIGFOR,MOCA__DIGFOR,True,binary,train_binary_mapping+median_impute+missing_indicator,cognitive_item_or_measure,cognitive_instrument_semantic_rule,automatic_proposal,,current_and_previous_blocks_evaluated_independently,50,distinct_fit_participants_with_observed_original_feature,recomputed_per_scenario_and_per_temporal_block_on_fit_data,remove_if_support_lt_50_or_all_missing_or_effectively_constant_in_fit,1039,True,0.405695541971075,2,False,False,False,binary_numeric_candidate,binary_or_one_hot_review,numeric_looking_code_requires_semantic_review,True,binary,train_binary_mapping+median_impute+missing_indicator,cognitive_item_or_measure,benchmark04b_semantic_audit_approved,semantic_support_candidate_not_official_v0.1.2,matched,4,ADNI2;ADNI3;ADNI4;ADNIGO,Digits Forward,N,0=Incorrect; 1=Correct || 0=Incorrect;1=Correct || 1=Correct; 0=Incorrect,,,,1,3,True,binary,train_binary_mapping+median_impute+missing_indicator,cognitive_item_or_measure,confirmed,dictionary_consistent_with_candidate_schema,code_dictionary_varies_by_phase,False,4,2,4,True,0,True,8,0,0,0,0,0,0,0,0,True,1,0,1,True,0.1.0,False,approved_for_support_pilot,dictionary_domain_and_observed_phase_semantics_are_compatible_in_training,observed_code_semantics_phase_compatible,False,all_observed_values_documented,consistent,consistent,6087,1487,True,binary,train_binary_mapping+median_impute+missing_indicator,cognitive_item_or_measure,approved,benchmark04b_semantic_audit_approved,identity,False,False,6087.0,1487.0,0,0,0,0,True,True,True,0.1.2,True,2|10|30|50|100,1039,True,True,True,True,True,1.0.0,True,benchmark04e_freeze_feature_schema,acfd34080ed60c0a6f59,True,binary,train_binary_mapping+median_impute+missing_indicator,cognitive_item_or_measure,identity,50,distinct_fit_participants_with_observed_original_feature,recomputed_per_scenario_and_per_temporal_block_on_fit_data,False,True,True,remove_if_support_lt_50_or_all_missing_or_effectively_constant_in_fit,True,retained_at_50_in_snapshot_all_train_reference,Semantically authorized. Apply the frozen support rule independently within each scenario and temporal block using fit participants only.
MOCA,visit,20,DIGBACK,MOCA__DIGBACK,True,binary,train_binary_mapping+median_impute+missing_indicator,cognitive_item_or_measure,cognitive_instrument_semantic_rule,automatic_proposal,,current_and_previous_blocks_evaluated_independently,50,distinct_fit_participants_with_observed_original_feature,recomputed_per_scenario_and_per_temporal_block_on_fit_data,remove_if_support_lt_50_or_all_missing_or_effectively_constant_in_fit,1039,True,0.405695541971075,2,False,False,False,binary_numeric_candidate,binary_or_one_hot_review,numeric_looking_code_requires_semantic_review,True,binary,train_binary_mapping+median_impute+missing_indicator,cognitive_item_or_measure,benchmark04b_semantic_audit_approved,semantic_support_candidate_not_official_v0.1.2,matched,4,ADNI2;ADNI3;ADNI4;ADNIGO,Digits Backward,N,0=Incorrect; 1=Correct || 0=Incorrect;1=Correct || 1=Correct; 0=Incorrect,,,,1,3,True,binary,train_binary_mapping+median_impute+missing_indicator,cognitive_item_or_measure,confirmed,dictionary_consistent_with_candidate_schema,code_dictionary_varies_by_phase,False,4,2,4,True,0,True,8,0,0,0,0,0,0,0,0,True,1,0,1,True,0.1.0,False,approved_for_support_pilot,dictionary_domain_and_observed_phase_semantics_are_compatible_in_training,observed_code_semantics_phase_compatible,False,all_observed_values_documented,consistent,consistent,6085,1487,True,binary,train_binary_mapping+median_impute+missing_indicator,cognitive_item_or_measure,approved,benchmark04b_semantic_audit_approved,identity,False,False,6085.0,1487.0,0,0,0,0,True,True,True,0.1.2,True,2|10|30|50|100,1039,True,True,True,True,True,1.0.0,True,benchmark04e_freeze_feature_schema,acfd34080ed60c0a6f59,True,binary,train_binary_mapping+median_impute+missing_indicator,cognitive_item_or_measure,identity,50,distinct_fit_participants_with_observed_original_feature,recomputed_per_scenario_and_per_temporal_block_on_fit_data,False,True,True,remove_if_support_lt_50_or_all_missing_or_effectively_constant_in_fit,True,retained_at_50_in_snapshot_all_train_reference,Semantically authorized. Apply the frozen support rule independently within each scenario and temporal block using fit participants only.
MOCA,visit,21,LETTERS,MOCA__LETTERS,True,numeric,median_impute+missing_indicator+standardize,cognitive_item_or_measure,cognitive_instrument_semantic_rule,automatic_proposal,,current_and_previous_blocks_evaluated_independently,50,distinct_fit_participants_with_observed_original_feature,recomputed_per_scenario_and_per_temporal_block_on_fit_data,remove_if_support_lt_50_or_all_missing_or_effectively_constant_in_fit,1037,True,0.4046518562695691,18,False,False,False,numeric_candidate,numeric_median_imputation,,True,numeric,median_impute+missing_indicator+standardize,cognitive_item_or_measure,documented_score_count_time_year_or_total_with_stable_type_and_unit+training_values_pass_type_domain_check,semantic_support_candidate_not_official_v0.1.2,matched,4,ADNI2;ADNI3;ADNI4;ADNIGO,List of Letters/Tapping: # Errors,N,0..29,,,,1,1,True,numeric,median_impute+missing_indicator+standardize,cognitive_item_or_measure,confirmed,dictionary_consistent_with_candidate_schema,,False,4,22,4,True,0,True,63,0,0,0,34,2598,945,0,0,True,1,0,1,False,0.1.0,False,manual_review_unassessable_phase_domain,one_or_more_observed_phases_have_no_parseable_dictionary_domain,observed_code_semantics_phase_compatible,False,observed_values_unassessable_in_one_or_more_phases,consistent,consistent,6070,1486,True,numeric,median_impute+missing_indicator+standardize,cognitive_item_or_measure,approved,documented_score_count_time_year_or_total_with_stable_type_and_unit+training_values_pass_type_domain_check,numeric_identity,False,False,6070.0,1486.0,0,0,0,0,True,True,True,0.1.2,True,2|10|30|50|100,1037,True,True,True,True,True,1.0.0,True,benchmark04e_freeze_feature_schema,acfd34080ed60c0a6f59,True,numeric,median_impute+missing_indicator+standardize,cognitive_item_or_measure,numeric_identity,50,distinct_fit_participants_with_observed_original_feature,recomputed_per_scenario_and_per_temporal_block_on_fit_data,False,True,True,remove_if_support_lt_50_or_all_missing_or_effectively_constant_in_fit,True,retained_at_50_in_snapshot_all_train_reference,Semantically authorized. Apply the frozen support rule independently within each scenario and temporal block using fit participants only.
MOCA,visit,22,SERIAL1,MOCA__SERIAL1,True,binary,train_binary_mapping+median_impute+missing_indicator,cognitive_item_or_measure,cognitive_instrument_semantic_rule,automatic_proposal,,current_and_previous_blocks_evaluated_independently,50,distinct_fit_participants_with_observed_original_feature,recomputed_per_scenario_and_per_temporal_block_on_fit_data,remove_if_support_lt_50_or_all_missing_or_effectively_constant_in_fit,1037,True,0.4048009542269271,2,False,False,False,binary_numeric_candidate,binary_or_one_hot_review,numeric_looking_code_requires_semantic_review,True,binary,train_binary_mapping+median_impute+missing_indicator,cognitive_item_or_measure,benchmark04b_semantic_audit_approved,semantic_support_candidate_not_official_v0.1.2,matched,4,ADNI2;ADNI3;ADNI4;ADNIGO,Serial 7: 1st Subtraction,N,0=Incorrect; 1=Correct || 0=Incorrect;1=Correct || 1=Correct; 0=Incorrect,,,,1,3,True,binary,train_binary_mapping+median_impute+missing_indicator,cognitive_item_or_measure,confirmed,dictionary_consistent_with_candidate_schema,code_dictionary_varies_by_phase,False,4,2,4,True,0,True,8,0,0,0,0,0,0,0,0,True,1,0,1,True,0.1.0,False,approved_for_support_pilot,dictionary_domain_and_observed_phase_semantics_are_compatible_in_training,observed_code_semantics_phase_compatible,False,all_observed_values_documented,consistent,consistent,6068,1487,True,binary,train_binary_mapping+median_impute+missing_indicator,cognitive_item_or_measure,approved,benchmark04b_semantic_audit_approved,identity,False,False,6068.0,1487.0,0,0,0,0,True,True,True,0.1.2,True,2|10|30|50|100,1037,True,True,True,True,True,1.0.0,True,benchmark04e_freeze_feature_schema,acfd34080ed60c0a6f59,True,binary,train_binary_mapping+median_impute+missing_indicator,cognitive_item_or_measure,identity,50,distinct_fit_participants_with_observed_original_feature,recomputed_per_scenario_and_per_temporal_block_on_fit_data,False,True,True,remove_if_support_lt_50_or_all_missing_or_effectively_constant_in_fit,True,retained_at_50_in_snapshot_all_train_reference,Semantically authorized. Apply the frozen support rule independently within each scenario and temporal block using fit participants only.
MOCA,visit,23,SERIAL2,MOCA__SERIAL2,True,binary,train_binary_mapping+median_impute+missing_indicator,cognitive_item_or_measure,cognitive_instrument_semantic_rule,automatic_proposal,,current_and_previous_blocks_evaluated_independently,50,distinct_fit_participants_with_observed_original_feature,recomputed_per_scenario_and_per_temporal_block_on_fit_data,remove_if_support_lt_50_or_all_missing_or_effectively_constant_in_fit,1035,True,0.4039063664827791,2,False,False,False,binary_numeric_candidate,binary_or_one_hot_review,numeric_looking_code_requires_semantic_review,True,binary,train_binary_mapping+median_impute+missing_indicator,cognitive_item_or_measure,benchmark04b_semantic_audit_approved,semantic_support_candidate_not_official_v0.1.2,matched,4,ADNI2;ADNI3;ADNI4;ADNIGO,Serial 7: 2nd Subtraction,N,0=Incorrect; 1=Correct || 0=Incorrect;1=Correct || 1=Correct; 0=Incorrect,,,,1,3,True,binary,train_binary_mapping+median_impute+missing_indicator,cognitive_item_or_measure,confirmed,dictionary_consistent_with_candidate_schema,code_dictionary_varies_by_phase,False,4,2,4,True,0,True,8,0,0,0,0,0,0,0,0,True,1,0,1,True,0.1.0,False,approved_for_support_pilot,dictionary_domain_and_observed_phase_semantics_are_compatible_in_training,observed_code_semantics_phase_compatible,False,all_observed_values_documented,consistent,consistent,6054,1487,True,binary,train_binary_mapping+median_impute+missing_indicator,cognitive_item_or_measure,approved,benchmark04b_semantic_audit_approved,identity,False,False,6054.0,1487.0,0,0,0,0,True,True,True,0.1.2,True,2|10|30|50|100,1035,True,True,True,True,True,1.0.0,True,benchmark04e_freeze_feature_schema,acfd34080ed60c0a6f59,True,binary,train_binary_mapping+median_impute+missing_indicator,cognitive_item_or_measure,identity,50,distinct_fit_participants_with_observed_original_feature,recomputed_per_scenario_and_per_temporal_block_on_fit_data,False,True,True,remove_if_support_lt_50_or_all_missing_or_effectively_constant_in_fit,True,retained_at_50_in_snapshot_all_train_reference,Semantically authorized. Apply the frozen support rule independently within each scenario and temporal block using fit participants only.
MOCA,visit,24,SERIAL3,MOCA__SERIAL3,True,binary,train_binary_mapping+median_impute+missing_indicator,cognitive_item_or_measure,cognitive_instrument_semantic_rule,automatic_proposal,,current_and_previous_blocks_evaluated_independently,50,distinct_fit_participants_with_observed_original_feature,recomputed_per_scenario_and_per_temporal_block_on_fit_data,remove_if_support_lt_50_or_all_missing_or_effectively_constant_in_fit,1033,True,0.4033099746533472,2,False,False,False,binary_numeric_candidate,binary_or_one_hot_review,numeric_looking_code_requires_semantic_review,True,binary,train_binary_mapping+median_impute+missing_indicator,cognitive_item_or_measure,benchmark04b_semantic_audit_approved,semantic_support_candidate_not_official_v0.1.2,matched,4,ADNI2;ADNI3;ADNI4;ADNIGO,Serial 7: 3rd Subtraction,N,0=Incorrect; 1=Correct || 0=Incorrect;1=Correct || 1=Correct; 0=Incorrect,,,,1,3,True,binary,train_binary_mapping+median_impute+missing_indicator,cognitive_item_or_measure,confirmed,dictionary_consistent_with_candidate_schema,code_dictionary_varies_by_phase,False,4,2,4,True,0,True,8,0,0,0,0,0,0,0,0,True,1,0,1,True,0.1.0,False,approved_for_support_pilot,dictionary_domain_and_observed_phase_semantics_are_compatible_in_training,observed_code_semantics_phase_compatible,False,all_observed_values_documented,consistent,consistent,6044,1485,True,binary,train_binary_mapping+median_impute+missing_indicator,cognitive_item_or_measure,approved,benchmark04b_semantic_audit_approved,identity,False,False,6044.0,1485.0,0,0,0,0,True,True,True,0.1.2,True,2|10|30|50|100,1033,True,True,True,True,True,1.0.0,True,benchmark04e_freeze_feature_schema,acfd34080ed60c0a6f59,True,binary,train_binary_mapping+median_impute+missing_indicator,cognitive_item_or_measure,identity,50,distinct_fit_participants_with_observed_original_feature,recomputed_per_scenario_and_per_temporal_block_on_fit_data,False,True,True,remove_if_support_lt_50_or_all_missing_or_effectively_constant_in_fit,True,retained_at_50_in_snapshot_all_train_reference,Semantically authorized. Apply the frozen support rule independently within each scenario and temporal block using fit participants only.
MOCA,visit,25,SERIAL4,MOCA__SERIAL4,True,binary,train_binary_mapping+median_impute+missing_indicator,cognitive_item_or_measure,cognitive_instrument_semantic_rule,automatic_proposal,,current_and_previous_blocks_evaluated_independently,50,distinct_fit_participants_with_observed_original_feature,recomputed_per_scenario_and_per_temporal_block_on_fit_data,remove_if_support_lt_50_or_all_missing_or_effectively_constant_in_fit,1033,True,0.4033099746533472,2,False,False,False,binary_numeric_candidate,binary_or_one_hot_review,numeric_looking_code_requires_semantic_review,True,binary,train_binary_mapping+median_impute+missing_indicator,cognitive_item_or_measure,benchmark04b_semantic_audit_approved,semantic_support_candidate_not_official_v0.1.2,matched,4,ADNI2;ADNI3;ADNI4;ADNIGO,Serial 7: 4th Subtraction,N,0=Incorrect; 1=Correct || 0=Incorrect;1=Correct || 1=Correct; 0=Incorrect,,,,1,3,True,binary,train_binary_mapping+median_impute+missing_indicator,cognitive_item_or_measure,confirmed,dictionary_consistent_with_candidate_schema,code_dictionary_varies_by_phase,False,4,2,4,True,0,True,8,0,0,0,0,0,0,0,0,True,1,0,1,True,0.1.0,False,approved_for_support_pilot,dictionary_domain_and_observed_phase_semantics_are_compatible_in_training,observed_code_semantics_phase_compatible,False,all_observed_values_documented,consistent,consistent,6043,1485,True,binary,train_binary_mapping+median_impute+missing_indicator,cognitive_item_or_measure,approved,benchmark04b_semantic_audit_approved,identity,False,False,6043.0,1485.0,0,0,0,0,True,True,True,0.1.2,True,2|10|30|50|100,1033,True,True,True,True,True,1.0.0,True,benchmark04e_freeze_feature_schema,acfd34080ed60c0a6f59,True,binary,train_binary_mapping+median_impute+missing_indicator,cognitive_item_or_measure,identity,50,distinct_fit_participants_with_observed_original_feature,recomputed_per_scenario_and_per_temporal_block_on_fit_data,False,True,True,remove_if_support_lt_50_or_all_missing_or_effectively_constant_in_fit,True,retained_at_50_in_snapshot_all_train_reference,Semantically authorized. Apply the frozen support rule independently within each scenario and temporal block using fit participants only.
MOCA,visit,26,SERIAL5,MOCA__SERIAL5,True,binary,train_binary_mapping+median_impute+missing_indicator,cognitive_item_or_measure,cognitive_instrument_semantic_rule,automatic_proposal,,current_and_previous_blocks_evaluated_independently,50,distinct_fit_participants_with_observed_original_feature,recomputed_per_scenario_and_per_temporal_block_on_fit_data,remove_if_support_lt_50_or_all_missing_or_effectively_constant_in_fit,1033,True,0.4033099746533472,2,False,False,False,binary_numeric_candidate,binary_or_one_hot_review,numeric_looking_code_requires_semantic_review,True,binary,train_binary_mapping+median_impute+missing_indicator,cognitive_item_or_measure,benchmark04b_semantic_audit_approved,semantic_support_candidate_not_official_v0.1.2,matched,4,ADNI2;ADNI3;ADNI4;ADNIGO,Serial 7: 5th Subtraction,N,0=Incorrect; 1=Correct || 0=Incorrect;1=Correct || 1=Correct; 0=Incorrect,,,,1,3,True,binary,train_binary_mapping+median_impute+missing_indicator,cognitive_item_or_measure,confirmed,dictionary_consistent_with_candidate_schema,code_dictionary_varies_by_phase,False,4,2,4,True,0,True,8,0,0,0,0,0,0,0,0,True,1,0,1,True,0.1.0,False,approved_for_support_pilot,dictionary_domain_and_observed_phase_semantics_are_compatible_in_training,observed_code_semantics_phase_compatible,False,all_observed_values_documented,consistent,consistent,6041,1485,True,binary,train_binary_mapping+median_impute+missing_indicator,cognitive_item_or_measure,approved,benchmark04b_semantic_audit_approved,identity,False,False,6041.0,1485.0,0,0,0,0,True,True,True,0.1.2,True,2|10|30|50|100,1033,True,True,True,True,True,1.0.0,True,benchmark04e_freeze_feature_schema,acfd34080ed60c0a6f59,True,binary,train_binary_mapping+median_impute+missing_indicator,cognitive_item_or_measure,identity,50,distinct_fit_participants_with_observed_original_feature,recomputed_per_scenario_and_per_temporal_block_on_fit_data,False,True,True,remove_if_support_lt_50_or_all_missing_or_effectively_constant_in_fit,True,retained_at_50_in_snapshot_all_train_reference,Semantically authorized. Apply the frozen support rule independently within each scenario and temporal block using fit participants only.
MOCA,visit,27,REPEAT1,MOCA__REPEAT1,True,binary,train_binary_mapping+median_impute+missing_indicator,cognitive_item_or_measure,cognitive_instrument_semantic_rule,automatic_proposal,,current_and_previous_blocks_evaluated_independently,50,distinct_fit_participants_with_observed_original_feature,recomputed_per_scenario_and_per_temporal_block_on_fit_data,remove_if_support_lt_50_or_all_missing_or_effectively_constant_in_fit,1038,True,0.405546444013717,2,False,False,False,binary_numeric_candidate,binary_or_one_hot_review,numeric_looking_code_requires_semantic_review,True,binary,train_binary_mapping+median_impute+missing_indicator,cognitive_item_or_measure,benchmark04b_semantic_audit_approved,semantic_support_candidate_not_official_v0.1.2,matched,4,ADNI2;ADNI3;ADNI4;ADNIGO,Repeat Sentence: I only know that John is the one to help today.,N,0=Incorrect; 1=Correct || 0=Incorrect;1=Correct || 1=Correct; 0=Incorrect,,,,1,3,True,binary,train_binary_mapping+median_impute+missing_indicator,cognitive_item_or_measure,confirmed,dictionary_consistent_with_candidate_schema,code_dictionary_varies_by_phase,False,4,2,4,True,0,True,8,0,0,0,0,0,0,0,0,True,1,0,1,True,0.1.0,False,approved_for_support_pilot,dictionary_domain_and_observed_phase_semantics_are_compatible_in_training,observed_code_semantics_phase_compatible,False,all_observed_values_documented,consistent,consistent,6086,1487,True,binary,train_binary_mapping+median_impute+missing_indicator,cognitive_item_or_measure,approved,benchmark04b_semantic_audit_approved,identity,False,False,6086.0,1487.0,0,0,0,0,True,True,True,0.1.2,True,2|10|30|50|100,1038,True,True,True,True,True,1.0.0,True,benchmark04e_freeze_feature_schema,acfd34080ed60c0a6f59,True,binary,train_binary_mapping+median_impute+missing_indicator,cognitive_item_or_measure,identity,50,distinct_fit_participants_with_observed_original_feature,recomputed_per_scenario_and_per_temporal_block_on_fit_data,False,True,True,remove_if_support_lt_50_or_all_missing_or_effectively_constant_in_fit,True,retained_at_50_in_snapshot_all_train_reference,Semantically authorized. Apply the frozen support rule independently within each scenario and temporal block using fit participants only.
MOCA,visit,28,REPEAT2,MOCA__REPEAT2,True,binary,train_binary_mapping+median_impute+missing_indicator,cognitive_item_or_measure,cognitive_instrument_semantic_rule,automatic_proposal,,current_and_previous_blocks_evaluated_independently,50,distinct_fit_participants_with_observed_original_feature,recomputed_per_scenario_and_per_temporal_block_on_fit_data,remove_if_support_lt_50_or_all_missing_or_effectively_constant_in_fit,1038,True,0.405546444013717,2,False,False,False,binary_numeric_candidate,binary_or_one_hot_review,numeric_looking_code_requires_semantic_review,True,binary,train_binary_mapping+median_impute+missing_indicator,cognitive_item_or_measure,benchmark04b_semantic_audit_approved,semantic_support_candidate_not_official_v0.1.2,matched,4,ADNI2;ADNI3;ADNI4;ADNIGO,Repeat Sentence: The cat always hid under the couch when dogs were in the room.,N,0=Incorrect; 1=Correct || 0=Incorrect;1=Correct || 1=Correct; 0=Incorrect,,,,1,3,True,binary,train_binary_mapping+median_impute+missing_indicator,cognitive_item_or_measure,confirmed,dictionary_consistent_with_candidate_schema,code_dictionary_varies_by_phase,False,4,2,4,True,0,True,8,0,0,0,0,0,0,0,0,True,1,0,1,True,0.1.0,False,approved_for_support_pilot,dictionary_domain_and_observed_phase_semantics_are_compatible_in_training,observed_code_semantics_phase_compatible,False,all_observed_values_documented,consistent,consistent,6086,1487,True,binary,train_binary_mapping+median_impute+missing_indicator,cognitive_item_or_measure,approved,benchmark04b_semantic_audit_approved,identity,False,False,6086.0,1487.0,0,0,0,0,True,True,True,0.1.2,True,2|10|30|50|100,1038,True,True,True,True,True,1.0.0,True,benchmark04e_freeze_feature_schema,acfd34080ed60c0a6f59,True,binary,train_binary_mapping+median_impute+missing_indicator,cognitive_item_or_measure,identity,50,distinct_fit_participants_with_observed_original_feature,recomputed_per_scenario_and_per_temporal_block_on_fit_data,False,True,True,remove_if_support_lt_50_or_all_missing_or_effectively_constant_in_fit,True,retained_at_50_in_snapshot_all_train_reference,Semantically authorized. Apply the frozen support rule independently within each scenario and temporal block using fit participants only.
MOCA,visit,29,FFLUENCY,MOCA__FFLUENCY,True,numeric,median_impute+missing_indicator+standardize,cognitive_item_or_measure,cognitive_instrument_semantic_rule,automatic_proposal,,current_and_previous_blocks_evaluated_independently,50,distinct_fit_participants_with_observed_original_feature,recomputed_per_scenario_and_per_temporal_block_on_fit_data,remove_if_support_lt_50_or_all_missing_or_effectively_constant_in_fit,1038,True,0.4046518562695691,31,False,False,False,numeric_candidate,numeric_median_imputation,,True,numeric,median_impute+missing_indicator+standardize,cognitive_item_or_measure,documented_score_count_time_year_or_total_with_stable_type_and_unit+training_values_pass_type_domain_check,semantic_support_candidate_not_official_v0.1.2,matched,4,ADNI2;ADNI3;ADNI4;ADNIGO,Letter Fluency - F: Total number of correct words,N,0..99,,,,1,1,True,numeric,median_impute+missing_indicator+standardize,cognitive_item_or_measure,confirmed,dictionary_consistent_with_candidate_schema,,False,4,32,4,True,0,True,120,0,0,0,61,2603,946,0,0,True,1,0,1,False,0.1.0,False,manual_review_unassessable_phase_domain,one_or_more_observed_phases_have_no_parseable_dictionary_domain,observed_code_semantics_phase_compatible,False,observed_values_unassessable_in_one_or_more_phases,consistent,consistent,6078,1487,True,numeric,median_impute+missing_indicator+standardize,cognitive_item_or_measure,approved,documented_score_count_time_year_or_total_with_stable_type_and_unit+training_values_pass_type_domain_check,numeric_identity,False,False,6078.0,1487.0,0,0,0,0,True,True,True,0.1.2,True,2|10|30|50|100,1038,True,True,True,True,True,1.0.0,True,benchmark04e_freeze_feature_schema,acfd34080ed60c0a6f59,True,numeric,median_impute+missing_indicator+standardize,cognitive_item_or_measure,numeric_identity,50,distinct_fit_participants_with_observed_original_feature,recomputed_per_scenario_and_per_temporal_block_on_fit_data,False,True,True,remove_if_support_lt_50_or_all_missing_or_effectively_constant_in_fit,True,retained_at_50_in_snapshot_all_train_reference,Semantically authorized. Apply the frozen support rule independently within each scenario and temporal block using fit participants only.
MOCA,visit,30,ABSTRAN,MOCA__ABSTRAN,True,binary,train_binary_mapping+median_impute+missing_indicator,cognitive_item_or_measure,cognitive_instrument_semantic_rule,automatic_proposal,,current_and_previous_blocks_evaluated_independently,50,distinct_fit_participants_with_observed_original_feature,recomputed_per_scenario_and_per_temporal_block_on_fit_data,remove_if_support_lt_50_or_all_missing_or_effectively_constant_in_fit,1038,True,0.405248248099001,2,False,False,False,binary_numeric_candidate,binary_or_one_hot_review,numeric_looking_code_requires_semantic_review,True,binary,train_binary_mapping+median_impute+missing_indicator,cognitive_item_or_measure,benchmark04b_semantic_audit_approved,semantic_support_candidate_not_official_v0.1.2,matched,4,ADNI2;ADNI3;ADNI4;ADNIGO,Abstraction: train-bicycle,N,0=Incorrect; 1=Correct || 0=Incorrect;1=Correct || 1=Correct; 0=Incorrect,,,,1,3,True,binary,train_binary_mapping+median_impute+missing_indicator,cognitive_item_or_measure,confirmed,dictionary_consistent_with_candidate_schema,code_dictionary_varies_by_phase,False,4,2,4,True,0,True,8,0,0,0,0,0,0,0,0,True,1,0,1,True,0.1.0,False,approved_for_support_pilot,dictionary_domain_and_observed_phase_semantics_are_compatible_in_training,observed_code_semantics_phase_compatible,False,all_observed_values_documented,consistent,consistent,6076,1487,True,binary,train_binary_mapping+median_impute+missing_indicator,cognitive_item_or_measure,approved,benchmark04b_semantic_audit_approved,identity,False,False,6076.0,1487.0,0,0,0,0,True,True,True,0.1.2,True,2|10|30|50|100,1038,True,True,True,True,True,1.0.0,True,benchmark04e_freeze_feature_schema,acfd34080ed60c0a6f59,True,binary,train_binary_mapping+median_impute+missing_indicator,cognitive_item_or_measure,identity,50,distinct_fit_participants_with_observed_original_feature,recomputed_per_scenario_and_per_temporal_block_on_fit_data,False,True,True,remove_if_support_lt_50_or_all_missing_or_effectively_constant_in_fit,True,retained_at_50_in_snapshot_all_train_reference,Semantically authorized. Apply the frozen support rule independently within each scenario and temporal block using fit participants only.
MOCA,visit,31,ABSMEAS,MOCA__ABSMEAS,True,binary,train_binary_mapping+median_impute+missing_indicator,cognitive_item_or_measure,cognitive_instrument_semantic_rule,automatic_proposal,,current_and_previous_blocks_evaluated_independently,50,distinct_fit_participants_with_observed_original_feature,recomputed_per_scenario_and_per_temporal_block_on_fit_data,remove_if_support_lt_50_or_all_missing_or_effectively_constant_in_fit,1038,True,0.405248248099001,2,False,False,False,binary_numeric_candidate,binary_or_one_hot_review,numeric_looking_code_requires_semantic_review,True,binary,train_binary_mapping+median_impute+missing_indicator,cognitive_item_or_measure,benchmark04b_semantic_audit_approved,semantic_support_candidate_not_official_v0.1.2,matched,4,ADNI2;ADNI3;ADNI4;ADNIGO,Abstraction: watch-ruler,N,0=Incorrect; 1=Correct || 0=Incorrect;1=Correct || 1=Correct; 0=Incorrect,,,,1,3,True,binary,train_binary_mapping+median_impute+missing_indicator,cognitive_item_or_measure,confirmed,dictionary_consistent_with_candidate_schema,code_dictionary_varies_by_phase,False,4,2,4,True,0,True,8,0,0,0,0,0,0,0,0,True,1,0,1,True,0.1.0,False,approved_for_support_pilot,dictionary_domain_and_observed_phase_semantics_are_compatible_in_training,observed_code_semantics_phase_compatible,False,all_observed_values_documented,consistent,consistent,6075,1487,True,binary,train_binary_mapping+median_impute+missing_indicator,cognitive_item_or_measure,approved,benchmark04b_semantic_audit_approved,identity,False,False,6075.0,1487.0,0,0,0,0,True,True,True,0.1.2,True,2|10|30|50|100,1038,True,True,True,True,True,1.0.0,True,benchmark04e_freeze_feature_schema,acfd34080ed60c0a6f59,True,binary,train_binary_mapping+median_impute+missing_indicator,cognitive_item_or_measure,identity,50,distinct_fit_participants_with_observed_original_feature,recomputed_per_scenario_and_per_temporal_block_on_fit_data,False,True,True,remove_if_support_lt_50_or_all_missing_or_effectively_constant_in_fit,True,retained_at_50_in_snapshot_all_train_reference,Semantically authorized. Apply the frozen support rule independently within each scenario and temporal block using fit participants only.
MOCA,visit,32,DELW1,MOCA__DELW1,True,categorical,missing_token+one_hot_ignore_unknown,cognitive_recall_response_code,source_specific_semantic_rule_pending_group_review,manual_group_review_required,R06_MOCA_DELAYED_RECALL_CODES,current_and_previous_blocks_evaluated_independently,50,distinct_fit_participants_with_observed_original_feature,recomputed_per_scenario_and_per_temporal_block_on_fit_data,remove_if_support_lt_50_or_all_missing_or_effectively_constant_in_fit,1037,True,0.4040554644401372,4,False,False,False,categorical_numeric_code_candidate,one_hot_or_numeric_review,numeric_looking_code_requires_semantic_review,True,categorical,explicit_missing_category+one_hot_ignore_unknown,delayed_recall_response_or_cue_mode,benchmark04b_semantic_audit_approved,semantic_support_candidate_not_official_v0.1.2,matched,4,ADNI2;ADNI3;ADNI4;ADNIGO,Delayed: Face,N,0=Incorrect; 1=Correct with No Cue; 2=Correct with Category Cue; 3=Correct with Mult. Choice Cue || 0=Incorrect;1=Correct with No Cue;2=Correct with Category Cue;3=Correct with Mult. Choice Cue || 1=Correct with No Cue; 2=Correct with Category Cue; 3=Correct with Mult. Choice Cue; 0=Incorrect,,,,1,3,True,categorical,explicit_missing_category+one_hot_ignore_unknown,delayed_recall_response_or_cue_mode,confirmed,codes_0_to_3_are_distinct_response_modes_not_a_valid_linear_scale,code_dictionary_varies_by_phase,True,4,4,4,True,0,True,16,0,0,0,0,0,0,0,0,True,1,0,1,True,0.1.0,False,approved_for_support_pilot,dictionary_domain_and_observed_phase_semantics_are_compatible_in_training,observed_code_semantics_phase_compatible,False,all_observed_values_documented,consistent,consistent,6067,1487,True,categorical,explicit_missing_category+one_hot_ignore_unknown,delayed_recall_response_or_cue_mode,approved,benchmark04b_semantic_audit_approved,identity,False,False,,,0,0,0,0,True,True,True,0.1.2,True,2|10|30|50|100,1037,True,True,True,True,True,1.0.0,True,benchmark04e_freeze_feature_schema,acfd34080ed60c0a6f59,True,categorical,explicit_missing_category+one_hot_ignore_unknown,delayed_recall_response_or_cue_mode,identity,50,distinct_fit_participants_with_observed_original_feature,recomputed_per_scenario_and_per_temporal_block_on_fit_data,False,True,True,remove_if_support_lt_50_or_all_missing_or_effectively_constant_in_fit,True,retained_at_50_in_snapshot_all_train_reference,Semantically authorized. Apply the frozen support rule independently within each scenario and temporal block using fit participants only.
MOCA,visit,33,DELW2,MOCA__DELW2,True,categorical,missing_token+one_hot_ignore_unknown,cognitive_recall_response_code,source_specific_semantic_rule_pending_group_review,manual_group_review_required,R06_MOCA_DELAYED_RECALL_CODES,current_and_previous_blocks_evaluated_independently,50,distinct_fit_participants_with_observed_original_feature,recomputed_per_scenario_and_per_temporal_block_on_fit_data,remove_if_support_lt_50_or_all_missing_or_effectively_constant_in_fit,1038,True,0.4042045623974951,4,False,False,False,categorical_numeric_code_candidate,one_hot_or_numeric_review,numeric_looking_code_requires_semantic_review,True,categorical,explicit_missing_category+one_hot_ignore_unknown,delayed_recall_response_or_cue_mode,benchmark04b_semantic_audit_approved,semantic_support_candidate_not_official_v0.1.2,matched,4,ADNI2;ADNI3;ADNI4;ADNIGO,Delayed: Velvet,N,0=Incorrect; 1=Correct with No Cue; 2=Correct with Category Cue; 3=Correct with Mult. Choice Cue || 0=Incorrect;1=Correct with No Cue;2=Correct with Category Cue;3=Correct with Mult. Choice Cue || 1=Correct with No Cue; 2=Correct with Category Cue; 3=Correct with Mult. Choice Cue; 0=Incorrect,,,,1,3,True,categorical,explicit_missing_category+one_hot_ignore_unknown,delayed_recall_response_or_cue_mode,confirmed,codes_0_to_3_are_distinct_response_modes_not_a_valid_linear_scale,code_dictionary_varies_by_phase,True,4,4,4,True,0,True,16,0,0,0,0,0,0,0,0,True,1,0,1,True,0.1.0,False,approved_for_support_pilot,dictionary_domain_and_observed_phase_semantics_are_compatible_in_training,observed_code_semantics_phase_compatible,False,all_observed_values_documented,consistent,consistent,6070,1487,True,categorical,explicit_missing_category+one_hot_ignore_unknown,delayed_recall_response_or_cue_mode,approved,benchmark04b_semantic_audit_approved,identity,False,False,,,0,0,0,0,True,True,True,0.1.2,True,2|10|30|50|100,1038,True,True,True,True,True,1.0.0,True,benchmark04e_freeze_feature_schema,acfd34080ed60c0a6f59,True,categorical,explicit_missing_category+one_hot_ignore_unknown,delayed_recall_response_or_cue_mode,identity,50,distinct_fit_participants_with_observed_original_feature,recomputed_per_scenario_and_per_temporal_block_on_fit_data,False,True,True,remove_if_support_lt_50_or_all_missing_or_effectively_constant_in_fit,True,retained_at_50_in_snapshot_all_train_reference,Semantically authorized. Apply the frozen support rule independently within each scenario and temporal block using fit participants only.
MOCA,visit,34,DELW3,MOCA__DELW3,True,categorical,missing_token+one_hot_ignore_unknown,cognitive_recall_response_code,source_specific_semantic_rule_pending_group_review,manual_group_review_required,R06_MOCA_DELAYED_RECALL_CODES,current_and_previous_blocks_evaluated_independently,50,distinct_fit_participants_with_observed_original_feature,recomputed_per_scenario_and_per_temporal_block_on_fit_data,remove_if_support_lt_50_or_all_missing_or_effectively_constant_in_fit,1038,True,0.4042045623974951,4,False,False,False,categorical_numeric_code_candidate,one_hot_or_numeric_review,numeric_looking_code_requires_semantic_review,True,categorical,explicit_missing_category+one_hot_ignore_unknown,delayed_recall_response_or_cue_mode,benchmark04b_semantic_audit_approved,semantic_support_candidate_not_official_v0.1.2,matched,4,ADNI2;ADNI3;ADNI4;ADNIGO,Delayed: Church,N,0=Incorrect; 1=Correct with No Cue; 2=Correct with Category Cue; 3=Correct with Mult. Choice Cue || 0=Incorrect;1=Correct with No Cue;2=Correct with Category Cue;3=Correct with Mult. Choice Cue || 1=Correct with No Cue; 2=Correct with Category Cue; 3=Correct with Mult. Choice Cue; 0=Incorrect,,,,1,3,True,categorical,explicit_missing_category+one_hot_ignore_unknown,delayed_recall_response_or_cue_mode,confirmed,codes_0_to_3_are_distinct_response_modes_not_a_valid_linear_scale,code_dictionary_varies_by_phase,True,4,4,4,True,0,True,16,0,0,0,0,0,0,0,0,True,1,0,1,True,0.1.0,False,approved_for_support_pilot,dictionary_domain_and_observed_phase_semantics_are_compatible_in_training,observed_code_semantics_phase_compatible,False,all_observed_values_documented,consistent,consistent,6066,1487,True,categorical,explicit_missing_category+one_hot_ignore_unknown,delayed_recall_response_or_cue_mode,approved,benchmark04b_semantic_audit_approved,identity,False,False,,,0,0,0,0,True,True,True,0.1.2,True,2|10|30|50|100,1038,True,True,True,True,True,1.0.0,True,benchmark04e_freeze_feature_schema,acfd34080ed60c0a6f59,True,categorical,explicit_missing_category+one_hot_ignore_unknown,delayed_recall_response_or_cue_mode,identity,50,distinct_fit_participants_with_observed_original_feature,recomputed_per_scenario_and_per_temporal_block_on_fit_data,False,True,True,remove_if_support_lt_50_or_all_missing_or_effectively_constant_in_fit,True,retained_at_50_in_snapshot_all_train_reference,Semantically authorized. Apply the frozen support rule independently within each scenario and temporal block using fit participants only.
MOCA,visit,35,DELW4,MOCA__DELW4,True,categorical,missing_token+one_hot_ignore_unknown,cognitive_recall_response_code,source_specific_semantic_rule_pending_group_review,manual_group_review_required,R06_MOCA_DELAYED_RECALL_CODES,current_and_previous_blocks_evaluated_independently,50,distinct_fit_participants_with_observed_original_feature,recomputed_per_scenario_and_per_temporal_block_on_fit_data,remove_if_support_lt_50_or_all_missing_or_effectively_constant_in_fit,1037,True,0.4037572685254212,4,False,False,False,categorical_numeric_code_candidate,one_hot_or_numeric_review,numeric_looking_code_requires_semantic_review,True,categorical,explicit_missing_category+one_hot_ignore_unknown,delayed_recall_response_or_cue_mode,benchmark04b_semantic_audit_approved,semantic_support_candidate_not_official_v0.1.2,matched,4,ADNI2;ADNI3;ADNI4;ADNIGO,Delayed: Daisy,N,0=Incorrect; 1=Correct with No Cue; 2=Correct with Category Cue; 3=Correct with Mult. Choice Cue || 0=Incorrect;1=Correct with No Cue;2=Correct with Category Cue;3=Correct with Mult. Choice Cue || 1=Correct with No Cue; 2=Correct with Category Cue; 3=Correct with Mult. Choice Cue; 0=Incorrect,,,,1,3,True,categorical,explicit_missing_category+one_hot_ignore_unknown,delayed_recall_response_or_cue_mode,confirmed,codes_0_to_3_are_distinct_response_modes_not_a_valid_linear_scale,code_dictionary_varies_by_phase,True,4,4,4,True,0,True,16,0,0,0,0,0,0,0,0,True,1,0,1,True,0.1.0,False,approved_for_support_pilot,dictionary_domain_and_observed_phase_semantics_are_compatible_in_training,observed_code_semantics_phase_compatible,False,all_observed_values_documented,consistent,consistent,6061,1487,True,categorical,explicit_missing_category+one_hot_ignore_unknown,delayed_recall_response_or_cue_mode,approved,benchmark04b_semantic_audit_approved,identity,False,False,,,0,0,0,0,True,True,True,0.1.2,True,2|10|30|50|100,1037,True,True,True,True,True,1.0.0,True,benchmark04e_freeze_feature_schema,acfd34080ed60c0a6f59,True,categorical,explicit_missing_category+one_hot_ignore_unknown,delayed_recall_response_or_cue_mode,identity,50,distinct_fit_participants_with_observed_original_feature,recomputed_per_scenario_and_per_temporal_block_on_fit_data,False,True,True,remove_if_support_lt_50_or_all_missing_or_effectively_constant_in_fit,True,retained_at_50_in_snapshot_all_train_reference,Semantically authorized. Apply the frozen support rule independently within each scenario and temporal block using fit participants only.
MOCA,visit,36,DELW5,MOCA__DELW5,True,categorical,missing_token+one_hot_ignore_unknown,cognitive_recall_response_code,source_specific_semantic_rule_pending_group_review,manual_group_review_required,R06_MOCA_DELAYED_RECALL_CODES,current_and_previous_blocks_evaluated_independently,50,distinct_fit_participants_with_observed_original_feature,recomputed_per_scenario_and_per_temporal_block_on_fit_data,remove_if_support_lt_50_or_all_missing_or_effectively_constant_in_fit,1037,True,0.4037572685254212,4,False,False,False,categorical_numeric_code_candidate,one_hot_or_numeric_review,numeric_looking_code_requires_semantic_review,True,categorical,explicit_missing_category+one_hot_ignore_unknown,delayed_recall_response_or_cue_mode,benchmark04b_semantic_audit_approved,semantic_support_candidate_not_official_v0.1.2,matched,4,ADNI2;ADNI3;ADNI4;ADNIGO,Delayed: Red,N,0=Incorrect; 1=Correct with No Cue; 2=Correct with Category Cue; 3=Correct with Mult. Choice Cue || 0=Incorrect;1=Correct with No Cue;2=Correct with Category Cue;3=Correct with Mult. Choice Cue || 1=Correct with No Cue; 2=Correct with Category Cue; 3=Correct with Mult. Choice Cue; 0=Incorrect,,,,1,3,True,categorical,explicit_missing_category+one_hot_ignore_unknown,delayed_recall_response_or_cue_mode,confirmed,codes_0_to_3_are_distinct_response_modes_not_a_valid_linear_scale,code_dictionary_varies_by_phase,True,4,4,4,True,0,True,16,0,0,0,0,0,0,0,0,True,1,0,1,True,0.1.0,False,approved_for_support_pilot,dictionary_domain_and_observed_phase_semantics_are_compatible_in_training,observed_code_semantics_phase_compatible,False,all_observed_values_documented,consistent,consistent,6067,1487,True,categorical,explicit_missing_category+one_hot_ignore_unknown,delayed_recall_response_or_cue_mode,approved,benchmark04b_semantic_audit_approved,identity,False,False,,,0,0,0,0,True,True,True,0.1.2,True,2|10|30|50|100,1037,True,True,True,True,True,1.0.0,True,benchmark04e_freeze_feature_schema,acfd34080ed60c0a6f59,True,categorical,explicit_missing_category+one_hot_ignore_unknown,delayed_recall_response_or_cue_mode,identity,50,distinct_fit_participants_with_observed_original_feature,recomputed_per_scenario_and_per_temporal_block_on_fit_data,False,True,True,remove_if_support_lt_50_or_all_missing_or_effectively_constant_in_fit,True,retained_at_50_in_snapshot_all_train_reference,Semantically authorized. Apply the frozen support rule independently within each scenario and temporal block using fit participants only.
MOCA,visit,37,DATE,MOCA__DATE,True,binary,train_binary_mapping+median_impute+missing_indicator,cognitive_item_or_measure,cognitive_instrument_semantic_rule,automatic_proposal,,current_and_previous_blocks_evaluated_independently,50,distinct_fit_participants_with_observed_original_feature,recomputed_per_scenario_and_per_temporal_block_on_fit_data,remove_if_support_lt_50_or_all_missing_or_effectively_constant_in_fit,1039,True,0.4046518562695691,2,False,False,False,binary_numeric_candidate,binary_or_one_hot_review,date_or_time_name_pattern|numeric_looking_code_requires_semantic_review,True,binary,train_binary_mapping+median_impute+missing_indicator,cognitive_item_or_measure,benchmark04b_semantic_audit_approved,semantic_support_candidate_not_official_v0.1.2,matched,4,ADNI2;ADNI3;ADNI4;ADNIGO,Date,N,0=Incorrect; 1=Correct || 0=Incorrect;1=Correct || 1=Correct; 0=Incorrect,,,,1,3,True,binary,train_binary_mapping+median_impute+missing_indicator,cognitive_item_or_measure,confirmed,dictionary_consistent_with_candidate_schema,code_dictionary_varies_by_phase,False,4,2,4,True,0,True,8,0,0,0,0,0,0,0,0,True,1,0,1,True,0.1.0,False,approved_for_support_pilot,dictionary_domain_and_observed_phase_semantics_are_compatible_in_training,observed_code_semantics_phase_compatible,False,all_observed_values_documented,consistent,consistent,6079,1487,True,binary,train_binary_mapping+median_impute+missing_indicator,cognitive_item_or_measure,approved,benchmark04b_semantic_audit_approved,identity,False,False,6079.0,1487.0,0,0,0,0,True,True,True,0.1.2,True,2|10|30|50|100,1039,True,True,True,True,True,1.0.0,True,benchmark04e_freeze_feature_schema,acfd34080ed60c0a6f59,True,binary,train_binary_mapping+median_impute+missing_indicator,cognitive_item_or_measure,identity,50,distinct_fit_participants_with_observed_original_feature,recomputed_per_scenario_and_per_temporal_block_on_fit_data,False,True,True,remove_if_support_lt_50_or_all_missing_or_effectively_constant_in_fit,True,retained_at_50_in_snapshot_all_train_reference,Semantically authorized. Apply the frozen support rule independently within each scenario and temporal block using fit participants only.
MOCA,visit,38,MONTH,MOCA__MONTH,True,binary,train_binary_mapping+median_impute+missing_indicator,cognitive_item_or_measure,cognitive_instrument_semantic_rule,automatic_proposal,,current_and_previous_blocks_evaluated_independently,50,distinct_fit_participants_with_observed_original_feature,recomputed_per_scenario_and_per_temporal_block_on_fit_data,remove_if_support_lt_50_or_all_missing_or_effectively_constant_in_fit,1039,True,0.4046518562695691,2,False,False,False,binary_numeric_candidate,binary_or_one_hot_review,date_or_time_name_pattern|numeric_looking_code_requires_semantic_review,True,binary,train_binary_mapping+median_impute+missing_indicator,cognitive_item_or_measure,benchmark04b_semantic_audit_approved,semantic_support_candidate_not_official_v0.1.2,matched,4,ADNI2;ADNI3;ADNI4;ADNIGO,Month,N,0=Incorrect; 1=Correct || 0=Incorrect;1=Correct || 1=Correct; 0=Incorrect,,,,1,3,True,binary,train_binary_mapping+median_impute+missing_indicator,cognitive_item_or_measure,confirmed,dictionary_consistent_with_candidate_schema,code_dictionary_varies_by_phase,False,4,2,4,True,0,True,8,0,0,0,0,0,0,0,0,True,1,0,1,True,0.1.0,False,approved_for_support_pilot,dictionary_domain_and_observed_phase_semantics_are_compatible_in_training,observed_code_semantics_phase_compatible,False,all_observed_values_documented,consistent,consistent,6079,1487,True,binary,train_binary_mapping+median_impute+missing_indicator,cognitive_item_or_measure,approved,benchmark04b_semantic_audit_approved,identity,False,False,6079.0,1487.0,0,0,0,0,True,True,True,0.1.2,True,2|10|30|50|100,1039,True,True,True,True,True,1.0.0,True,benchmark04e_freeze_feature_schema,acfd34080ed60c0a6f59,True,binary,train_binary_mapping+median_impute+missing_indicator,cognitive_item_or_measure,identity,50,distinct_fit_participants_with_observed_original_feature,recomputed_per_scenario_and_per_temporal_block_on_fit_data,False,True,True,remove_if_support_lt_50_or_all_missing_or_effectively_constant_in_fit,True,retained_at_50_in_snapshot_all_train_reference,Semantically authorized. Apply the frozen support rule independently within each scenario and temporal block using fit participants only.
MOCA,visit,39,YEAR,MOCA__YEAR,True,binary,train_binary_mapping+median_impute+missing_indicator,cognitive_item_or_measure,cognitive_instrument_semantic_rule,automatic_proposal,,current_and_previous_blocks_evaluated_independently,50,distinct_fit_participants_with_observed_original_feature,recomputed_per_scenario_and_per_temporal_block_on_fit_data,remove_if_support_lt_50_or_all_missing_or_effectively_constant_in_fit,1039,True,0.4046518562695691,2,False,False,False,binary_numeric_candidate,binary_or_one_hot_review,date_or_time_name_pattern|numeric_looking_code_requires_semantic_review,True,binary,train_binary_mapping+median_impute+missing_indicator,cognitive_item_or_measure,benchmark04b_semantic_audit_approved,semantic_support_candidate_not_official_v0.1.2,matched,4,ADNI2;ADNI3;ADNI4;ADNIGO,Year,N,0=Incorrect; 1=Correct || 0=Incorrect;1=Correct || 1=Correct; 0=Incorrect,,,,1,3,True,binary,train_binary_mapping+median_impute+missing_indicator,cognitive_item_or_measure,confirmed,dictionary_consistent_with_candidate_schema,code_dictionary_varies_by_phase,False,4,2,4,True,0,True,8,0,0,0,0,0,0,0,0,True,1,0,1,True,0.1.0,False,approved_for_support_pilot,dictionary_domain_and_observed_phase_semantics_are_compatible_in_training,observed_code_semantics_phase_compatible,False,all_observed_values_documented,consistent,consistent,6079,1487,True,binary,train_binary_mapping+median_impute+missing_indicator,cognitive_item_or_measure,approved,benchmark04b_semantic_audit_approved,identity,False,False,6079.0,1487.0,0,0,0,0,True,True,True,0.1.2,True,2|10|30|50|100,1039,True,True,True,True,True,1.0.0,True,benchmark04e_freeze_feature_schema,acfd34080ed60c0a6f59,True,binary,train_binary_mapping+median_impute+missing_indicator,cognitive_item_or_measure,identity,50,distinct_fit_participants_with_observed_original_feature,recomputed_per_scenario_and_per_temporal_block_on_fit_data,False,True,True,remove_if_support_lt_50_or_all_missing_or_effectively_constant_in_fit,True,retained_at_50_in_snapshot_all_train_reference,Semantically authorized. Apply the frozen support rule independently within each scenario and temporal block using fit participants only.
MOCA,visit,40,DAY,MOCA__DAY,True,binary,train_binary_mapping+median_impute+missing_indicator,cognitive_item_or_measure,cognitive_instrument_semantic_rule,automatic_proposal,,current_and_previous_blocks_evaluated_independently,50,distinct_fit_participants_with_observed_original_feature,recomputed_per_scenario_and_per_temporal_block_on_fit_data,remove_if_support_lt_50_or_all_missing_or_effectively_constant_in_fit,1039,True,0.4045027583122111,2,False,False,False,binary_numeric_candidate,binary_or_one_hot_review,date_or_time_name_pattern|numeric_looking_code_requires_semantic_review,True,binary,train_binary_mapping+median_impute+missing_indicator,cognitive_item_or_measure,benchmark04b_semantic_audit_approved,semantic_support_candidate_not_official_v0.1.2,matched,4,ADNI2;ADNI3;ADNI4;ADNIGO,Day,N,0=Incorrect; 1=Correct || 0=Incorrect;1=Correct || 1=Correct; 0=Incorrect,,,,1,3,True,binary,train_binary_mapping+median_impute+missing_indicator,cognitive_item_or_measure,confirmed,dictionary_consistent_with_candidate_schema,code_dictionary_varies_by_phase,False,4,2,4,True,0,True,8,0,0,0,0,0,0,0,0,True,1,0,1,True,0.1.0,False,approved_for_support_pilot,dictionary_domain_and_observed_phase_semantics_are_compatible_in_training,observed_code_semantics_phase_compatible,False,all_observed_values_documented,consistent,consistent,6076,1487,True,binary,train_binary_mapping+median_impute+missing_indicator,cognitive_item_or_measure,approved,benchmark04b_semantic_audit_approved,identity,False,False,6076.0,1487.0,0,0,0,0,True,True,True,0.1.2,True,2|10|30|50|100,1039,True,True,True,True,True,1.0.0,True,benchmark04e_freeze_feature_schema,acfd34080ed60c0a6f59,True,binary,train_binary_mapping+median_impute+missing_indicator,cognitive_item_or_measure,identity,50,distinct_fit_participants_with_observed_original_feature,recomputed_per_scenario_and_per_temporal_block_on_fit_data,False,True,True,remove_if_support_lt_50_or_all_missing_or_effectively_constant_in_fit,True,retained_at_50_in_snapshot_all_train_reference,Semantically authorized. Apply the frozen support rule independently within each scenario and temporal block using fit participants only.
MOCA,visit,41,PLACE,MOCA__PLACE,True,binary,train_binary_mapping+median_impute+missing_indicator,cognitive_item_or_measure,cognitive_instrument_semantic_rule,automatic_proposal,,current_and_previous_blocks_evaluated_independently,50,distinct_fit_participants_with_observed_original_feature,recomputed_per_scenario_and_per_temporal_block_on_fit_data,remove_if_support_lt_50_or_all_missing_or_effectively_constant_in_fit,1039,True,0.4043536603548531,2,False,False,False,binary_numeric_candidate,binary_or_one_hot_review,numeric_looking_code_requires_semantic_review,True,binary,train_binary_mapping+median_impute+missing_indicator,cognitive_item_or_measure,benchmark04b_semantic_audit_approved,semantic_support_candidate_not_official_v0.1.2,matched,4,ADNI2;ADNI3;ADNI4;ADNIGO,Place,N,0=Incorrect; 1=Correct || 0=Incorrect;1=Correct || 1=Correct; 0=Incorrect,,,,1,3,True,binary,train_binary_mapping+median_impute+missing_indicator,cognitive_item_or_measure,confirmed,dictionary_consistent_with_candidate_schema,code_dictionary_varies_by_phase,False,4,2,4,True,0,True,8,0,0,0,0,0,0,0,0,True,1,0,1,True,0.1.0,False,approved_for_support_pilot,dictionary_domain_and_observed_phase_semantics_are_compatible_in_training,observed_code_semantics_phase_compatible,False,all_observed_values_documented,consistent,consistent,6077,1487,True,binary,train_binary_mapping+median_impute+missing_indicator,cognitive_item_or_measure,approved,benchmark04b_semantic_audit_approved,identity,False,False,6077.0,1487.0,0,0,0,0,True,True,True,0.1.2,True,2|10|30|50|100,1039,True,True,True,True,True,1.0.0,True,benchmark04e_freeze_feature_schema,acfd34080ed60c0a6f59,True,binary,train_binary_mapping+median_impute+missing_indicator,cognitive_item_or_measure,identity,50,distinct_fit_participants_with_observed_original_feature,recomputed_per_scenario_and_per_temporal_block_on_fit_data,False,True,True,remove_if_support_lt_50_or_all_missing_or_effectively_constant_in_fit,True,retained_at_50_in_snapshot_all_train_reference,Semantically authorized. Apply the frozen support rule independently within each scenario and temporal block using fit participants only.
MOCA,visit,42,CITY,MOCA__CITY,True,binary,train_binary_mapping+median_impute+missing_indicator,cognitive_item_or_measure,cognitive_instrument_semantic_rule,automatic_proposal,,current_and_previous_blocks_evaluated_independently,50,distinct_fit_participants_with_observed_original_feature,recomputed_per_scenario_and_per_temporal_block_on_fit_data,remove_if_support_lt_50_or_all_missing_or_effectively_constant_in_fit,1039,True,0.4045027583122111,2,False,False,False,binary_numeric_candidate,binary_or_one_hot_review,numeric_looking_code_requires_semantic_review,True,binary,train_binary_mapping+median_impute+missing_indicator,cognitive_item_or_measure,benchmark04b_semantic_audit_approved,semantic_support_candidate_not_official_v0.1.2,matched,4,ADNI2;ADNI3;ADNI4;ADNIGO,City,N,0=Incorrect; 1=Correct || 0=Incorrect;1=Correct || 1=Correct; 0=Incorrect,,,,1,3,True,binary,train_binary_mapping+median_impute+missing_indicator,cognitive_item_or_measure,confirmed,dictionary_consistent_with_candidate_schema,code_dictionary_varies_by_phase,False,4,2,4,True,0,True,8,0,0,0,0,0,0,0,0,True,1,0,1,True,0.1.0,False,approved_for_support_pilot,dictionary_domain_and_observed_phase_semantics_are_compatible_in_training,observed_code_semantics_phase_compatible,False,all_observed_values_documented,consistent,consistent,6077,1487,True,binary,train_binary_mapping+median_impute+missing_indicator,cognitive_item_or_measure,approved,benchmark04b_semantic_audit_approved,identity,False,False,6077.0,1487.0,0,0,0,0,True,True,True,0.1.2,True,2|10|30|50|100,1039,True,True,True,True,True,1.0.0,True,benchmark04e_freeze_feature_schema,acfd34080ed60c0a6f59,True,binary,train_binary_mapping+median_impute+missing_indicator,cognitive_item_or_measure,identity,50,distinct_fit_participants_with_observed_original_feature,recomputed_per_scenario_and_per_temporal_block_on_fit_data,False,True,True,remove_if_support_lt_50_or_all_missing_or_effectively_constant_in_fit,True,retained_at_50_in_snapshot_all_train_reference,Semantically authorized. Apply the frozen support rule independently within each scenario and temporal block using fit participants only.
MOCA,visit,43,MOCA,MOCA__MOCA,True,numeric,median_impute+missing_indicator+standardize,cognitive_summary_score,cognitive_instrument_semantic_rule,automatic_proposal,,current_and_previous_blocks_evaluated_independently,50,distinct_fit_participants_with_observed_original_feature,recomputed_per_scenario_and_per_temporal_block_on_fit_data,remove_if_support_lt_50_or_all_missing_or_effectively_constant_in_fit,581,True,0.1731027284926196,26,False,False,False,numeric_candidate,numeric_median_imputation,,True,numeric,median_impute+missing_indicator+standardize,cognitive_summary_score,documented_score_count_time_year_or_total_with_stable_type_and_unit+training_values_pass_type_domain_check,semantic_support_candidate_not_official_v0.1.2,matched,2,ADNI3;ADNI4,MOCA || MOCA Total Score,N,0..30,,,,2,1,True,numeric,median_impute+missing_indicator+standardize,cognitive_summary_score,confirmed,dictionary_consistent_with_candidate_schema,definition_varies_by_phase,False,2,30,2,True,0,True,58,0,0,0,29,809,549,0,0,True,1,0,2,False,0.1.0,False,manual_review_unassessable_phase_domain,one_or_more_observed_phases_have_no_parseable_dictionary_domain,observed_code_semantics_phase_compatible,False,observed_values_unassessable_in_one_or_more_phases,consistent,consistent,2566,943,True,numeric,median_impute+missing_indicator+standardize,cognitive_summary_score,approved,documented_score_count_time_year_or_total_with_stable_type_and_unit+training_values_pass_type_domain_check,numeric_identity,False,False,2566.0,943.0,0,0,0,0,True,True,True,0.1.2,True,2|10|30|50|100,581,True,True,True,True,True,1.0.0,True,benchmark04e_freeze_feature_schema,acfd34080ed60c0a6f59,True,numeric,median_impute+missing_indicator+standardize,cognitive_summary_score,numeric_identity,50,distinct_fit_participants_with_observed_original_feature,recomputed_per_scenario_and_per_temporal_block_on_fit_data,False,True,True,remove_if_support_lt_50_or_all_missing_or_effectively_constant_in_fit,True,retained_at_50_in_snapshot_all_train_reference,Semantically authorized. Apply the frozen support rule independently within each scenario and temporal block using fit participants only.
MOCA,visit,44,SOURCE,MOCA__SOURCE,False,excluded,none,assessment_administration,instrument_source_or_provenance,manual_group_review_required,R01_ADMINISTRATIVE_EXCLUSIONS,current_and_previous_blocks_evaluated_independently,50,distinct_fit_participants_with_observed_original_feature,recomputed_per_scenario_and_per_temporal_block_on_fit_data,remove_if_support_lt_50_or_all_missing_or_effectively_constant_in_fit,372,False,0.0726107052333383,2,False,False,False,binary_numeric_candidate,binary_or_one_hot_review,administrative_name_pattern|numeric_looking_code_requires_semantic_review,True,categorical,explicit_missing_category+one_hot_ignore_unknown,measurement_context,benchmark04b_semantic_audit_approved,semantic_support_candidate_not_official_v0.1.2,matched,2,ADNI3;ADNI4,Information Source,N,1=Participant Visit; 2=Telephone Call/Video Call || 1=Participant Visit;2=Telephone Call/Video Call,,,,1,2,True,categorical,explicit_missing_category+one_hot_ignore_unknown,measurement_context,corrected,include_documented_source_version_wordlist_or_noncompletion_context_as_categorical,code_dictionary_varies_by_phase,True,2,2,2,True,0,True,4,0,0,0,0,0,0,0,0,True,1,0,1,True,0.1.0,False,approved_for_support_pilot,dictionary_domain_and_observed_phase_semantics_are_compatible_in_training,observed_code_semantics_phase_compatible,False,all_observed_values_documented,consistent,consistent,1340,692,True,categorical,explicit_missing_category+one_hot_ignore_unknown,measurement_context,approved,benchmark04b_semantic_audit_approved,identity,False,False,,,0,0,0,0,True,True,True,0.1.2,True,2|10|30|50|100,372,True,True,True,True,True,1.0.0,True,benchmark04e_freeze_feature_schema,acfd34080ed60c0a6f59,True,categorical,explicit_missing_category+one_hot_ignore_unknown,measurement_context,identity,50,distinct_fit_participants_with_observed_original_feature,recomputed_per_scenario_and_per_temporal_block_on_fit_data,False,True,True,remove_if_support_lt_50_or_all_missing_or_effectively_constant_in_fit,True,retained_at_50_in_snapshot_all_train_reference,Semantically authorized. Apply the frozen support rule independently within each scenario and temporal block using fit participants only.
NEUROBAT,visit,1,SOURCE,NEUROBAT__SOURCE,False,excluded,none,assessment_administration,instrument_source_or_provenance,manual_group_review_required,R01_ADMINISTRATIVE_EXCLUSIONS,current_and_previous_blocks_evaluated_independently,50,distinct_fit_participants_with_observed_original_feature,recomputed_per_scenario_and_per_temporal_block_on_fit_data,remove_if_support_lt_50_or_all_missing_or_effectively_constant_in_fit,372,False,0.0726107052333383,2,False,False,False,binary_numeric_candidate,binary_or_one_hot_review,administrative_name_pattern|numeric_looking_code_requires_semantic_review,True,categorical,explicit_missing_category+one_hot_ignore_unknown,measurement_context,benchmark04b_semantic_audit_approved,semantic_support_candidate_not_official_v0.1.2,matched,2,ADNI3;ADNI4,Information Source,N,1=Participant Visit; 2=Telephone Call/Video Call || 1=Participant Visit;2=Telephone Call/Video Call,,,,1,2,True,categorical,explicit_missing_category+one_hot_ignore_unknown,measurement_context,corrected,include_documented_source_version_wordlist_or_noncompletion_context_as_categorical,code_dictionary_varies_by_phase,True,2,2,2,True,0,True,4,0,0,0,0,0,0,0,0,True,1,0,1,True,0.1.0,False,approved_for_support_pilot,dictionary_domain_and_observed_phase_semantics_are_compatible_in_training,observed_code_semantics_phase_compatible,False,all_observed_values_documented,consistent,consistent,1071,554,True,categorical,explicit_missing_category+one_hot_ignore_unknown,measurement_context,approved,benchmark04b_semantic_audit_approved,identity,False,False,,,0,0,0,0,True,True,True,0.1.2,True,2|10|30|50|100,372,True,True,True,True,True,1.0.0,True,benchmark04e_freeze_feature_schema,acfd34080ed60c0a6f59,True,categorical,explicit_missing_category+one_hot_ignore_unknown,measurement_context,identity,50,distinct_fit_participants_with_observed_original_feature,recomputed_per_scenario_and_per_temporal_block_on_fit_data,False,True,True,remove_if_support_lt_50_or_all_missing_or_effectively_constant_in_fit,True,retained_at_50_in_snapshot_all_train_reference,Semantically authorized. Apply the frozen support rule independently within each scenario and temporal block using fit participants only.
NEUROBAT,visit,2,CLOCKCIRC,NEUROBAT__CLOCKCIRC,True,binary,train_binary_mapping+median_impute+missing_indicator,cognitive_item_or_measure,cognitive_instrument_semantic_rule,automatic_proposal,,current_and_previous_blocks_evaluated_independently,50,distinct_fit_participants_with_observed_original_feature,recomputed_per_scenario_and_per_temporal_block_on_fit_data,remove_if_support_lt_50_or_all_missing_or_effectively_constant_in_fit,1417,True,0.6388847472789623,2,False,False,False,binary_numeric_candidate,binary_or_one_hot_review,numeric_looking_code_requires_semantic_review,True,binary,train_binary_mapping+median_impute+missing_indicator,cognitive_item_or_measure,benchmark04b_semantic_audit_approved,semantic_support_candidate_not_official_v0.1.2,matched,6,ADNI1;ADNI2;ADNI3;ADNI4;ADNIGO,1. Approximately circular face,N,0=Incorrect; 1=Correct || 0=Incorrect;1=Correct || 1=Correct;0=Incorrect,,Harmonized,"Code updated updated from ""1=Yes;0=No"" to ""0=Incorrect;1=Correct""",1,3,True,binary,train_binary_mapping+median_impute+missing_indicator,cognitive_item_or_measure,confirmed,dictionary_consistent_with_candidate_schema,code_dictionary_varies_by_phase,False,5,2,5,True,0,True,10,0,0,0,0,0,0,0,0,True,1,0,1,True,0.1.0,False,approved_for_support_pilot,dictionary_domain_and_observed_phase_semantics_are_compatible_in_training,observed_code_semantics_phase_compatible,False,all_observed_values_documented,consistent,consistent,8641,1838,True,binary,train_binary_mapping+median_impute+missing_indicator,cognitive_item_or_measure,approved,benchmark04b_semantic_audit_approved,identity,False,False,8641.0,1838.0,0,0,0,0,True,True,True,0.1.2,True,2|10|30|50|100,1417,True,True,True,True,True,1.0.0,True,benchmark04e_freeze_feature_schema,acfd34080ed60c0a6f59,True,binary,train_binary_mapping+median_impute+missing_indicator,cognitive_item_or_measure,identity,50,distinct_fit_participants_with_observed_original_feature,recomputed_per_scenario_and_per_temporal_block_on_fit_data,False,True,True,remove_if_support_lt_50_or_all_missing_or_effectively_constant_in_fit,True,retained_at_50_in_snapshot_all_train_reference,Semantically authorized. Apply the frozen support rule independently within each scenario and temporal block using fit participants only.
NEUROBAT,visit,3,CLOCKSYM,NEUROBAT__CLOCKSYM,True,binary,train_binary_mapping+median_impute+missing_indicator,cognitive_item_or_measure,cognitive_instrument_semantic_rule,automatic_proposal,,current_and_previous_blocks_evaluated_independently,50,distinct_fit_participants_with_observed_original_feature,recomputed_per_scenario_and_per_temporal_block_on_fit_data,remove_if_support_lt_50_or_all_missing_or_effectively_constant_in_fit,1417,True,0.6388847472789623,2,False,False,False,binary_numeric_candidate,binary_or_one_hot_review,numeric_looking_code_requires_semantic_review,True,binary,train_binary_mapping+median_impute+missing_indicator,cognitive_item_or_measure,benchmark04b_semantic_audit_approved,semantic_support_candidate_not_official_v0.1.2,matched,6,ADNI1;ADNI2;ADNI3;ADNI4;ADNIGO,2. Symmetry of number placement,N,0=Incorrect; 1=Correct || 0=Incorrect;1=Correct || 1=Correct;0=Incorrect,,Harmonized,"Code updated updated from ""1=Yes;0=No"" to ""0=Incorrect;1=Correct""",1,3,True,binary,train_binary_mapping+median_impute+missing_indicator,cognitive_item_or_measure,confirmed,dictionary_consistent_with_candidate_schema,code_dictionary_varies_by_phase,False,5,2,5,True,0,True,10,0,0,0,0,0,0,0,0,True,1,0,1,True,0.1.0,False,approved_for_support_pilot,dictionary_domain_and_observed_phase_semantics_are_compatible_in_training,observed_code_semantics_phase_compatible,False,all_observed_values_documented,consistent,consistent,8640,1838,True,binary,train_binary_mapping+median_impute+missing_indicator,cognitive_item_or_measure,approved,benchmark04b_semantic_audit_approved,identity,False,False,8640.0,1838.0,0,0,0,0,True,True,True,0.1.2,True,2|10|30|50|100,1417,True,True,True,True,True,1.0.0,True,benchmark04e_freeze_feature_schema,acfd34080ed60c0a6f59,True,binary,train_binary_mapping+median_impute+missing_indicator,cognitive_item_or_measure,identity,50,distinct_fit_participants_with_observed_original_feature,recomputed_per_scenario_and_per_temporal_block_on_fit_data,False,True,True,remove_if_support_lt_50_or_all_missing_or_effectively_constant_in_fit,True,retained_at_50_in_snapshot_all_train_reference,Semantically authorized. Apply the frozen support rule independently within each scenario and temporal block using fit participants only.
NEUROBAT,visit,4,CLOCKNUM,NEUROBAT__CLOCKNUM,True,binary,train_binary_mapping+median_impute+missing_indicator,cognitive_item_or_measure,cognitive_instrument_semantic_rule,automatic_proposal,,current_and_previous_blocks_evaluated_independently,50,distinct_fit_participants_with_observed_original_feature,recomputed_per_scenario_and_per_temporal_block_on_fit_data,remove_if_support_lt_50_or_all_missing_or_effectively_constant_in_fit,1417,True,0.6388847472789623,2,False,False,False,binary_numeric_candidate,binary_or_one_hot_review,numeric_looking_code_requires_semantic_review,True,binary,train_binary_mapping+median_impute+missing_indicator,cognitive_item_or_measure,benchmark04b_semantic_audit_approved,semantic_support_candidate_not_official_v0.1.2,matched,6,ADNI1;ADNI2;ADNI3;ADNI4;ADNIGO,3. Correctness of numbers,N,0=Incorrect; 1=Correct || 0=Incorrect;1=Correct || 1=Correct;0=Incorrect,,Harmonized,"Code updated updated from ""1=Yes;0=No"" to ""0=Incorrect;1=Correct""",1,3,True,binary,train_binary_mapping+median_impute+missing_indicator,cognitive_item_or_measure,confirmed,dictionary_consistent_with_candidate_schema,code_dictionary_varies_by_phase,False,5,2,5,True,0,True,10,0,0,0,0,0,0,0,0,True,1,0,1,True,0.1.0,False,approved_for_support_pilot,dictionary_domain_and_observed_phase_semantics_are_compatible_in_training,observed_code_semantics_phase_compatible,False,all_observed_values_documented,consistent,consistent,8641,1838,True,binary,train_binary_mapping+median_impute+missing_indicator,cognitive_item_or_measure,approved,benchmark04b_semantic_audit_approved,identity,False,False,8641.0,1838.0,0,0,0,0,True,True,True,0.1.2,True,2|10|30|50|100,1417,True,True,True,True,True,1.0.0,True,benchmark04e_freeze_feature_schema,acfd34080ed60c0a6f59,True,binary,train_binary_mapping+median_impute+missing_indicator,cognitive_item_or_measure,identity,50,distinct_fit_participants_with_observed_original_feature,recomputed_per_scenario_and_per_temporal_block_on_fit_data,False,True,True,remove_if_support_lt_50_or_all_missing_or_effectively_constant_in_fit,True,retained_at_50_in_snapshot_all_train_reference,Semantically authorized. Apply the frozen support rule independently within each scenario and temporal block using fit participants only.
NEUROBAT,visit,5,CLOCKHAND,NEUROBAT__CLOCKHAND,True,binary,train_binary_mapping+median_impute+missing_indicator,cognitive_item_or_measure,cognitive_instrument_semantic_rule,automatic_proposal,,current_and_previous_blocks_evaluated_independently,50,distinct_fit_participants_with_observed_original_feature,recomputed_per_scenario_and_per_temporal_block_on_fit_data,remove_if_support_lt_50_or_all_missing_or_effectively_constant_in_fit,1417,True,0.6388847472789623,2,False,False,False,binary_numeric_candidate,binary_or_one_hot_review,numeric_looking_code_requires_semantic_review,True,binary,train_binary_mapping+median_impute+missing_indicator,cognitive_item_or_measure,benchmark04b_semantic_audit_approved,semantic_support_candidate_not_official_v0.1.2,matched,6,ADNI1;ADNI2;ADNI3;ADNI4;ADNIGO,4. Presence of the two hands,N,0=Incorrect; 1=Correct || 0=Incorrect;1=Correct || 1=Correct;0=Incorrect,,Harmonized,"Code updated updated from ""1=Yes;0=No"" to ""0=Incorrect;1=Correct""",1,3,True,binary,train_binary_mapping+median_impute+missing_indicator,cognitive_item_or_measure,confirmed,dictionary_consistent_with_candidate_schema,code_dictionary_varies_by_phase,False,5,2,5,True,0,True,10,0,0,0,0,0,0,0,0,True,1,0,1,True,0.1.0,False,approved_for_support_pilot,dictionary_domain_and_observed_phase_semantics_are_compatible_in_training,observed_code_semantics_phase_compatible,False,all_observed_values_documented,consistent,consistent,8641,1838,True,binary,train_binary_mapping+median_impute+missing_indicator,cognitive_item_or_measure,approved,benchmark04b_semantic_audit_approved,identity,False,False,8641.0,1838.0,0,0,0,0,True,True,True,0.1.2,True,2|10|30|50|100,1417,True,True,True,True,True,1.0.0,True,benchmark04e_freeze_feature_schema,acfd34080ed60c0a6f59,True,binary,train_binary_mapping+median_impute+missing_indicator,cognitive_item_or_measure,identity,50,distinct_fit_participants_with_observed_original_feature,recomputed_per_scenario_and_per_temporal_block_on_fit_data,False,True,True,remove_if_support_lt_50_or_all_missing_or_effectively_constant_in_fit,True,retained_at_50_in_snapshot_all_train_reference,Semantically authorized. Apply the frozen support rule independently within each scenario and temporal block using fit participants only.
NEUROBAT,visit,6,CLOCKTIME,NEUROBAT__CLOCKTIME,True,binary,train_binary_mapping+median_impute+missing_indicator,cognitive_item_or_measure,cognitive_instrument_semantic_rule,automatic_proposal,,current_and_previous_blocks_evaluated_independently,50,distinct_fit_participants_with_observed_original_feature,recomputed_per_scenario_and_per_temporal_block_on_fit_data,remove_if_support_lt_50_or_all_missing_or_effectively_constant_in_fit,1417,True,0.6388847472789623,2,False,False,False,binary_numeric_candidate,binary_or_one_hot_review,date_or_time_name_pattern|numeric_looking_code_requires_semantic_review,True,binary,train_binary_mapping+median_impute+missing_indicator,cognitive_item_or_measure,benchmark04b_semantic_audit_approved,semantic_support_candidate_not_official_v0.1.2,matched,6,ADNI1;ADNI2;ADNI3;ADNI4;ADNIGO,"5. Presence of the two hands, set to ten after eleven",N,0=Incorrect; 1=Correct || 0=Incorrect;1=Correct || 1=Correct;0=Incorrect,,Harmonized,"Code updated updated from ""1=Yes;0=No"" to ""0=Incorrect;1=Correct""",1,3,True,binary,train_binary_mapping+median_impute+missing_indicator,cognitive_item_or_measure,confirmed,dictionary_consistent_with_candidate_schema,code_dictionary_varies_by_phase,False,5,2,5,True,0,True,10,0,0,0,0,0,0,0,0,True,1,0,1,True,0.1.0,False,approved_for_support_pilot,dictionary_domain_and_observed_phase_semantics_are_compatible_in_training,observed_code_semantics_phase_compatible,False,all_observed_values_documented,consistent,consistent,8640,1838,True,binary,train_binary_mapping+median_impute+missing_indicator,cognitive_item_or_measure,approved,benchmark04b_semantic_audit_approved,identity,False,False,8640.0,1838.0,0,0,0,0,True,True,True,0.1.2,True,2|10|30|50|100,1417,True,True,True,True,True,1.0.0,True,benchmark04e_freeze_feature_schema,acfd34080ed60c0a6f59,True,binary,train_binary_mapping+median_impute+missing_indicator,cognitive_item_or_measure,identity,50,distinct_fit_participants_with_observed_original_feature,recomputed_per_scenario_and_per_temporal_block_on_fit_data,False,True,True,remove_if_support_lt_50_or_all_missing_or_effectively_constant_in_fit,True,retained_at_50_in_snapshot_all_train_reference,Semantically authorized. Apply the frozen support rule independently within each scenario and temporal block using fit participants only.
NEUROBAT,visit,7,CLOCKSCOR,NEUROBAT__CLOCKSCOR,True,numeric,median_impute+missing_indicator+standardize,cognitive_item_or_measure,cognitive_instrument_semantic_rule,automatic_proposal,,current_and_previous_blocks_evaluated_independently,50,distinct_fit_participants_with_observed_original_feature,recomputed_per_scenario_and_per_temporal_block_on_fit_data,remove_if_support_lt_50_or_all_missing_or_effectively_constant_in_fit,1417,True,0.6390338452363202,6,False,False,False,categorical_numeric_code_candidate,one_hot_or_numeric_review,numeric_looking_code_requires_semantic_review,True,numeric,median_impute+missing_indicator+standardize,cognitive_item_or_measure,documented_score_count_time_year_or_total_with_stable_type_and_unit+training_values_pass_type_domain_check,semantic_support_candidate_not_official_v0.1.2,matched,5,ADNI1;ADNI2;ADNI3;ADNI4;ADNIGO,Total Score,N,0..5,,,,1,1,True,numeric,median_impute+missing_indicator+standardize,cognitive_item_or_measure,confirmed,dictionary_consistent_with_candidate_schema,,False,5,6,5,True,0,True,30,0,0,0,12,2593,946,0,0,True,1,0,1,False,0.1.0,False,manual_review_unassessable_phase_domain,one_or_more_observed_phases_have_no_parseable_dictionary_domain,observed_code_semantics_phase_compatible,False,observed_values_unassessable_in_one_or_more_phases,consistent,consistent,8643,1838,True,numeric,median_impute+missing_indicator+standardize,cognitive_item_or_measure,approved,documented_score_count_time_year_or_total_with_stable_type_and_unit+training_values_pass_type_domain_check,numeric_identity,False,False,8643.0,1838.0,0,0,0,0,True,True,True,0.1.2,True,2|10|30|50|100,1417,True,True,True,True,True,1.0.0,True,benchmark04e_freeze_feature_schema,acfd34080ed60c0a6f59,True,numeric,median_impute+missing_indicator+standardize,cognitive_item_or_measure,numeric_identity,50,distinct_fit_participants_with_observed_original_feature,recomputed_per_scenario_and_per_temporal_block_on_fit_data,False,True,True,remove_if_support_lt_50_or_all_missing_or_effectively_constant_in_fit,True,retained_at_50_in_snapshot_all_train_reference,Semantically authorized. Apply the frozen support rule independently within each scenario and temporal block using fit participants only.
NEUROBAT,visit,8,COPYCIRC,NEUROBAT__COPYCIRC,True,binary,train_binary_mapping+median_impute+missing_indicator,cognitive_item_or_measure,cognitive_instrument_semantic_rule,automatic_proposal,,current_and_previous_blocks_evaluated_independently,50,distinct_fit_participants_with_observed_original_feature,recomputed_per_scenario_and_per_temporal_block_on_fit_data,remove_if_support_lt_50_or_all_missing_or_effectively_constant_in_fit,1417,True,0.6390338452363202,2,False,False,False,binary_numeric_candidate,binary_or_one_hot_review,numeric_looking_code_requires_semantic_review,True,binary,train_binary_mapping+median_impute+missing_indicator,copy_component_correctness,normalize_yes_no_and_incorrect_correct_as_same_binary_semantics,semantic_support_candidate_not_official_v0.1.2,matched,6,ADNI1;ADNI2;ADNI3;ADNI4;ADNIGO,1. Approximately circular face,N,0=Incorrect; 1=Correct || 0=Incorrect;1=Correct || 1=Correct;0=Incorrect || 1=Yes;0=No,,,,1,4,True,binary,train_binary_mapping+median_impute+missing_indicator,cognitive_item_or_measure,confirmed,dictionary_consistent_with_candidate_schema,code_dictionary_varies_by_phase,False,5,2,5,True,0,True,10,0,0,0,0,0,0,2,0,True,1,0,1,False,0.1.0,False,blocked_phase_semantic_conflict,the_same_raw_code_has_different_documented_meanings_across_observed_phases,phase_semantic_conflict,True,all_observed_values_documented,consistent,consistent,8645,1837,True,binary,train_binary_mapping+median_impute+missing_indicator,copy_component_correctness,approved,normalize_yes_no_and_incorrect_correct_as_same_binary_semantics,binary_zero_one_identity,False,False,8645.0,1837.0,0,0,0,0,True,True,True,0.1.2,True,2|10|30|50|100,1417,True,True,True,True,True,1.0.0,True,benchmark04e_freeze_feature_schema,acfd34080ed60c0a6f59,True,binary,train_binary_mapping+median_impute+missing_indicator,copy_component_correctness,binary_zero_one_identity,50,distinct_fit_participants_with_observed_original_feature,recomputed_per_scenario_and_per_temporal_block_on_fit_data,False,True,True,remove_if_support_lt_50_or_all_missing_or_effectively_constant_in_fit,True,retained_at_50_in_snapshot_all_train_reference,Semantically authorized. Apply the frozen support rule independently within each scenario and temporal block using fit participants only.
NEUROBAT,visit,9,COPYSYM,NEUROBAT__COPYSYM,True,binary,train_binary_mapping+median_impute+missing_indicator,cognitive_item_or_measure,cognitive_instrument_semantic_rule,automatic_proposal,,current_and_previous_blocks_evaluated_independently,50,distinct_fit_participants_with_observed_original_feature,recomputed_per_scenario_and_per_temporal_block_on_fit_data,remove_if_support_lt_50_or_all_missing_or_effectively_constant_in_fit,1417,True,0.6390338452363202,2,False,False,False,binary_numeric_candidate,binary_or_one_hot_review,numeric_looking_code_requires_semantic_review,True,binary,train_binary_mapping+median_impute+missing_indicator,copy_component_correctness,normalize_yes_no_and_incorrect_correct_as_same_binary_semantics,semantic_support_candidate_not_official_v0.1.2,matched,6,ADNI1;ADNI2;ADNI3;ADNI4;ADNIGO,2. Symmetry of number placement,N,0=Incorrect; 1=Correct || 0=Incorrect;1=Correct || 1=Correct;0=Incorrect || 1=Yes;0=No,,,,1,4,True,binary,train_binary_mapping+median_impute+missing_indicator,cognitive_item_or_measure,confirmed,dictionary_consistent_with_candidate_schema,code_dictionary_varies_by_phase,False,5,2,5,True,0,True,10,0,0,0,0,0,0,2,0,True,1,0,1,False,0.1.0,False,blocked_phase_semantic_conflict,the_same_raw_code_has_different_documented_meanings_across_observed_phases,phase_semantic_conflict,True,all_observed_values_documented,consistent,consistent,8644,1837,True,binary,train_binary_mapping+median_impute+missing_indicator,copy_component_correctness,approved,normalize_yes_no_and_incorrect_correct_as_same_binary_semantics,binary_zero_one_identity,False,False,8644.0,1837.0,0,0,0,0,True,True,True,0.1.2,True,2|10|30|50|100,1417,True,True,True,True,True,1.0.0,True,benchmark04e_freeze_feature_schema,acfd34080ed60c0a6f59,True,binary,train_binary_mapping+median_impute+missing_indicator,copy_component_correctness,binary_zero_one_identity,50,distinct_fit_participants_with_observed_original_feature,recomputed_per_scenario_and_per_temporal_block_on_fit_data,False,True,True,remove_if_support_lt_50_or_all_missing_or_effectively_constant_in_fit,True,retained_at_50_in_snapshot_all_train_reference,Semantically authorized. Apply the frozen support rule independently within each scenario and temporal block using fit participants only.
NEUROBAT,visit,10,COPYNUM,NEUROBAT__COPYNUM,True,binary,train_binary_mapping+median_impute+missing_indicator,cognitive_item_or_measure,cognitive_instrument_semantic_rule,automatic_proposal,,current_and_previous_blocks_evaluated_independently,50,distinct_fit_participants_with_observed_original_feature,recomputed_per_scenario_and_per_temporal_block_on_fit_data,remove_if_support_lt_50_or_all_missing_or_effectively_constant_in_fit,1417,True,0.6390338452363202,2,False,False,False,binary_numeric_candidate,binary_or_one_hot_review,numeric_looking_code_requires_semantic_review,True,binary,train_binary_mapping+median_impute+missing_indicator,copy_component_correctness,normalize_yes_no_and_incorrect_correct_as_same_binary_semantics,semantic_support_candidate_not_official_v0.1.2,matched,6,ADNI1;ADNI2;ADNI3;ADNI4;ADNIGO,3. Correctness of numbers,N,0=Incorrect; 1=Correct || 0=Incorrect;1=Correct || 1=Correct;0=Incorrect || 1=Yes;0=No,,,,1,4,True,binary,train_binary_mapping+median_impute+missing_indicator,cognitive_item_or_measure,confirmed,dictionary_consistent_with_candidate_schema,code_dictionary_varies_by_phase,False,5,2,5,True,0,True,10,0,0,0,0,0,0,2,0,True,1,0,1,False,0.1.0,False,blocked_phase_semantic_conflict,the_same_raw_code_has_different_documented_meanings_across_observed_phases,phase_semantic_conflict,True,all_observed_values_documented,consistent,consistent,8645,1837,True,binary,train_binary_mapping+median_impute+missing_indicator,copy_component_correctness,approved,normalize_yes_no_and_incorrect_correct_as_same_binary_semantics,binary_zero_one_identity,False,False,8645.0,1837.0,0,0,0,0,True,True,True,0.1.2,True,2|10|30|50|100,1417,True,True,True,True,True,1.0.0,True,benchmark04e_freeze_feature_schema,acfd34080ed60c0a6f59,True,binary,train_binary_mapping+median_impute+missing_indicator,copy_component_correctness,binary_zero_one_identity,50,distinct_fit_participants_with_observed_original_feature,recomputed_per_scenario_and_per_temporal_block_on_fit_data,False,True,True,remove_if_support_lt_50_or_all_missing_or_effectively_constant_in_fit,True,retained_at_50_in_snapshot_all_train_reference,Semantically authorized. Apply the frozen support rule independently within each scenario and temporal block using fit participants only.
NEUROBAT,visit,11,COPYHAND,NEUROBAT__COPYHAND,True,binary,train_binary_mapping+median_impute+missing_indicator,cognitive_item_or_measure,cognitive_instrument_semantic_rule,automatic_proposal,,current_and_previous_blocks_evaluated_independently,50,distinct_fit_participants_with_observed_original_feature,recomputed_per_scenario_and_per_temporal_block_on_fit_data,remove_if_support_lt_50_or_all_missing_or_effectively_constant_in_fit,1417,True,0.6390338452363202,2,False,False,False,binary_numeric_candidate,binary_or_one_hot_review,numeric_looking_code_requires_semantic_review,True,binary,train_binary_mapping+median_impute+missing_indicator,copy_component_correctness,normalize_yes_no_and_incorrect_correct_as_same_binary_semantics,semantic_support_candidate_not_official_v0.1.2,matched,6,ADNI1;ADNI2;ADNI3;ADNI4;ADNIGO,4. Presence of the two hands,N,0=Incorrect; 1=Correct || 0=Incorrect;1=Correct || 1=Correct;0=Incorrect || 1=Yes;0=No,,,,1,4,True,binary,train_binary_mapping+median_impute+missing_indicator,cognitive_item_or_measure,confirmed,dictionary_consistent_with_candidate_schema,code_dictionary_varies_by_phase,False,5,2,5,True,0,True,10,0,0,0,0,0,0,2,0,True,1,0,1,False,0.1.0,False,blocked_phase_semantic_conflict,the_same_raw_code_has_different_documented_meanings_across_observed_phases,phase_semantic_conflict,True,all_observed_values_documented,consistent,consistent,8644,1837,True,binary,train_binary_mapping+median_impute+missing_indicator,copy_component_correctness,approved,normalize_yes_no_and_incorrect_correct_as_same_binary_semantics,binary_zero_one_identity,False,False,8644.0,1837.0,0,0,0,0,True,True,True,0.1.2,True,2|10|30|50|100,1417,True,True,True,True,True,1.0.0,True,benchmark04e_freeze_feature_schema,acfd34080ed60c0a6f59,True,binary,train_binary_mapping+median_impute+missing_indicator,copy_component_correctness,binary_zero_one_identity,50,distinct_fit_participants_with_observed_original_feature,recomputed_per_scenario_and_per_temporal_block_on_fit_data,False,True,True,remove_if_support_lt_50_or_all_missing_or_effectively_constant_in_fit,True,retained_at_50_in_snapshot_all_train_reference,Semantically authorized. Apply the frozen support rule independently within each scenario and temporal block using fit participants only.
NEUROBAT,visit,12,COPYTIME,NEUROBAT__COPYTIME,True,binary,train_binary_mapping+median_impute+missing_indicator,cognitive_item_or_measure,cognitive_instrument_semantic_rule,automatic_proposal,,current_and_previous_blocks_evaluated_independently,50,distinct_fit_participants_with_observed_original_feature,recomputed_per_scenario_and_per_temporal_block_on_fit_data,remove_if_support_lt_50_or_all_missing_or_effectively_constant_in_fit,1417,True,0.6390338452363202,2,False,False,False,binary_numeric_candidate,binary_or_one_hot_review,date_or_time_name_pattern|numeric_looking_code_requires_semantic_review,True,binary,train_binary_mapping+median_impute+missing_indicator,copy_component_correctness,normalize_yes_no_and_incorrect_correct_as_same_binary_semantics,semantic_support_candidate_not_official_v0.1.2,matched,6,ADNI1;ADNI2;ADNI3;ADNI4;ADNIGO,"5. Presence of the two hands, set to ten after eleven",N,0=Incorrect; 1=Correct || 0=Incorrect;1=Correct || 1=Correct;0=Incorrect || 1=Yes;0=No,,,,1,4,True,binary,train_binary_mapping+median_impute+missing_indicator,cognitive_item_or_measure,confirmed,dictionary_consistent_with_candidate_schema,code_dictionary_varies_by_phase,False,5,2,5,True,0,True,10,0,0,0,0,0,0,2,0,True,1,0,1,False,0.1.0,False,blocked_phase_semantic_conflict,the_same_raw_code_has_different_documented_meanings_across_observed_phases,phase_semantic_conflict,True,all_observed_values_documented,consistent,consistent,8644,1837,True,binary,train_binary_mapping+median_impute+missing_indicator,copy_component_correctness,approved,normalize_yes_no_and_incorrect_correct_as_same_binary_semantics,binary_zero_one_identity,False,False,8644.0,1837.0,0,0,0,0,True,True,True,0.1.2,True,2|10|30|50|100,1417,True,True,True,True,True,1.0.0,True,benchmark04e_freeze_feature_schema,acfd34080ed60c0a6f59,True,binary,train_binary_mapping+median_impute+missing_indicator,copy_component_correctness,binary_zero_one_identity,50,distinct_fit_participants_with_observed_original_feature,recomputed_per_scenario_and_per_temporal_block_on_fit_data,False,True,True,remove_if_support_lt_50_or_all_missing_or_effectively_constant_in_fit,True,retained_at_50_in_snapshot_all_train_reference,Semantically authorized. Apply the frozen support rule independently within each scenario and temporal block using fit participants only.
NEUROBAT,visit,13,COPYSCOR,NEUROBAT__COPYSCOR,True,numeric,median_impute+missing_indicator+standardize,cognitive_item_or_measure,cognitive_instrument_semantic_rule,automatic_proposal,,current_and_previous_blocks_evaluated_independently,50,distinct_fit_participants_with_observed_original_feature,recomputed_per_scenario_and_per_temporal_block_on_fit_data,remove_if_support_lt_50_or_all_missing_or_effectively_constant_in_fit,1417,True,0.6391829431936783,6,False,False,False,categorical_numeric_code_candidate,one_hot_or_numeric_review,numeric_looking_code_requires_semantic_review,True,numeric,median_impute+missing_indicator+standardize,cognitive_item_or_measure,documented_score_count_time_year_or_total_with_stable_type_and_unit+training_values_pass_type_domain_check,semantic_support_candidate_not_official_v0.1.2,matched,5,ADNI1;ADNI2;ADNI3;ADNI4;ADNIGO,Total Score,N,0..5,,,,1,1,True,numeric,median_impute+missing_indicator+standardize,cognitive_item_or_measure,confirmed,dictionary_consistent_with_candidate_schema,,False,5,6,5,True,0,True,29,0,0,0,11,2592,946,0,0,True,1,0,1,False,0.1.0,False,manual_review_unassessable_phase_domain,one_or_more_observed_phases_have_no_parseable_dictionary_domain,observed_code_semantics_phase_compatible,False,observed_values_unassessable_in_one_or_more_phases,consistent,consistent,8645,1837,True,numeric,median_impute+missing_indicator+standardize,cognitive_item_or_measure,approved,documented_score_count_time_year_or_total_with_stable_type_and_unit+training_values_pass_type_domain_check,numeric_identity,False,False,8645.0,1837.0,0,0,0,0,True,True,True,0.1.2,True,2|10|30|50|100,1417,True,True,True,True,True,1.0.0,True,benchmark04e_freeze_feature_schema,acfd34080ed60c0a6f59,True,numeric,median_impute+missing_indicator+standardize,cognitive_item_or_measure,numeric_identity,50,distinct_fit_participants_with_observed_original_feature,recomputed_per_scenario_and_per_temporal_block_on_fit_data,False,True,True,remove_if_support_lt_50_or_all_missing_or_effectively_constant_in_fit,True,retained_at_50_in_snapshot_all_train_reference,Semantically authorized. Apply the frozen support rule independently within each scenario and temporal block using fit participants only.
NEUROBAT,visit,14,LMSTORY,NEUROBAT__LMSTORY,True,binary,train_binary_mapping+median_impute+missing_indicator,cognitive_item_or_measure,cognitive_instrument_semantic_rule,automatic_proposal,,current_and_previous_blocks_evaluated_independently,50,distinct_fit_participants_with_observed_original_feature,recomputed_per_scenario_and_per_temporal_block_on_fit_data,remove_if_support_lt_50_or_all_missing_or_effectively_constant_in_fit,1376,True,0.4311912926792903,2,False,False,False,binary_numeric_candidate,binary_or_one_hot_review,numeric_looking_code_requires_semantic_review,True,categorical,explicit_missing_category+one_hot_ignore_unknown,logical_memory_story_form,dictionary_codes_identify_story_form_not_binary_outcome,semantic_support_candidate_not_official_v0.1.2,matched,5,ADNI2;ADNI3;ADNI4;ADNIGO,Which Logical Memory story was used?,N,1=Anna Thompson; 2=Greg Fortune || 1=Anna Thompson;2=Greg Fortune,,,,1,2,True,binary,train_binary_mapping+median_impute+missing_indicator,cognitive_item_or_measure,confirmed,dictionary_consistent_with_candidate_schema,code_dictionary_varies_by_phase,False,4,2,3,True,0,True,6,0,0,0,0,0,0,0,0,True,1,0,1,True,0.1.0,False,approved_for_support_pilot,dictionary_domain_and_observed_phase_semantics_are_compatible_in_training,observed_code_semantics_phase_compatible,False,all_observed_values_documented,consistent,consistent,5419,1593,True,categorical,explicit_missing_category+one_hot_ignore_unknown,logical_memory_story_form,approved,dictionary_codes_identify_story_form_not_binary_outcome,categorical_identity,False,False,,,0,0,0,0,True,True,True,0.1.2,True,2|10|30|50|100,1376,True,True,True,True,True,1.0.0,True,benchmark04e_freeze_feature_schema,acfd34080ed60c0a6f59,True,categorical,explicit_missing_category+one_hot_ignore_unknown,logical_memory_story_form,categorical_identity,50,distinct_fit_participants_with_observed_original_feature,recomputed_per_scenario_and_per_temporal_block_on_fit_data,False,True,True,remove_if_support_lt_50_or_all_missing_or_effectively_constant_in_fit,True,retained_at_50_in_snapshot_all_train_reference,Semantically authorized. Apply the frozen support rule independently within each scenario and temporal block using fit participants only.
NEUROBAT,visit,15,LIMMTOTAL,NEUROBAT__LIMMTOTAL,True,numeric,median_impute+missing_indicator+standardize,cognitive_item_or_measure,cognitive_instrument_semantic_rule,automatic_proposal,,current_and_previous_blocks_evaluated_independently,50,distinct_fit_participants_with_observed_original_feature,recomputed_per_scenario_and_per_temporal_block_on_fit_data,remove_if_support_lt_50_or_all_missing_or_effectively_constant_in_fit,1819,True,0.6591620694796482,26,False,False,False,numeric_candidate,numeric_median_imputation,,True,numeric,median_impute+missing_indicator+standardize,cognitive_item_or_measure,documented_score_count_time_year_or_total_with_stable_type_and_unit+training_values_pass_type_domain_check,semantic_support_candidate_not_official_v0.1.2,matched,5,ADNI1;ADNI2;ADNI3;ADNI4;ADNIGO,Logical Memory - Immediate Recall <br />Total Number of Story Units Recalled: || Total Number of Story Units Recalled,N,0..25,,,,2,1,True,numeric,median_impute+missing_indicator+standardize,cognitive_item_or_measure,confirmed,dictionary_consistent_with_candidate_schema,definition_varies_by_phase,False,5,26,5,True,0,True,127,0,0,0,51,2697,1042,0,0,True,1,0,2,False,0.1.0,False,manual_review_unassessable_phase_domain,one_or_more_observed_phases_have_no_parseable_dictionary_domain,observed_code_semantics_phase_compatible,False,observed_values_unassessable_in_one_or_more_phases,consistent,consistent,7494,1986,True,numeric,median_impute+missing_indicator+standardize,cognitive_item_or_measure,approved,documented_score_count_time_year_or_total_with_stable_type_and_unit+training_values_pass_type_domain_check,numeric_identity,False,False,7494.0,1986.0,0,0,0,0,True,True,True,0.1.2,True,2|10|30|50|100,1819,True,True,True,True,True,1.0.0,True,benchmark04e_freeze_feature_schema,acfd34080ed60c0a6f59,True,numeric,median_impute+missing_indicator+standardize,cognitive_item_or_measure,numeric_identity,50,distinct_fit_participants_with_observed_original_feature,recomputed_per_scenario_and_per_temporal_block_on_fit_data,False,True,True,remove_if_support_lt_50_or_all_missing_or_effectively_constant_in_fit,True,retained_at_50_in_snapshot_all_train_reference,Semantically authorized. Apply the frozen support rule independently within each scenario and temporal block using fit participants only.
NEUROBAT,visit,16,LIMMEND,NEUROBAT__LIMMEND,True,numeric,median_impute+missing_indicator+standardize,cognitive_item_or_measure,cognitive_instrument_semantic_rule,automatic_proposal,,current_and_previous_blocks_evaluated_independently,50,distinct_fit_participants_with_observed_original_feature,recomputed_per_scenario_and_per_temporal_block_on_fit_data,remove_if_support_lt_50_or_all_missing_or_effectively_constant_in_fit,1376,True,0.4304458028925004,435,False,False,False,numeric_candidate,numeric_median_imputation,,True,numeric,median_impute+missing_indicator+standardize,cognitive_item_or_measure,benchmark04b_semantic_audit_approved,semantic_support_candidate_not_official_v0.1.2,matched,3,ADNI2;ADNI3;ADNI4,Time Ended (24-hour clock),T,,HHMM,,,1,0,True,numeric,median_impute+missing_indicator+standardize,cognitive_item_or_measure,confirmed,dictionary_consistent_with_candidate_schema,,False,3,482,3,True,0,False,0,0,0,0,0,0,0,0,0,True,1,1,1,True,0.1.0,False,approved_for_support_pilot,dictionary_domain_and_observed_phase_semantics_are_compatible_in_training,not_assessable_no_code_dictionary,False,not_applicable_numeric_without_coded_domain,consistent,consistent,5404,1593,True,numeric,median_impute+missing_indicator+standardize,cognitive_item_or_measure,approved,benchmark04b_semantic_audit_approved,identity,False,False,5404.0,1593.0,0,0,0,0,True,True,True,0.1.2,True,2|10|30|50|100,1376,True,True,True,True,True,1.0.0,True,benchmark04e_freeze_feature_schema,acfd34080ed60c0a6f59,True,numeric,median_impute+missing_indicator+standardize,cognitive_item_or_measure,identity,50,distinct_fit_participants_with_observed_original_feature,recomputed_per_scenario_and_per_temporal_block_on_fit_data,False,True,True,remove_if_support_lt_50_or_all_missing_or_effectively_constant_in_fit,True,retained_at_50_in_snapshot_all_train_reference,Semantically authorized. Apply the frozen support rule independently within each scenario and temporal block using fit participants only.
NEUROBAT,visit,17,AVTOT1,NEUROBAT__AVTOT1,True,numeric,median_impute+missing_indicator+standardize,cognitive_item_or_measure,cognitive_instrument_semantic_rule,automatic_proposal,,current_and_previous_blocks_evaluated_independently,50,distinct_fit_participants_with_observed_original_feature,recomputed_per_scenario_and_per_temporal_block_on_fit_data,remove_if_support_lt_50_or_all_missing_or_effectively_constant_in_fit,1414,True,0.6379901595348144,16,False,False,False,categorical_numeric_code_candidate,one_hot_or_numeric_review,numeric_looking_code_requires_semantic_review,True,numeric,median_impute+missing_indicator+standardize,cognitive_item_or_measure,documented_score_count_time_year_or_total_with_stable_type_and_unit+training_values_pass_type_domain_check,semantic_support_candidate_not_official_v0.1.2,matched,5,ADNI1;ADNI2;ADNI3;ADNI4;ADNIGO,Trial 1 Total,N,0..15,,TEXT Harmonized,"Description updated from ""Rey Auditory Verbal Learning Test<br />Trial 1 Total""",1,1,True,numeric,median_impute+missing_indicator+standardize,cognitive_item_or_measure,confirmed,dictionary_consistent_with_candidate_schema,,False,5,16,5,True,0,True,74,0,0,0,30,2589,945,0,0,True,1,0,1,False,0.1.0,False,manual_review_unassessable_phase_domain,one_or_more_observed_phases_have_no_parseable_dictionary_domain,observed_code_semantics_phase_compatible,False,observed_values_unassessable_in_one_or_more_phases,consistent,consistent,8629,1837,True,numeric,median_impute+missing_indicator+standardize,cognitive_item_or_measure,approved,documented_score_count_time_year_or_total_with_stable_type_and_unit+training_values_pass_type_domain_check,numeric_identity,False,False,8629.0,1837.0,0,0,0,0,True,True,True,0.1.2,True,2|10|30|50|100,1414,True,True,True,True,True,1.0.0,True,benchmark04e_freeze_feature_schema,acfd34080ed60c0a6f59,True,numeric,median_impute+missing_indicator+standardize,cognitive_item_or_measure,numeric_identity,50,distinct_fit_participants_with_observed_original_feature,recomputed_per_scenario_and_per_temporal_block_on_fit_data,False,True,True,remove_if_support_lt_50_or_all_missing_or_effectively_constant_in_fit,True,retained_at_50_in_snapshot_all_train_reference,Semantically authorized. Apply the frozen support rule independently within each scenario and temporal block using fit participants only.
NEUROBAT,visit,18,AVERR1,NEUROBAT__AVERR1,True,numeric,median_impute+missing_indicator+standardize,cognitive_item_or_measure,cognitive_instrument_semantic_rule,automatic_proposal,,current_and_previous_blocks_evaluated_independently,50,distinct_fit_participants_with_observed_original_feature,recomputed_per_scenario_and_per_temporal_block_on_fit_data,remove_if_support_lt_50_or_all_missing_or_effectively_constant_in_fit,1414,True,0.6376919636200984,12,False,False,False,categorical_numeric_code_candidate,one_hot_or_numeric_review,numeric_looking_code_requires_semantic_review,True,numeric,median_impute+missing_indicator+standardize,cognitive_item_or_measure,benchmark04b_semantic_audit_approved,semantic_support_candidate_not_official_v0.1.2,matched,5,ADNI1;ADNI2;ADNI3;ADNI4;ADNIGO,Total Intrusions,N,,,,,1,0,True,numeric,median_impute+missing_indicator+standardize,cognitive_item_or_measure,confirmed,dictionary_consistent_with_candidate_schema,,False,5,14,5,True,0,False,0,0,0,0,0,0,0,0,0,True,1,0,1,True,0.1.0,False,approved_for_support_pilot,dictionary_domain_and_observed_phase_semantics_are_compatible_in_training,not_assessable_no_code_dictionary,False,not_applicable_numeric_without_coded_domain,consistent,consistent,8619,1833,True,numeric,median_impute+missing_indicator+standardize,cognitive_item_or_measure,approved,benchmark04b_semantic_audit_approved,identity,False,False,8619.0,1833.0,0,0,0,0,True,True,True,0.1.2,True,2|10|30|50|100,1414,True,True,True,True,True,1.0.0,True,benchmark04e_freeze_feature_schema,acfd34080ed60c0a6f59,True,numeric,median_impute+missing_indicator+standardize,cognitive_item_or_measure,identity,50,distinct_fit_participants_with_observed_original_feature,recomputed_per_scenario_and_per_temporal_block_on_fit_data,False,True,True,remove_if_support_lt_50_or_all_missing_or_effectively_constant_in_fit,True,retained_at_50_in_snapshot_all_train_reference,Semantically authorized. Apply the frozen support rule independently within each scenario and temporal block using fit participants only.
NEUROBAT,visit,19,AVTOT2,NEUROBAT__AVTOT2,True,numeric,median_impute+missing_indicator+standardize,cognitive_item_or_measure,cognitive_instrument_semantic_rule,automatic_proposal,,current_and_previous_blocks_evaluated_independently,50,distinct_fit_participants_with_observed_original_feature,recomputed_per_scenario_and_per_temporal_block_on_fit_data,remove_if_support_lt_50_or_all_missing_or_effectively_constant_in_fit,1413,True,0.6375428656627404,16,False,False,False,categorical_numeric_code_candidate,one_hot_or_numeric_review,numeric_looking_code_requires_semantic_review,True,numeric,median_impute+missing_indicator+standardize,cognitive_item_or_measure,documented_score_count_time_year_or_total_with_stable_type_and_unit+training_values_pass_type_domain_check,semantic_support_candidate_not_official_v0.1.2,matched,5,ADNI1;ADNI2;ADNI3;ADNI4;ADNIGO,Trial 2 Total,N,0..15,,,,1,1,True,numeric,median_impute+missing_indicator+standardize,cognitive_item_or_measure,confirmed,dictionary_consistent_with_candidate_schema,,False,5,16,5,True,0,True,79,0,0,0,31,2586,944,0,0,True,1,0,1,False,0.1.0,False,manual_review_unassessable_phase_domain,one_or_more_observed_phases_have_no_parseable_dictionary_domain,observed_code_semantics_phase_compatible,False,observed_values_unassessable_in_one_or_more_phases,consistent,consistent,8624,1837,True,numeric,median_impute+missing_indicator+standardize,cognitive_item_or_measure,approved,documented_score_count_time_year_or_total_with_stable_type_and_unit+training_values_pass_type_domain_check,numeric_identity,False,False,8624.0,1837.0,0,0,0,0,True,True,True,0.1.2,True,2|10|30|50|100,1413,True,True,True,True,True,1.0.0,True,benchmark04e_freeze_feature_schema,acfd34080ed60c0a6f59,True,numeric,median_impute+missing_indicator+standardize,cognitive_item_or_measure,numeric_identity,50,distinct_fit_participants_with_observed_original_feature,recomputed_per_scenario_and_per_temporal_block_on_fit_data,False,True,True,remove_if_support_lt_50_or_all_missing_or_effectively_constant_in_fit,True,retained_at_50_in_snapshot_all_train_reference,Semantically authorized. Apply the frozen support rule independently within each scenario and temporal block using fit participants only.
NEUROBAT,visit,20,AVERR2,NEUROBAT__AVERR2,True,numeric,median_impute+missing_indicator+standardize,cognitive_item_or_measure,cognitive_instrument_semantic_rule,automatic_proposal,,current_and_previous_blocks_evaluated_independently,50,distinct_fit_participants_with_observed_original_feature,recomputed_per_scenario_and_per_temporal_block_on_fit_data,remove_if_support_lt_50_or_all_missing_or_effectively_constant_in_fit,1413,True,0.6372446697480244,9,False,False,False,categorical_numeric_code_candidate,one_hot_or_numeric_review,numeric_looking_code_requires_semantic_review,True,numeric,median_impute+missing_indicator+standardize,cognitive_item_or_measure,benchmark04b_semantic_audit_approved,semantic_support_candidate_not_official_v0.1.2,matched,5,ADNI1;ADNI2;ADNI3;ADNI4;ADNIGO,Total Intrusions,N,,,,,1,0,True,numeric,median_impute+missing_indicator+standardize,cognitive_item_or_measure,confirmed,dictionary_consistent_with_candidate_schema,,False,5,12,5,True,0,False,0,0,0,0,0,0,0,0,0,True,1,0,1,True,0.1.0,False,approved_for_support_pilot,dictionary_domain_and_observed_phase_semantics_are_compatible_in_training,not_assessable_no_code_dictionary,False,not_applicable_numeric_without_coded_domain,consistent,consistent,8615,1834,True,numeric,median_impute+missing_indicator+standardize,cognitive_item_or_measure,approved,benchmark04b_semantic_audit_approved,identity,False,False,8615.0,1834.0,0,0,0,0,True,True,True,0.1.2,True,2|10|30|50|100,1413,True,True,True,True,True,1.0.0,True,benchmark04e_freeze_feature_schema,acfd34080ed60c0a6f59,True,numeric,median_impute+missing_indicator+standardize,cognitive_item_or_measure,identity,50,distinct_fit_participants_with_observed_original_feature,recomputed_per_scenario_and_per_temporal_block_on_fit_data,False,True,True,remove_if_support_lt_50_or_all_missing_or_effectively_constant_in_fit,True,retained_at_50_in_snapshot_all_train_reference,Semantically authorized. Apply the frozen support rule independently within each scenario and temporal block using fit participants only.
NEUROBAT,visit,21,AVTOT3,NEUROBAT__AVTOT3,True,numeric,median_impute+missing_indicator+standardize,cognitive_item_or_measure,cognitive_instrument_semantic_rule,automatic_proposal,,current_and_previous_blocks_evaluated_independently,50,distinct_fit_participants_with_observed_original_feature,recomputed_per_scenario_and_per_temporal_block_on_fit_data,remove_if_support_lt_50_or_all_missing_or_effectively_constant_in_fit,1413,True,0.6372446697480244,16,False,False,False,categorical_numeric_code_candidate,one_hot_or_numeric_review,numeric_looking_code_requires_semantic_review,True,numeric,median_impute+missing_indicator+standardize,cognitive_item_or_measure,documented_score_count_time_year_or_total_with_stable_type_and_unit+training_values_pass_type_domain_check,semantic_support_candidate_not_official_v0.1.2,matched,5,ADNI1;ADNI2;ADNI3;ADNI4;ADNIGO,Trial 3 Total,N,0..15,,,,1,1,True,numeric,median_impute+missing_indicator+standardize,cognitive_item_or_measure,confirmed,dictionary_consistent_with_candidate_schema,,False,5,16,5,True,0,True,80,0,0,0,32,2584,944,0,0,True,1,0,1,False,0.1.0,False,manual_review_unassessable_phase_domain,one_or_more_observed_phases_have_no_parseable_dictionary_domain,observed_code_semantics_phase_compatible,False,observed_values_unassessable_in_one_or_more_phases,consistent,consistent,8611,1837,True,numeric,median_impute+missing_indicator+standardize,cognitive_item_or_measure,approved,documented_score_count_time_year_or_total_with_stable_type_and_unit+training_values_pass_type_domain_check,numeric_identity,False,False,8611.0,1837.0,0,0,0,0,True,True,True,0.1.2,True,2|10|30|50|100,1413,True,True,True,True,True,1.0.0,True,benchmark04e_freeze_feature_schema,acfd34080ed60c0a6f59,True,numeric,median_impute+missing_indicator+standardize,cognitive_item_or_measure,numeric_identity,50,distinct_fit_participants_with_observed_original_feature,recomputed_per_scenario_and_per_temporal_block_on_fit_data,False,True,True,remove_if_support_lt_50_or_all_missing_or_effectively_constant_in_fit,True,retained_at_50_in_snapshot_all_train_reference,Semantically authorized. Apply the frozen support rule independently within each scenario and temporal block using fit participants only.
NEUROBAT,visit,22,AVERR3,NEUROBAT__AVERR3,True,numeric,median_impute+missing_indicator+standardize,cognitive_item_or_measure,cognitive_instrument_semantic_rule,automatic_proposal,,current_and_previous_blocks_evaluated_independently,50,distinct_fit_participants_with_observed_original_feature,recomputed_per_scenario_and_per_temporal_block_on_fit_data,remove_if_support_lt_50_or_all_missing_or_effectively_constant_in_fit,1413,True,0.6367973758759505,13,False,False,False,categorical_numeric_code_candidate,one_hot_or_numeric_review,numeric_looking_code_requires_semantic_review,True,numeric,median_impute+missing_indicator+standardize,cognitive_item_or_measure,benchmark04b_semantic_audit_approved,semantic_support_candidate_not_official_v0.1.2,matched,5,ADNI1;ADNI2;ADNI3;ADNI4;ADNIGO,Total Intrusions,N,,,,,1,0,True,numeric,median_impute+missing_indicator+standardize,cognitive_item_or_measure,confirmed,dictionary_consistent_with_candidate_schema,,False,5,14,5,True,0,False,0,0,0,0,0,0,0,0,0,True,1,0,1,True,0.1.0,False,approved_for_support_pilot,dictionary_domain_and_observed_phase_semantics_are_compatible_in_training,not_assessable_no_code_dictionary,False,not_applicable_numeric_without_coded_domain,consistent,consistent,8599,1832,True,numeric,median_impute+missing_indicator+standardize,cognitive_item_or_measure,approved,benchmark04b_semantic_audit_approved,identity,False,False,8599.0,1832.0,0,0,0,0,True,True,True,0.1.2,True,2|10|30|50|100,1413,True,True,True,True,True,1.0.0,True,benchmark04e_freeze_feature_schema,acfd34080ed60c0a6f59,True,numeric,median_impute+missing_indicator+standardize,cognitive_item_or_measure,identity,50,distinct_fit_participants_with_observed_original_feature,recomputed_per_scenario_and_per_temporal_block_on_fit_data,False,True,True,remove_if_support_lt_50_or_all_missing_or_effectively_constant_in_fit,True,retained_at_50_in_snapshot_all_train_reference,Semantically authorized. Apply the frozen support rule independently within each scenario and temporal block using fit participants only.
NEUROBAT,visit,23,AVTOT4,NEUROBAT__AVTOT4,True,numeric,median_impute+missing_indicator+standardize,cognitive_item_or_measure,cognitive_instrument_semantic_rule,automatic_proposal,,current_and_previous_blocks_evaluated_independently,50,distinct_fit_participants_with_observed_original_feature,recomputed_per_scenario_and_per_temporal_block_on_fit_data,remove_if_support_lt_50_or_all_missing_or_effectively_constant_in_fit,1413,True,0.6364991799612345,16,False,False,False,categorical_numeric_code_candidate,one_hot_or_numeric_review,numeric_looking_code_requires_semantic_review,True,numeric,median_impute+missing_indicator+standardize,cognitive_item_or_measure,documented_score_count_time_year_or_total_with_stable_type_and_unit+training_values_pass_type_domain_check,semantic_support_candidate_not_official_v0.1.2,matched,5,ADNI1;ADNI2;ADNI3;ADNI4;ADNIGO,Trial 4 Total,N,0..15,,,,1,1,True,numeric,median_impute+missing_indicator+standardize,cognitive_item_or_measure,confirmed,dictionary_consistent_with_candidate_schema,,False,5,16,5,True,0,True,78,0,0,0,31,2584,944,0,0,True,1,0,1,False,0.1.0,False,manual_review_unassessable_phase_domain,one_or_more_observed_phases_have_no_parseable_dictionary_domain,observed_code_semantics_phase_compatible,False,observed_values_unassessable_in_one_or_more_phases,consistent,consistent,8603,1837,True,numeric,median_impute+missing_indicator+standardize,cognitive_item_or_measure,approved,documented_score_count_time_year_or_total_with_stable_type_and_unit+training_values_pass_type_domain_check,numeric_identity,False,False,8603.0,1837.0,0,0,0,0,True,True,True,0.1.2,True,2|10|30|50|100,1413,True,True,True,True,True,1.0.0,True,benchmark04e_freeze_feature_schema,acfd34080ed60c0a6f59,True,numeric,median_impute+missing_indicator+standardize,cognitive_item_or_measure,numeric_identity,50,distinct_fit_participants_with_observed_original_feature,recomputed_per_scenario_and_per_temporal_block_on_fit_data,False,True,True,remove_if_support_lt_50_or_all_missing_or_effectively_constant_in_fit,True,retained_at_50_in_snapshot_all_train_reference,Semantically authorized. Apply the frozen support rule independently within each scenario and temporal block using fit participants only.
NEUROBAT,visit,24,AVERR4,NEUROBAT__AVERR4,True,numeric,median_impute+missing_indicator+standardize,cognitive_item_or_measure,cognitive_instrument_semantic_rule,automatic_proposal,,current_and_previous_blocks_evaluated_independently,50,distinct_fit_participants_with_observed_original_feature,recomputed_per_scenario_and_per_temporal_block_on_fit_data,remove_if_support_lt_50_or_all_missing_or_effectively_constant_in_fit,1412,True,0.6360518860891605,13,False,False,False,categorical_numeric_code_candidate,one_hot_or_numeric_review,numeric_looking_code_requires_semantic_review,True,numeric,median_impute+missing_indicator+standardize,cognitive_item_or_measure,benchmark04b_semantic_audit_approved,semantic_support_candidate_not_official_v0.1.2,matched,5,ADNI1;ADNI2;ADNI3;ADNI4;ADNIGO,Total Intrusions,N,,,,,1,0,True,numeric,median_impute+missing_indicator+standardize,cognitive_item_or_measure,confirmed,dictionary_consistent_with_candidate_schema,,False,5,13,5,True,0,False,0,0,0,0,0,0,0,0,0,True,1,0,1,True,0.1.0,False,approved_for_support_pilot,dictionary_domain_and_observed_phase_semantics_are_compatible_in_training,not_assessable_no_code_dictionary,False,not_applicable_numeric_without_coded_domain,consistent,consistent,8590,1831,True,numeric,median_impute+missing_indicator+standardize,cognitive_item_or_measure,approved,benchmark04b_semantic_audit_approved,identity,False,False,8590.0,1831.0,0,0,0,0,True,True,True,0.1.2,True,2|10|30|50|100,1412,True,True,True,True,True,1.0.0,True,benchmark04e_freeze_feature_schema,acfd34080ed60c0a6f59,True,numeric,median_impute+missing_indicator+standardize,cognitive_item_or_measure,identity,50,distinct_fit_participants_with_observed_original_feature,recomputed_per_scenario_and_per_temporal_block_on_fit_data,False,True,True,remove_if_support_lt_50_or_all_missing_or_effectively_constant_in_fit,True,retained_at_50_in_snapshot_all_train_reference,Semantically authorized. Apply the frozen support rule independently within each scenario and temporal block using fit participants only.
NEUROBAT,visit,25,AVTOT5,NEUROBAT__AVTOT5,True,numeric,median_impute+missing_indicator+standardize,cognitive_item_or_measure,cognitive_instrument_semantic_rule,automatic_proposal,,current_and_previous_blocks_evaluated_independently,50,distinct_fit_participants_with_observed_original_feature,recomputed_per_scenario_and_per_temporal_block_on_fit_data,remove_if_support_lt_50_or_all_missing_or_effectively_constant_in_fit,1413,True,0.6362009840465186,16,False,False,False,categorical_numeric_code_candidate,one_hot_or_numeric_review,numeric_looking_code_requires_semantic_review,True,numeric,median_impute+missing_indicator+standardize,cognitive_item_or_measure,documented_score_count_time_year_or_total_with_stable_type_and_unit+training_values_pass_type_domain_check,semantic_support_candidate_not_official_v0.1.2,matched,5,ADNI1;ADNI2;ADNI3;ADNI4;ADNIGO,Trial 5 Total,N,0..15,,,,1,1,True,numeric,median_impute+missing_indicator+standardize,cognitive_item_or_measure,confirmed,dictionary_consistent_with_candidate_schema,,False,5,16,5,True,0,True,80,0,0,0,32,2584,944,0,0,True,1,0,1,False,0.1.0,False,manual_review_unassessable_phase_domain,one_or_more_observed_phases_have_no_parseable_dictionary_domain,observed_code_semantics_phase_compatible,False,observed_values_unassessable_in_one_or_more_phases,consistent,consistent,8599,1836,True,numeric,median_impute+missing_indicator+standardize,cognitive_item_or_measure,approved,documented_score_count_time_year_or_total_with_stable_type_and_unit+training_values_pass_type_domain_check,numeric_identity,False,False,8599.0,1836.0,0,0,0,0,True,True,True,0.1.2,True,2|10|30|50|100,1413,True,True,True,True,True,1.0.0,True,benchmark04e_freeze_feature_schema,acfd34080ed60c0a6f59,True,numeric,median_impute+missing_indicator+standardize,cognitive_item_or_measure,numeric_identity,50,distinct_fit_participants_with_observed_original_feature,recomputed_per_scenario_and_per_temporal_block_on_fit_data,False,True,True,remove_if_support_lt_50_or_all_missing_or_effectively_constant_in_fit,True,retained_at_50_in_snapshot_all_train_reference,Semantically authorized. Apply the frozen support rule independently within each scenario and temporal block using fit participants only.
NEUROBAT,visit,26,AVERR5,NEUROBAT__AVERR5,True,numeric,median_impute+missing_indicator+standardize,cognitive_item_or_measure,cognitive_instrument_semantic_rule,automatic_proposal,,current_and_previous_blocks_evaluated_independently,50,distinct_fit_participants_with_observed_original_feature,recomputed_per_scenario_and_per_temporal_block_on_fit_data,remove_if_support_lt_50_or_all_missing_or_effectively_constant_in_fit,1412,True,0.6357536901744446,13,False,False,False,categorical_numeric_code_candidate,one_hot_or_numeric_review,numeric_looking_code_requires_semantic_review,True,numeric,median_impute+missing_indicator+standardize,cognitive_item_or_measure,benchmark04b_semantic_audit_approved,semantic_support_candidate_not_official_v0.1.2,matched,5,ADNI1;ADNI2;ADNI3;ADNI4;ADNIGO,Total Intrusions,N,,,,,1,0,True,numeric,median_impute+missing_indicator+standardize,cognitive_item_or_measure,confirmed,dictionary_consistent_with_candidate_schema,,False,5,13,5,True,0,False,0,0,0,0,0,0,0,0,0,True,1,0,1,True,0.1.0,False,approved_for_support_pilot,dictionary_domain_and_observed_phase_semantics_are_compatible_in_training,not_assessable_no_code_dictionary,False,not_applicable_numeric_without_coded_domain,consistent,consistent,8588,1831,True,numeric,median_impute+missing_indicator+standardize,cognitive_item_or_measure,approved,benchmark04b_semantic_audit_approved,identity,False,False,8588.0,1831.0,0,0,0,0,True,True,True,0.1.2,True,2|10|30|50|100,1412,True,True,True,True,True,1.0.0,True,benchmark04e_freeze_feature_schema,acfd34080ed60c0a6f59,True,numeric,median_impute+missing_indicator+standardize,cognitive_item_or_measure,identity,50,distinct_fit_participants_with_observed_original_feature,recomputed_per_scenario_and_per_temporal_block_on_fit_data,False,True,True,remove_if_support_lt_50_or_all_missing_or_effectively_constant_in_fit,True,retained_at_50_in_snapshot_all_train_reference,Semantically authorized. Apply the frozen support rule independently within each scenario and temporal block using fit participants only.
NEUROBAT,visit,27,AVTOT6,NEUROBAT__AVTOT6,True,numeric,median_impute+missing_indicator+standardize,cognitive_item_or_measure,cognitive_instrument_semantic_rule,automatic_proposal,,current_and_previous_blocks_evaluated_independently,50,distinct_fit_participants_with_observed_original_feature,recomputed_per_scenario_and_per_temporal_block_on_fit_data,remove_if_support_lt_50_or_all_missing_or_effectively_constant_in_fit,1412,True,0.6347100044729387,16,False,False,False,categorical_numeric_code_candidate,one_hot_or_numeric_review,numeric_looking_code_requires_semantic_review,True,numeric,median_impute+missing_indicator+standardize,cognitive_item_or_measure,documented_score_count_time_year_or_total_with_stable_type_and_unit+training_values_pass_type_domain_check,semantic_support_candidate_not_official_v0.1.2,matched,5,ADNI1;ADNI2;ADNI3;ADNI4;ADNIGO,Trial 6 Total,N,0..15,,,,1,1,True,numeric,median_impute+missing_indicator+standardize,cognitive_item_or_measure,confirmed,dictionary_consistent_with_candidate_schema,,False,5,16,5,True,0,True,80,0,0,0,32,2577,941,0,0,True,1,0,1,False,0.1.0,False,manual_review_unassessable_phase_domain,one_or_more_observed_phases_have_no_parseable_dictionary_domain,observed_code_semantics_phase_compatible,False,observed_values_unassessable_in_one_or_more_phases,consistent,consistent,8579,1834,True,numeric,median_impute+missing_indicator+standardize,cognitive_item_or_measure,approved,documented_score_count_time_year_or_total_with_stable_type_and_unit+training_values_pass_type_domain_check,numeric_identity,False,False,8579.0,1834.0,0,0,0,0,True,True,True,0.1.2,True,2|10|30|50|100,1412,True,True,True,True,True,1.0.0,True,benchmark04e_freeze_feature_schema,acfd34080ed60c0a6f59,True,numeric,median_impute+missing_indicator+standardize,cognitive_item_or_measure,numeric_identity,50,distinct_fit_participants_with_observed_original_feature,recomputed_per_scenario_and_per_temporal_block_on_fit_data,False,True,True,remove_if_support_lt_50_or_all_missing_or_effectively_constant_in_fit,True,retained_at_50_in_snapshot_all_train_reference,Semantically authorized. Apply the frozen support rule independently within each scenario and temporal block using fit participants only.
NEUROBAT,visit,28,AVERR6,NEUROBAT__AVERR6,True,numeric,median_impute+missing_indicator+standardize,cognitive_item_or_measure,cognitive_instrument_semantic_rule,automatic_proposal,,current_and_previous_blocks_evaluated_independently,50,distinct_fit_participants_with_observed_original_feature,recomputed_per_scenario_and_per_temporal_block_on_fit_data,remove_if_support_lt_50_or_all_missing_or_effectively_constant_in_fit,1411,True,0.6341136126435067,12,False,False,False,categorical_numeric_code_candidate,one_hot_or_numeric_review,numeric_looking_code_requires_semantic_review,True,numeric,median_impute+missing_indicator+standardize,cognitive_item_or_measure,benchmark04b_semantic_audit_approved,semantic_support_candidate_not_official_v0.1.2,matched,5,ADNI1;ADNI2;ADNI3;ADNI4;ADNIGO,Total Intrusions,N,,,,,1,0,True,numeric,median_impute+missing_indicator+standardize,cognitive_item_or_measure,confirmed,dictionary_consistent_with_candidate_schema,,False,5,15,5,True,0,False,0,0,0,0,0,0,0,0,0,True,1,0,1,True,0.1.0,False,approved_for_support_pilot,dictionary_domain_and_observed_phase_semantics_are_compatible_in_training,not_assessable_no_code_dictionary,False,not_applicable_numeric_without_coded_domain,consistent,consistent,8566,1830,True,numeric,median_impute+missing_indicator+standardize,cognitive_item_or_measure,approved,benchmark04b_semantic_audit_approved,identity,False,False,8566.0,1830.0,0,0,0,0,True,True,True,0.1.2,True,2|10|30|50|100,1411,True,True,True,True,True,1.0.0,True,benchmark04e_freeze_feature_schema,acfd34080ed60c0a6f59,True,numeric,median_impute+missing_indicator+standardize,cognitive_item_or_measure,identity,50,distinct_fit_participants_with_observed_original_feature,recomputed_per_scenario_and_per_temporal_block_on_fit_data,False,True,True,remove_if_support_lt_50_or_all_missing_or_effectively_constant_in_fit,True,retained_at_50_in_snapshot_all_train_reference,Semantically authorized. Apply the frozen support rule independently within each scenario and temporal block using fit participants only.
NEUROBAT,visit,29,AVTOTB,NEUROBAT__AVTOTB,True,numeric,median_impute+missing_indicator+standardize,cognitive_item_or_measure,cognitive_instrument_semantic_rule,automatic_proposal,,current_and_previous_blocks_evaluated_independently,50,distinct_fit_participants_with_observed_original_feature,recomputed_per_scenario_and_per_temporal_block_on_fit_data,remove_if_support_lt_50_or_all_missing_or_effectively_constant_in_fit,1413,True,0.6360518860891605,16,False,False,False,categorical_numeric_code_candidate,one_hot_or_numeric_review,numeric_looking_code_requires_semantic_review,True,numeric,median_impute+missing_indicator+standardize,cognitive_item_or_measure,documented_score_count_time_year_or_total_with_stable_type_and_unit+training_values_pass_type_domain_check,semantic_support_candidate_not_official_v0.1.2,matched,5,ADNI1;ADNI2;ADNI3;ADNI4;ADNIGO,List B Total,N,0..15,,,,1,1,True,numeric,median_impute+missing_indicator+standardize,cognitive_item_or_measure,confirmed,dictionary_consistent_with_candidate_schema,,False,5,16,5,True,0,True,69,0,0,0,27,2581,944,0,0,True,1,0,1,False,0.1.0,False,manual_review_unassessable_phase_domain,one_or_more_observed_phases_have_no_parseable_dictionary_domain,observed_code_semantics_phase_compatible,False,observed_values_unassessable_in_one_or_more_phases,consistent,consistent,8594,1836,True,numeric,median_impute+missing_indicator+standardize,cognitive_item_or_measure,approved,documented_score_count_time_year_or_total_with_stable_type_and_unit+training_values_pass_type_domain_check,numeric_identity,False,False,8594.0,1836.0,0,0,0,0,True,True,True,0.1.2,True,2|10|30|50|100,1413,True,True,True,True,True,1.0.0,True,benchmark04e_freeze_feature_schema,acfd34080ed60c0a6f59,True,numeric,median_impute+missing_indicator+standardize,cognitive_item_or_measure,numeric_identity,50,distinct_fit_participants_with_observed_original_feature,recomputed_per_scenario_and_per_temporal_block_on_fit_data,False,True,True,remove_if_support_lt_50_or_all_missing_or_effectively_constant_in_fit,True,retained_at_50_in_snapshot_all_train_reference,Semantically authorized. Apply the frozen support rule independently within each scenario and temporal block using fit participants only.
NEUROBAT,visit,30,AVERRB,NEUROBAT__AVERRB,True,numeric,median_impute+missing_indicator+standardize,cognitive_item_or_measure,cognitive_instrument_semantic_rule,automatic_proposal,,current_and_previous_blocks_evaluated_independently,50,distinct_fit_participants_with_observed_original_feature,recomputed_per_scenario_and_per_temporal_block_on_fit_data,remove_if_support_lt_50_or_all_missing_or_effectively_constant_in_fit,1413,True,0.6357536901744446,11,False,False,False,categorical_numeric_code_candidate,one_hot_or_numeric_review,numeric_looking_code_requires_semantic_review,True,numeric,median_impute+missing_indicator+standardize,cognitive_item_or_measure,benchmark04b_semantic_audit_approved,semantic_support_candidate_not_official_v0.1.2,matched,5,ADNI1;ADNI2;ADNI3;ADNI4;ADNIGO,Total Intrusions,N,,,,,1,0,True,numeric,median_impute+missing_indicator+standardize,cognitive_item_or_measure,confirmed,dictionary_consistent_with_candidate_schema,,False,5,13,5,True,0,False,0,0,0,0,0,0,0,0,0,True,1,0,1,True,0.1.0,False,approved_for_support_pilot,dictionary_domain_and_observed_phase_semantics_are_compatible_in_training,not_assessable_no_code_dictionary,False,not_applicable_numeric_without_coded_domain,consistent,consistent,8582,1831,True,numeric,median_impute+missing_indicator+standardize,cognitive_item_or_measure,approved,benchmark04b_semantic_audit_approved,identity,False,False,8582.0,1831.0,0,0,0,0,True,True,True,0.1.2,True,2|10|30|50|100,1413,True,True,True,True,True,1.0.0,True,benchmark04e_freeze_feature_schema,acfd34080ed60c0a6f59,True,numeric,median_impute+missing_indicator+standardize,cognitive_item_or_measure,identity,50,distinct_fit_participants_with_observed_original_feature,recomputed_per_scenario_and_per_temporal_block_on_fit_data,False,True,True,remove_if_support_lt_50_or_all_missing_or_effectively_constant_in_fit,True,retained_at_50_in_snapshot_all_train_reference,Semantically authorized. Apply the frozen support rule independently within each scenario and temporal block using fit participants only.
NEUROBAT,visit,31,AVENDED,NEUROBAT__AVENDED,True,numeric,median_impute+missing_indicator+standardize,cognitive_item_or_measure,cognitive_instrument_semantic_rule,automatic_proposal,,current_and_previous_blocks_evaluated_independently,50,distinct_fit_participants_with_observed_original_feature,recomputed_per_scenario_and_per_temporal_block_on_fit_data,remove_if_support_lt_50_or_all_missing_or_effectively_constant_in_fit,642,True,0.1926345609065155,375,False,False,False,numeric_candidate,numeric_median_imputation,,True,numeric,median_impute+missing_indicator+standardize,cognitive_item_or_measure,benchmark04b_semantic_audit_approved,semantic_support_candidate_not_official_v0.1.2,matched,3,ADNI2;ADNI3;ADNI4,AVLT Time Trial B Ended,T,,HHMM,,,1,0,True,numeric,median_impute+missing_indicator+standardize,cognitive_item_or_measure,confirmed,dictionary_consistent_with_candidate_schema,,False,3,438,3,True,0,False,0,0,0,0,0,0,0,0,0,True,1,1,1,True,0.1.0,False,approved_for_support_pilot,dictionary_domain_and_observed_phase_semantics_are_compatible_in_training,not_assessable_no_code_dictionary,False,not_applicable_numeric_without_coded_domain,consistent,consistent,3290,1152,True,numeric,median_impute+missing_indicator+standardize,cognitive_item_or_measure,approved,benchmark04b_semantic_audit_approved,identity,False,False,3290.0,1152.0,0,0,0,0,True,True,True,0.1.2,True,2|10|30|50|100,642,True,True,True,True,True,1.0.0,True,benchmark04e_freeze_feature_schema,acfd34080ed60c0a6f59,True,numeric,median_impute+missing_indicator+standardize,cognitive_item_or_measure,identity,50,distinct_fit_participants_with_observed_original_feature,recomputed_per_scenario_and_per_temporal_block_on_fit_data,False,True,True,remove_if_support_lt_50_or_all_missing_or_effectively_constant_in_fit,True,retained_at_50_in_snapshot_all_train_reference,Semantically authorized. Apply the frozen support rule independently within each scenario and temporal block using fit participants only.
NEUROBAT,visit,32,DSPANFOR,NEUROBAT__DSPANFOR,True,numeric,median_impute+missing_indicator+standardize,cognitive_item_or_measure,cognitive_instrument_semantic_rule,automatic_proposal,,current_and_previous_blocks_evaluated_independently,50,distinct_fit_participants_with_observed_original_feature,recomputed_per_scenario_and_per_temporal_block_on_fit_data,remove_if_support_lt_50_or_all_missing_or_effectively_constant_in_fit,512,True,0.2349783807961831,13,False,False,False,categorical_numeric_code_candidate,one_hot_or_numeric_review,numeric_looking_code_requires_semantic_review,True,numeric,median_impute+missing_indicator+standardize,cognitive_item_or_measure,benchmark04b_semantic_audit_approved,semantic_support_candidate_not_official_v0.1.2,matched,1,ADNI1,Forward: Total Correct,N,0..12,,,,1,1,True,numeric,median_impute+missing_indicator+standardize,cognitive_item_or_measure,confirmed,dictionary_consistent_with_candidate_schema,,False,1,13,1,True,0,True,13,0,0,0,0,0,0,0,0,True,1,0,1,True,0.1.0,False,approved_for_support_pilot,dictionary_domain_and_observed_phase_semantics_are_compatible_in_training,single_observed_phase,False,all_observed_values_documented,consistent,consistent,2580,544,True,numeric,median_impute+missing_indicator+standardize,cognitive_item_or_measure,approved,benchmark04b_semantic_audit_approved,identity,False,False,2580.0,544.0,0,0,0,0,True,True,True,0.1.2,True,2|10|30|50|100,512,True,True,True,True,True,1.0.0,True,benchmark04e_freeze_feature_schema,acfd34080ed60c0a6f59,True,numeric,median_impute+missing_indicator+standardize,cognitive_item_or_measure,identity,50,distinct_fit_participants_with_observed_original_feature,recomputed_per_scenario_and_per_temporal_block_on_fit_data,False,True,True,remove_if_support_lt_50_or_all_missing_or_effectively_constant_in_fit,True,retained_at_50_in_snapshot_all_train_reference,Semantically authorized. Apply the frozen support rule independently within each scenario and temporal block using fit participants only.
NEUROBAT,visit,33,DSPANFLTH,NEUROBAT__DSPANFLTH,True,numeric,median_impute+missing_indicator+standardize,cognitive_item_or_measure,cognitive_instrument_semantic_rule,automatic_proposal,,current_and_previous_blocks_evaluated_independently,50,distinct_fit_participants_with_observed_original_feature,recomputed_per_scenario_and_per_temporal_block_on_fit_data,remove_if_support_lt_50_or_all_missing_or_effectively_constant_in_fit,512,True,0.2348292828388251,6,False,False,False,categorical_numeric_code_candidate,one_hot_or_numeric_review,numeric_looking_code_requires_semantic_review,True,numeric,median_impute+missing_indicator+standardize,cognitive_item_or_measure,benchmark04b_semantic_audit_approved,semantic_support_candidate_not_official_v0.1.2,matched,1,ADNI1,Forward: Length,N,3..8,,,,1,1,True,numeric,median_impute+missing_indicator+standardize,cognitive_item_or_measure,confirmed,dictionary_consistent_with_candidate_schema,,False,1,6,1,True,0,True,6,0,0,0,0,0,0,0,0,True,1,0,1,True,0.1.0,False,approved_for_support_pilot,dictionary_domain_and_observed_phase_semantics_are_compatible_in_training,single_observed_phase,False,all_observed_values_documented,consistent,consistent,2577,544,True,numeric,median_impute+missing_indicator+standardize,cognitive_item_or_measure,approved,benchmark04b_semantic_audit_approved,identity,False,False,2577.0,544.0,0,0,0,0,True,True,True,0.1.2,True,2|10|30|50|100,512,True,True,True,True,True,1.0.0,True,benchmark04e_freeze_feature_schema,acfd34080ed60c0a6f59,True,numeric,median_impute+missing_indicator+standardize,cognitive_item_or_measure,identity,50,distinct_fit_participants_with_observed_original_feature,recomputed_per_scenario_and_per_temporal_block_on_fit_data,False,True,True,remove_if_support_lt_50_or_all_missing_or_effectively_constant_in_fit,True,retained_at_50_in_snapshot_all_train_reference,Semantically authorized. Apply the frozen support rule independently within each scenario and temporal block using fit participants only.
NEUROBAT,visit,34,DSPANBAC,NEUROBAT__DSPANBAC,True,numeric,median_impute+missing_indicator+standardize,cognitive_item_or_measure,cognitive_instrument_semantic_rule,automatic_proposal,,current_and_previous_blocks_evaluated_independently,50,distinct_fit_participants_with_observed_original_feature,recomputed_per_scenario_and_per_temporal_block_on_fit_data,remove_if_support_lt_50_or_all_missing_or_effectively_constant_in_fit,508,True,0.2330401073505293,12,False,False,False,categorical_numeric_code_candidate,one_hot_or_numeric_review,numeric_looking_code_requires_semantic_review,True,numeric,median_impute+missing_indicator+standardize,cognitive_item_or_measure,benchmark04b_semantic_audit_approved,semantic_support_candidate_not_official_v0.1.2,matched,1,ADNI1,Backward: Total Correct,N,0..12,,,,1,1,True,numeric,median_impute+missing_indicator+standardize,cognitive_item_or_measure,confirmed,dictionary_consistent_with_candidate_schema,,False,1,12,1,True,0,True,12,0,0,0,0,0,0,0,0,True,1,0,1,True,0.1.0,False,approved_for_support_pilot,dictionary_domain_and_observed_phase_semantics_are_compatible_in_training,single_observed_phase,False,all_observed_values_documented,consistent,consistent,2554,543,True,numeric,median_impute+missing_indicator+standardize,cognitive_item_or_measure,approved,benchmark04b_semantic_audit_approved,identity,False,False,2554.0,543.0,0,0,0,0,True,True,True,0.1.2,True,2|10|30|50|100,508,True,True,True,True,True,1.0.0,True,benchmark04e_freeze_feature_schema,acfd34080ed60c0a6f59,True,numeric,median_impute+missing_indicator+standardize,cognitive_item_or_measure,identity,50,distinct_fit_participants_with_observed_original_feature,recomputed_per_scenario_and_per_temporal_block_on_fit_data,False,True,True,remove_if_support_lt_50_or_all_missing_or_effectively_constant_in_fit,True,retained_at_50_in_snapshot_all_train_reference,Semantically authorized. Apply the frozen support rule independently within each scenario and temporal block using fit participants only.
NEUROBAT,visit,35,DSPANBLTH,NEUROBAT__DSPANBLTH,True,numeric,median_impute+missing_indicator+standardize,cognitive_item_or_measure,cognitive_instrument_semantic_rule,automatic_proposal,,current_and_previous_blocks_evaluated_independently,50,distinct_fit_participants_with_observed_original_feature,recomputed_per_scenario_and_per_temporal_block_on_fit_data,remove_if_support_lt_50_or_all_missing_or_effectively_constant_in_fit,508,True,0.2330401073505293,6,False,False,False,categorical_numeric_code_candidate,one_hot_or_numeric_review,numeric_looking_code_requires_semantic_review,True,numeric,median_impute+missing_indicator+standardize,cognitive_item_or_measure,benchmark04b_semantic_audit_approved,semantic_support_candidate_not_official_v0.1.2,matched,1,ADNI1,Backward: Length,N,2..7,,,,1,1,True,numeric,median_impute+missing_indicator+standardize,cognitive_item_or_measure,confirmed,dictionary_consistent_with_candidate_schema,,False,1,6,1,True,0,True,6,0,0,0,0,0,0,0,0,True,1,0,1,True,0.1.0,False,approved_for_support_pilot,dictionary_domain_and_observed_phase_semantics_are_compatible_in_training,single_observed_phase,False,all_observed_values_documented,consistent,consistent,2554,543,True,numeric,median_impute+missing_indicator+standardize,cognitive_item_or_measure,approved,benchmark04b_semantic_audit_approved,identity,False,False,2554.0,543.0,0,0,0,0,True,True,True,0.1.2,True,2|10|30|50|100,508,True,True,True,True,True,1.0.0,True,benchmark04e_freeze_feature_schema,acfd34080ed60c0a6f59,True,numeric,median_impute+missing_indicator+standardize,cognitive_item_or_measure,identity,50,distinct_fit_participants_with_observed_original_feature,recomputed_per_scenario_and_per_temporal_block_on_fit_data,False,True,True,remove_if_support_lt_50_or_all_missing_or_effectively_constant_in_fit,True,retained_at_50_in_snapshot_all_train_reference,Semantically authorized. Apply the frozen support rule independently within each scenario and temporal block using fit participants only.
NEUROBAT,visit,36,CATANIMSC,NEUROBAT__CATANIMSC,True,numeric,median_impute+missing_indicator+standardize,cognitive_item_or_measure,cognitive_instrument_semantic_rule,automatic_proposal,,current_and_previous_blocks_evaluated_independently,50,distinct_fit_participants_with_observed_original_feature,recomputed_per_scenario_and_per_temporal_block_on_fit_data,remove_if_support_lt_50_or_all_missing_or_effectively_constant_in_fit,1417,True,0.6397793350231101,42,False,False,False,numeric_candidate,numeric_median_imputation,,True,numeric,median_impute+missing_indicator+standardize,cognitive_item_or_measure,documented_score_count_time_year_or_total_with_stable_type_and_unit+training_values_pass_type_domain_check,semantic_support_candidate_not_official_v0.1.2,matched,5,ADNI1;ADNI2;ADNI3;ADNI4;ADNIGO,Category Fluency (Animals) - Total Correct,N,0..77,,,,1,1,True,numeric,median_impute+missing_indicator+standardize,cognitive_item_or_measure,confirmed,dictionary_consistent_with_candidate_schema,,False,5,43,5,True,0,True,186,0,0,0,74,2599,946,0,0,True,1,0,1,False,0.1.0,False,manual_review_unassessable_phase_domain,one_or_more_observed_phases_have_no_parseable_dictionary_domain,observed_code_semantics_phase_compatible,False,observed_values_unassessable_in_one_or_more_phases,consistent,consistent,8652,1838,True,numeric,median_impute+missing_indicator+standardize,cognitive_item_or_measure,approved,documented_score_count_time_year_or_total_with_stable_type_and_unit+training_values_pass_type_domain_check,numeric_identity,False,False,8652.0,1838.0,0,0,0,0,True,True,True,0.1.2,True,2|10|30|50|100,1417,True,True,True,True,True,1.0.0,True,benchmark04e_freeze_feature_schema,acfd34080ed60c0a6f59,True,numeric,median_impute+missing_indicator+standardize,cognitive_item_or_measure,numeric_identity,50,distinct_fit_participants_with_observed_original_feature,recomputed_per_scenario_and_per_temporal_block_on_fit_data,False,True,True,remove_if_support_lt_50_or_all_missing_or_effectively_constant_in_fit,True,retained_at_50_in_snapshot_all_train_reference,Semantically authorized. Apply the frozen support rule independently within each scenario and temporal block using fit participants only.
NEUROBAT,visit,37,CATANPERS,NEUROBAT__CATANPERS,True,numeric,median_impute+missing_indicator+standardize,cognitive_item_or_measure,cognitive_instrument_semantic_rule,automatic_proposal,,current_and_previous_blocks_evaluated_independently,50,distinct_fit_participants_with_observed_original_feature,recomputed_per_scenario_and_per_temporal_block_on_fit_data,remove_if_support_lt_50_or_all_missing_or_effectively_constant_in_fit,1417,True,0.6393320411510363,16,False,False,False,categorical_numeric_code_candidate,one_hot_or_numeric_review,numeric_looking_code_requires_semantic_review,True,numeric,median_impute+missing_indicator+standardize,cognitive_item_or_measure,documented_score_count_time_year_or_total_with_stable_type_and_unit+training_values_pass_type_domain_check,semantic_support_candidate_not_official_v0.1.2,matched,5,ADNI1;ADNI2;ADNI3;ADNI4;ADNIGO,Category Fluency (Animals) - Perseverations,N,0..77,,,,1,1,True,numeric,median_impute+missing_indicator+standardize,cognitive_item_or_measure,confirmed,dictionary_consistent_with_candidate_schema,,False,5,20,5,True,0,True,61,0,0,0,22,2596,945,0,0,True,1,0,1,False,0.1.0,False,manual_review_unassessable_phase_domain,one_or_more_observed_phases_have_no_parseable_dictionary_domain,observed_code_semantics_phase_compatible,False,observed_values_unassessable_in_one_or_more_phases,consistent,consistent,8648,1838,True,numeric,median_impute+missing_indicator+standardize,cognitive_item_or_measure,approved,documented_score_count_time_year_or_total_with_stable_type_and_unit+training_values_pass_type_domain_check,numeric_identity,False,False,8648.0,1838.0,0,0,0,0,True,True,True,0.1.2,True,2|10|30|50|100,1417,True,True,True,True,True,1.0.0,True,benchmark04e_freeze_feature_schema,acfd34080ed60c0a6f59,True,numeric,median_impute+missing_indicator+standardize,cognitive_item_or_measure,numeric_identity,50,distinct_fit_participants_with_observed_original_feature,recomputed_per_scenario_and_per_temporal_block_on_fit_data,False,True,True,remove_if_support_lt_50_or_all_missing_or_effectively_constant_in_fit,True,retained_at_50_in_snapshot_all_train_reference,Semantically authorized. Apply the frozen support rule independently within each scenario and temporal block using fit participants only.
NEUROBAT,visit,38,CATANINTR,NEUROBAT__CATANINTR,True,numeric,median_impute+missing_indicator+standardize,cognitive_item_or_measure,cognitive_instrument_semantic_rule,automatic_proposal,,current_and_previous_blocks_evaluated_independently,50,distinct_fit_participants_with_observed_original_feature,recomputed_per_scenario_and_per_temporal_block_on_fit_data,remove_if_support_lt_50_or_all_missing_or_effectively_constant_in_fit,1416,True,0.6393320411510363,10,False,False,False,categorical_numeric_code_candidate,one_hot_or_numeric_review,numeric_looking_code_requires_semantic_review,True,numeric,median_impute+missing_indicator+standardize,cognitive_item_or_measure,documented_score_count_time_year_or_total_with_stable_type_and_unit+training_values_pass_type_domain_check,semantic_support_candidate_not_official_v0.1.2,matched,5,ADNI1;ADNI2;ADNI3;ADNI4;ADNIGO,Category Fluency (Animals) - Intrusions,N,0..77,,,,1,1,True,numeric,median_impute+missing_indicator+standardize,cognitive_item_or_measure,confirmed,dictionary_consistent_with_candidate_schema,,False,5,14,5,True,0,True,34,0,0,0,14,2595,946,0,0,True,1,0,1,False,0.1.0,False,manual_review_unassessable_phase_domain,one_or_more_observed_phases_have_no_parseable_dictionary_domain,observed_code_semantics_phase_compatible,False,observed_values_unassessable_in_one_or_more_phases,consistent,consistent,8648,1838,True,numeric,median_impute+missing_indicator+standardize,cognitive_item_or_measure,approved,documented_score_count_time_year_or_total_with_stable_type_and_unit+training_values_pass_type_domain_check,numeric_identity,False,False,8648.0,1838.0,0,0,0,0,True,True,True,0.1.2,True,2|10|30|50|100,1416,True,True,True,True,True,1.0.0,True,benchmark04e_freeze_feature_schema,acfd34080ed60c0a6f59,True,numeric,median_impute+missing_indicator+standardize,cognitive_item_or_measure,numeric_identity,50,distinct_fit_participants_with_observed_original_feature,recomputed_per_scenario_and_per_temporal_block_on_fit_data,False,True,True,remove_if_support_lt_50_or_all_missing_or_effectively_constant_in_fit,True,retained_at_50_in_snapshot_all_train_reference,Semantically authorized. Apply the frozen support rule independently within each scenario and temporal block using fit participants only.
NEUROBAT,visit,39,CATVEGESC,NEUROBAT__CATVEGESC,True,numeric,median_impute+missing_indicator+standardize,cognitive_item_or_measure,cognitive_instrument_semantic_rule,automatic_proposal,,current_and_previous_blocks_evaluated_independently,50,distinct_fit_participants_with_observed_original_feature,recomputed_per_scenario_and_per_temporal_block_on_fit_data,remove_if_support_lt_50_or_all_missing_or_effectively_constant_in_fit,512,True,0.2348292828388251,29,False,False,False,numeric_candidate,numeric_median_imputation,,True,numeric,median_impute+missing_indicator+standardize,cognitive_item_or_measure,benchmark04b_semantic_audit_approved,semantic_support_candidate_not_official_v0.1.2,matched,1,ADNI1,Category Fluency (Vegetables) - Total Correct,N,0..77,,,,1,1,True,numeric,median_impute+missing_indicator+standardize,cognitive_item_or_measure,confirmed,dictionary_consistent_with_candidate_schema,,False,1,29,1,True,0,True,29,0,0,0,0,0,0,0,0,True,1,0,1,True,0.1.0,False,approved_for_support_pilot,dictionary_domain_and_observed_phase_semantics_are_compatible_in_training,single_observed_phase,False,all_observed_values_documented,consistent,consistent,2579,544,True,numeric,median_impute+missing_indicator+standardize,cognitive_item_or_measure,approved,benchmark04b_semantic_audit_approved,identity,False,False,2579.0,544.0,0,0,0,0,True,True,True,0.1.2,True,2|10|30|50|100,512,True,True,True,True,True,1.0.0,True,benchmark04e_freeze_feature_schema,acfd34080ed60c0a6f59,True,numeric,median_impute+missing_indicator+standardize,cognitive_item_or_measure,identity,50,distinct_fit_participants_with_observed_original_feature,recomputed_per_scenario_and_per_temporal_block_on_fit_data,False,True,True,remove_if_support_lt_50_or_all_missing_or_effectively_constant_in_fit,True,retained_at_50_in_snapshot_all_train_reference,Semantically authorized. Apply the frozen support rule independently within each scenario and temporal block using fit participants only.
NEUROBAT,visit,40,CATVGPERS,NEUROBAT__CATVGPERS,True,numeric,median_impute+missing_indicator+standardize,cognitive_item_or_measure,cognitive_instrument_semantic_rule,automatic_proposal,,current_and_previous_blocks_evaluated_independently,50,distinct_fit_participants_with_observed_original_feature,recomputed_per_scenario_and_per_temporal_block_on_fit_data,remove_if_support_lt_50_or_all_missing_or_effectively_constant_in_fit,512,True,0.2348292828388251,9,False,False,False,categorical_numeric_code_candidate,one_hot_or_numeric_review,numeric_looking_code_requires_semantic_review,True,numeric,median_impute+missing_indicator+standardize,cognitive_item_or_measure,benchmark04b_semantic_audit_approved,semantic_support_candidate_not_official_v0.1.2,matched,1,ADNI1,Category Fluency (Vegetables) - Perseverations,N,0..77,,,,1,1,True,numeric,median_impute+missing_indicator+standardize,cognitive_item_or_measure,confirmed,dictionary_consistent_with_candidate_schema,,False,1,9,1,True,0,True,9,0,0,0,0,0,0,0,0,True,1,0,1,True,0.1.0,False,approved_for_support_pilot,dictionary_domain_and_observed_phase_semantics_are_compatible_in_training,single_observed_phase,False,all_observed_values_documented,consistent,consistent,2578,544,True,numeric,median_impute+missing_indicator+standardize,cognitive_item_or_measure,approved,benchmark04b_semantic_audit_approved,identity,False,False,2578.0,544.0,0,0,0,0,True,True,True,0.1.2,True,2|10|30|50|100,512,True,True,True,True,True,1.0.0,True,benchmark04e_freeze_feature_schema,acfd34080ed60c0a6f59,True,numeric,median_impute+missing_indicator+standardize,cognitive_item_or_measure,identity,50,distinct_fit_participants_with_observed_original_feature,recomputed_per_scenario_and_per_temporal_block_on_fit_data,False,True,True,remove_if_support_lt_50_or_all_missing_or_effectively_constant_in_fit,True,retained_at_50_in_snapshot_all_train_reference,Semantically authorized. Apply the frozen support rule independently within each scenario and temporal block using fit participants only.
NEUROBAT,visit,41,CATVGINTR,NEUROBAT__CATVGINTR,True,numeric,median_impute+missing_indicator+standardize,cognitive_item_or_measure,cognitive_instrument_semantic_rule,automatic_proposal,,current_and_previous_blocks_evaluated_independently,50,distinct_fit_participants_with_observed_original_feature,recomputed_per_scenario_and_per_temporal_block_on_fit_data,remove_if_support_lt_50_or_all_missing_or_effectively_constant_in_fit,512,True,0.2348292828388251,15,False,False,False,categorical_numeric_code_candidate,one_hot_or_numeric_review,numeric_looking_code_requires_semantic_review,True,numeric,median_impute+missing_indicator+standardize,cognitive_item_or_measure,benchmark04b_semantic_audit_approved,semantic_support_candidate_not_official_v0.1.2,matched,1,ADNI1,Category Fluency (Vegetables) - Intrusions,N,0..77,,,,1,1,True,numeric,median_impute+missing_indicator+standardize,cognitive_item_or_measure,confirmed,dictionary_consistent_with_candidate_schema,,False,1,16,1,True,0,True,16,0,0,0,0,0,0,0,0,True,1,0,1,True,0.1.0,False,approved_for_support_pilot,dictionary_domain_and_observed_phase_semantics_are_compatible_in_training,single_observed_phase,False,all_observed_values_documented,consistent,consistent,2579,544,True,numeric,median_impute+missing_indicator+standardize,cognitive_item_or_measure,approved,benchmark04b_semantic_audit_approved,identity,False,False,2579.0,544.0,0,0,0,0,True,True,True,0.1.2,True,2|10|30|50|100,512,True,True,True,True,True,1.0.0,True,benchmark04e_freeze_feature_schema,acfd34080ed60c0a6f59,True,numeric,median_impute+missing_indicator+standardize,cognitive_item_or_measure,identity,50,distinct_fit_participants_with_observed_original_feature,recomputed_per_scenario_and_per_temporal_block_on_fit_data,False,True,True,remove_if_support_lt_50_or_all_missing_or_effectively_constant_in_fit,True,retained_at_50_in_snapshot_all_train_reference,Semantically authorized. Apply the frozen support rule independently within each scenario and temporal block using fit participants only.
NEUROBAT,visit,42,TRAASCOR,NEUROBAT__TRAASCOR,True,numeric,median_impute+missing_indicator+standardize,cognitive_item_or_measure,cognitive_instrument_semantic_rule,automatic_proposal,,current_and_previous_blocks_evaluated_independently,50,distinct_fit_participants_with_observed_original_feature,recomputed_per_scenario_and_per_temporal_block_on_fit_data,remove_if_support_lt_50_or_all_missing_or_effectively_constant_in_fit,1411,True,0.6375428656627404,129,False,False,False,numeric_candidate,numeric_median_imputation,,True,numeric,median_impute+missing_indicator+standardize,cognitive_item_or_measure,documented_score_count_time_year_or_total_with_stable_type_and_unit+training_values_pass_type_domain_check,semantic_support_candidate_not_official_v0.1.2,matched,5,ADNI1;ADNI2;ADNI3;ADNI4;ADNIGO,Part A - Time to Complete,N,1..150,,,,1,1,True,numeric,median_impute+missing_indicator+standardize,cognitive_item_or_measure,confirmed,dictionary_consistent_with_candidate_schema,,False,5,147,5,True,0,True,509,0,0,0,444,8298,1829,0,0,True,1,0,1,False,0.1.0,False,manual_review_unassessable_phase_domain,one_or_more_observed_phases_have_no_parseable_dictionary_domain,observed_code_semantics_phase_compatible,False,observed_values_unassessable_in_one_or_more_phases,consistent,consistent,8608,1834,True,numeric,median_impute+missing_indicator+standardize,cognitive_item_or_measure,approved,documented_score_count_time_year_or_total_with_stable_type_and_unit+training_values_pass_type_domain_check,numeric_identity,False,False,8608.0,1834.0,0,0,0,0,True,True,True,0.1.2,True,2|10|30|50|100,1411,True,True,True,True,True,1.0.0,True,benchmark04e_freeze_feature_schema,acfd34080ed60c0a6f59,True,numeric,median_impute+missing_indicator+standardize,cognitive_item_or_measure,numeric_identity,50,distinct_fit_participants_with_observed_original_feature,recomputed_per_scenario_and_per_temporal_block_on_fit_data,False,True,True,remove_if_support_lt_50_or_all_missing_or_effectively_constant_in_fit,True,retained_at_50_in_snapshot_all_train_reference,Semantically authorized. Apply the frozen support rule independently within each scenario and temporal block using fit participants only.
NEUROBAT,visit,43,TRAAERRCOM,NEUROBAT__TRAAERRCOM,True,numeric,median_impute+missing_indicator+standardize,cognitive_item_or_measure,cognitive_instrument_semantic_rule,automatic_proposal,,current_and_previous_blocks_evaluated_independently,50,distinct_fit_participants_with_observed_original_feature,recomputed_per_scenario_and_per_temporal_block_on_fit_data,remove_if_support_lt_50_or_all_missing_or_effectively_constant_in_fit,1411,True,0.6376919636200984,8,False,False,False,categorical_numeric_code_candidate,one_hot_or_numeric_review,numeric_looking_code_requires_semantic_review,True,numeric,median_impute+missing_indicator+standardize,cognitive_item_or_measure,benchmark04b_semantic_audit_approved,semantic_support_candidate_not_official_v0.1.2,matched,5,ADNI1;ADNI2;ADNI3;ADNI4;ADNIGO,Errors of Commission,N,,,,,1,0,True,numeric,median_impute+missing_indicator+standardize,cognitive_item_or_measure,confirmed,dictionary_consistent_with_candidate_schema,,False,5,11,5,True,0,False,0,0,0,0,0,0,0,0,0,True,1,0,1,True,0.1.0,False,approved_for_support_pilot,dictionary_domain_and_observed_phase_semantics_are_compatible_in_training,not_assessable_no_code_dictionary,False,not_applicable_numeric_without_coded_domain,consistent,consistent,8611,1834,True,numeric,median_impute+missing_indicator+standardize,cognitive_item_or_measure,approved,benchmark04b_semantic_audit_approved,identity,False,False,8611.0,1834.0,0,0,0,0,True,True,True,0.1.2,True,2|10|30|50|100,1411,True,True,True,True,True,1.0.0,True,benchmark04e_freeze_feature_schema,acfd34080ed60c0a6f59,True,numeric,median_impute+missing_indicator+standardize,cognitive_item_or_measure,identity,50,distinct_fit_participants_with_observed_original_feature,recomputed_per_scenario_and_per_temporal_block_on_fit_data,False,True,True,remove_if_support_lt_50_or_all_missing_or_effectively_constant_in_fit,True,retained_at_50_in_snapshot_all_train_reference,Semantically authorized. Apply the frozen support rule independently within each scenario and temporal block using fit participants only.
NEUROBAT,visit,44,TRAAERROM,NEUROBAT__TRAAERROM,True,numeric,median_impute+missing_indicator+standardize,cognitive_item_or_measure,cognitive_instrument_semantic_rule,automatic_proposal,,current_and_previous_blocks_evaluated_independently,50,distinct_fit_participants_with_observed_original_feature,recomputed_per_scenario_and_per_temporal_block_on_fit_data,remove_if_support_lt_50_or_all_missing_or_effectively_constant_in_fit,1411,True,0.6378410615774563,24,False,False,False,numeric_candidate,numeric_median_imputation,,True,numeric,median_impute+missing_indicator+standardize,cognitive_item_or_measure,documented_score_count_time_year_or_total_with_stable_type_and_unit+training_values_pass_type_domain_check,semantic_support_candidate_not_official_v0.1.2,matched,5,ADNI1;ADNI2;ADNI3;ADNI4;ADNIGO,Errors of Omission,N,0..24 || 0..77,,,,1,2,True,numeric,median_impute+missing_indicator+standardize,cognitive_item_or_measure,confirmed,dictionary_consistent_with_candidate_schema,code_dictionary_varies_by_phase,False,5,26,5,True,0,True,71,0,0,0,51,5156,1436,0,0,True,1,0,1,False,0.1.0,False,manual_review_unassessable_phase_domain,one_or_more_observed_phases_have_no_parseable_dictionary_domain,observed_code_semantics_phase_compatible,False,observed_values_unassessable_in_one_or_more_phases,consistent,consistent,8615,1834,True,numeric,median_impute+missing_indicator+standardize,cognitive_item_or_measure,approved,documented_score_count_time_year_or_total_with_stable_type_and_unit+training_values_pass_type_domain_check,numeric_identity,False,False,8615.0,1834.0,0,0,0,0,True,True,True,0.1.2,True,2|10|30|50|100,1411,True,True,True,True,True,1.0.0,True,benchmark04e_freeze_feature_schema,acfd34080ed60c0a6f59,True,numeric,median_impute+missing_indicator+standardize,cognitive_item_or_measure,numeric_identity,50,distinct_fit_participants_with_observed_original_feature,recomputed_per_scenario_and_per_temporal_block_on_fit_data,False,True,True,remove_if_support_lt_50_or_all_missing_or_effectively_constant_in_fit,True,retained_at_50_in_snapshot_all_train_reference,Semantically authorized. Apply the frozen support rule independently within each scenario and temporal block using fit participants only.
NEUROBAT,visit,45,TRABSCOR,NEUROBAT__TRABSCOR,True,numeric,median_impute+missing_indicator+standardize,cognitive_item_or_measure,cognitive_instrument_semantic_rule,automatic_proposal,,current_and_previous_blocks_evaluated_independently,50,distinct_fit_participants_with_observed_original_feature,recomputed_per_scenario_and_per_temporal_block_on_fit_data,remove_if_support_lt_50_or_all_missing_or_effectively_constant_in_fit,1387,True,0.6236767556284479,263,False,False,False,numeric_candidate,numeric_median_imputation,,True,numeric,median_impute+missing_indicator+standardize,cognitive_item_or_measure,documented_score_count_time_year_or_total_with_stable_type_and_unit+training_values_pass_type_domain_check,semantic_support_candidate_not_official_v0.1.2,matched,5,ADNI1;ADNI2;ADNI3;ADNI4;ADNIGO,Part B - Time to complete,N,1..300,,,,1,1,True,numeric,median_impute+missing_indicator+standardize,cognitive_item_or_measure,confirmed,dictionary_consistent_with_candidate_schema,,False,5,284,5,True,0,True,1039,0,0,0,910,8094,1818,0,0,True,1,0,1,False,0.1.0,False,manual_review_unassessable_phase_domain,one_or_more_observed_phases_have_no_parseable_dictionary_domain,observed_code_semantics_phase_compatible,False,observed_values_unassessable_in_one_or_more_phases,consistent,consistent,8395,1823,True,numeric,median_impute+missing_indicator+standardize,cognitive_item_or_measure,approved,documented_score_count_time_year_or_total_with_stable_type_and_unit+training_values_pass_type_domain_check,numeric_identity,False,False,8395.0,1823.0,0,0,0,0,True,True,True,0.1.2,True,2|10|30|50|100,1387,True,True,True,True,True,1.0.0,True,benchmark04e_freeze_feature_schema,acfd34080ed60c0a6f59,True,numeric,median_impute+missing_indicator+standardize,cognitive_item_or_measure,numeric_identity,50,distinct_fit_participants_with_observed_original_feature,recomputed_per_scenario_and_per_temporal_block_on_fit_data,False,True,True,remove_if_support_lt_50_or_all_missing_or_effectively_constant_in_fit,True,retained_at_50_in_snapshot_all_train_reference,Semantically authorized. Apply the frozen support rule independently within each scenario and temporal block using fit participants only.
NEUROBAT,visit,46,TRABERRCOM,NEUROBAT__TRABERRCOM,True,numeric,median_impute+missing_indicator+standardize,cognitive_item_or_measure,cognitive_instrument_semantic_rule,automatic_proposal,,current_and_previous_blocks_evaluated_independently,50,distinct_fit_participants_with_observed_original_feature,recomputed_per_scenario_and_per_temporal_block_on_fit_data,remove_if_support_lt_50_or_all_missing_or_effectively_constant_in_fit,1386,True,0.6229312658416579,15,False,False,False,categorical_numeric_code_candidate,one_hot_or_numeric_review,numeric_looking_code_requires_semantic_review,True,numeric,median_impute+missing_indicator+standardize,cognitive_item_or_measure,benchmark04b_semantic_audit_approved,semantic_support_candidate_not_official_v0.1.2,matched,5,ADNI1;ADNI2;ADNI3;ADNI4;ADNIGO,Errors of Commission,N,,,,,1,0,True,numeric,median_impute+missing_indicator+standardize,cognitive_item_or_measure,confirmed,dictionary_consistent_with_candidate_schema,,False,5,19,5,True,0,False,0,0,0,0,0,0,0,0,0,True,1,0,1,True,0.1.0,False,approved_for_support_pilot,dictionary_domain_and_observed_phase_semantics_are_compatible_in_training,not_assessable_no_code_dictionary,False,not_applicable_numeric_without_coded_domain,consistent,consistent,8388,1824,True,numeric,median_impute+missing_indicator+standardize,cognitive_item_or_measure,approved,benchmark04b_semantic_audit_approved,identity,False,False,8388.0,1824.0,0,0,0,0,True,True,True,0.1.2,True,2|10|30|50|100,1386,True,True,True,True,True,1.0.0,True,benchmark04e_freeze_feature_schema,acfd34080ed60c0a6f59,True,numeric,median_impute+missing_indicator+standardize,cognitive_item_or_measure,identity,50,distinct_fit_participants_with_observed_original_feature,recomputed_per_scenario_and_per_temporal_block_on_fit_data,False,True,True,remove_if_support_lt_50_or_all_missing_or_effectively_constant_in_fit,True,retained_at_50_in_snapshot_all_train_reference,Semantically authorized. Apply the frozen support rule independently within each scenario and temporal block using fit participants only.
NEUROBAT,visit,47,TRABERROM,NEUROBAT__TRABERROM,True,numeric,median_impute+missing_indicator+standardize,cognitive_item_or_measure,cognitive_instrument_semantic_rule,automatic_proposal,,current_and_previous_blocks_evaluated_independently,50,distinct_fit_participants_with_observed_original_feature,recomputed_per_scenario_and_per_temporal_block_on_fit_data,remove_if_support_lt_50_or_all_missing_or_effectively_constant_in_fit,1386,True,0.6229312658416579,29,False,False,False,numeric_candidate,numeric_median_imputation,,True,numeric,median_impute+missing_indicator+standardize,cognitive_item_or_measure,documented_score_count_time_year_or_total_with_stable_type_and_unit+training_values_pass_type_domain_check,semantic_support_candidate_not_official_v0.1.2,matched,5,ADNI1;ADNI2;ADNI3;ADNI4;ADNIGO,Errors of Omission,N,0..24,,,,1,1,True,numeric,median_impute+missing_indicator+standardize,cognitive_item_or_measure,confirmed,dictionary_consistent_with_candidate_schema,,False,5,30,5,True,0,True,111,0,0,0,96,8084,1818,0,0,True,1,0,1,False,0.1.0,False,manual_review_unassessable_phase_domain,one_or_more_observed_phases_have_no_parseable_dictionary_domain,observed_code_semantics_phase_compatible,False,observed_values_unassessable_in_one_or_more_phases,consistent,consistent,8385,1823,True,numeric,median_impute+missing_indicator+standardize,cognitive_item_or_measure,approved,documented_score_count_time_year_or_total_with_stable_type_and_unit+training_values_pass_type_domain_check,numeric_identity,False,False,8385.0,1823.0,0,0,0,0,True,True,True,0.1.2,True,2|10|30|50|100,1386,True,True,True,True,True,1.0.0,True,benchmark04e_freeze_feature_schema,acfd34080ed60c0a6f59,True,numeric,median_impute+missing_indicator+standardize,cognitive_item_or_measure,numeric_identity,50,distinct_fit_participants_with_observed_original_feature,recomputed_per_scenario_and_per_temporal_block_on_fit_data,False,True,True,remove_if_support_lt_50_or_all_missing_or_effectively_constant_in_fit,True,retained_at_50_in_snapshot_all_train_reference,Semantically authorized. Apply the frozen support rule independently within each scenario and temporal block using fit participants only.
NEUROBAT,visit,48,DIGITSCOR,NEUROBAT__DIGITSCOR,True,numeric,median_impute+missing_indicator+standardize,cognitive_item_or_measure,cognitive_instrument_semantic_rule,automatic_proposal,,current_and_previous_blocks_evaluated_independently,50,distinct_fit_participants_with_observed_original_feature,recomputed_per_scenario_and_per_temporal_block_on_fit_data,remove_if_support_lt_50_or_all_missing_or_effectively_constant_in_fit,510,True,0.2331892053078872,78,False,False,False,numeric_candidate,numeric_median_imputation,,True,numeric,median_impute+missing_indicator+standardize,cognitive_item_or_measure,benchmark04b_semantic_audit_approved,semantic_support_candidate_not_official_v0.1.2,matched,1,ADNI1,Total Correct,N,,,,,1,0,True,numeric,median_impute+missing_indicator+standardize,cognitive_item_or_measure,confirmed,dictionary_consistent_with_candidate_schema,,False,1,80,1,True,0,False,0,0,0,0,0,0,0,0,0,True,1,0,1,True,0.1.0,False,approved_for_support_pilot,dictionary_domain_and_observed_phase_semantics_are_compatible_in_training,single_observed_phase,False,not_applicable_numeric_without_coded_domain,consistent,consistent,2552,543,True,numeric,median_impute+missing_indicator+standardize,cognitive_item_or_measure,approved,benchmark04b_semantic_audit_approved,identity,False,False,2552.0,543.0,0,0,0,0,True,True,True,0.1.2,True,2|10|30|50|100,510,True,True,True,True,True,1.0.0,True,benchmark04e_freeze_feature_schema,acfd34080ed60c0a6f59,True,numeric,median_impute+missing_indicator+standardize,cognitive_item_or_measure,identity,50,distinct_fit_participants_with_observed_original_feature,recomputed_per_scenario_and_per_temporal_block_on_fit_data,False,True,True,remove_if_support_lt_50_or_all_missing_or_effectively_constant_in_fit,True,retained_at_50_in_snapshot_all_train_reference,Semantically authorized. Apply the frozen support rule independently within each scenario and temporal block using fit participants only.
NEUROBAT,visit,49,LDELBEGIN,NEUROBAT__LDELBEGIN,True,numeric,median_impute+missing_indicator+standardize,cognitive_item_or_measure,cognitive_instrument_semantic_rule,automatic_proposal,,current_and_previous_blocks_evaluated_independently,50,distinct_fit_participants_with_observed_original_feature,recomputed_per_scenario_and_per_temporal_block_on_fit_data,remove_if_support_lt_50_or_all_missing_or_effectively_constant_in_fit,1373,True,0.4288057253615625,438,False,False,False,numeric_candidate,numeric_median_imputation,,True,numeric,median_impute+missing_indicator+standardize,cognitive_item_or_measure,benchmark04b_semantic_audit_approved,semantic_support_candidate_not_official_v0.1.2,matched,3,ADNI2;ADNI3;ADNI4,Time Began (24-hour clock),T,,HHMM,,,1,0,True,numeric,median_impute+missing_indicator+standardize,cognitive_item_or_measure,confirmed,dictionary_consistent_with_candidate_schema,,False,3,486,3,True,0,False,0,0,0,0,0,0,0,0,0,True,1,1,1,True,0.1.0,False,approved_for_support_pilot,dictionary_domain_and_observed_phase_semantics_are_compatible_in_training,not_assessable_no_code_dictionary,False,not_applicable_numeric_without_coded_domain,consistent,consistent,5380,1590,True,numeric,median_impute+missing_indicator+standardize,cognitive_item_or_measure,approved,benchmark04b_semantic_audit_approved,identity,False,False,5380.0,1590.0,0,0,0,0,True,True,True,0.1.2,True,2|10|30|50|100,1373,True,True,True,True,True,1.0.0,True,benchmark04e_freeze_feature_schema,acfd34080ed60c0a6f59,True,numeric,median_impute+missing_indicator+standardize,cognitive_item_or_measure,identity,50,distinct_fit_participants_with_observed_original_feature,recomputed_per_scenario_and_per_temporal_block_on_fit_data,False,True,True,remove_if_support_lt_50_or_all_missing_or_effectively_constant_in_fit,True,retained_at_50_in_snapshot_all_train_reference,Semantically authorized. Apply the frozen support rule independently within each scenario and temporal block using fit participants only.
NEUROBAT,visit,50,LDELTOTAL,NEUROBAT__LDELTOTAL,True,numeric,median_impute+missing_indicator+standardize,cognitive_item_or_measure,cognitive_instrument_semantic_rule,automatic_proposal,,current_and_previous_blocks_evaluated_independently,50,distinct_fit_participants_with_observed_original_feature,recomputed_per_scenario_and_per_temporal_block_on_fit_data,remove_if_support_lt_50_or_all_missing_or_effectively_constant_in_fit,1819,True,0.6573728939913523,26,False,False,False,numeric_candidate,numeric_median_imputation,,True,numeric,median_impute+missing_indicator+standardize,cognitive_item_or_measure,documented_score_count_time_year_or_total_with_stable_type_and_unit+training_values_pass_type_domain_check,semantic_support_candidate_not_official_v0.1.2,matched,5,ADNI1;ADNI2;ADNI3;ADNI4;ADNIGO,Logical Memory - Delayed Recall <br />Total Number of Story Units Recalled: || Total Number of Story Units Recalled,N,0..25,,,,2,1,True,numeric,median_impute+missing_indicator+standardize,cognitive_item_or_measure,confirmed,dictionary_consistent_with_candidate_schema,definition_varies_by_phase,False,5,26,5,True,0,True,127,0,0,0,51,2690,1041,0,0,True,1,0,2,False,0.1.0,False,manual_review_unassessable_phase_domain,one_or_more_observed_phases_have_no_parseable_dictionary_domain,observed_code_semantics_phase_compatible,False,observed_values_unassessable_in_one_or_more_phases,consistent,consistent,7465,1986,True,numeric,median_impute+missing_indicator+standardize,cognitive_item_or_measure,approved,documented_score_count_time_year_or_total_with_stable_type_and_unit+training_values_pass_type_domain_check,numeric_identity,False,False,7465.0,1986.0,0,0,0,0,True,True,True,0.1.2,True,2|10|30|50|100,1819,True,True,True,True,True,1.0.0,True,benchmark04e_freeze_feature_schema,acfd34080ed60c0a6f59,True,numeric,median_impute+missing_indicator+standardize,cognitive_item_or_measure,numeric_identity,50,distinct_fit_participants_with_observed_original_feature,recomputed_per_scenario_and_per_temporal_block_on_fit_data,False,True,True,remove_if_support_lt_50_or_all_missing_or_effectively_constant_in_fit,True,retained_at_50_in_snapshot_all_train_reference,Semantically authorized. Apply the frozen support rule independently within each scenario and temporal block using fit participants only.
NEUROBAT,visit,51,LDELCUE,NEUROBAT__LDELCUE,True,binary,train_binary_mapping+median_impute+missing_indicator,cognitive_item_or_measure,cognitive_instrument_semantic_rule,automatic_proposal,,current_and_previous_blocks_evaluated_independently,50,distinct_fit_participants_with_observed_original_feature,recomputed_per_scenario_and_per_temporal_block_on_fit_data,remove_if_support_lt_50_or_all_missing_or_effectively_constant_in_fit,1820,True,0.6563292082898464,2,False,False,False,binary_numeric_candidate,binary_or_one_hot_review,numeric_looking_code_requires_semantic_review,True,binary,train_binary_mapping+median_impute+missing_indicator,cognitive_item_or_measure,benchmark04b_semantic_audit_approved,semantic_support_candidate_not_official_v0.1.2,matched,6,ADNI1;ADNI2;ADNI3;ADNI4;ADNIGO,Cue used? || Reminder given?,N,0=No; 1=Yes || 0=No;1=Yes || 1=Yes;0=No,,,,2,3,True,binary,train_binary_mapping+median_impute+missing_indicator,cognitive_item_or_measure,confirmed,dictionary_consistent_with_candidate_schema,definition_varies_by_phase|code_dictionary_varies_by_phase,False,5,2,5,True,0,True,10,0,0,0,0,0,0,0,0,True,1,0,2,True,0.1.0,False,approved_for_support_pilot,dictionary_domain_and_observed_phase_semantics_are_compatible_in_training,observed_code_semantics_phase_compatible,False,all_observed_values_documented,consistent,consistent,7454,1987,True,binary,train_binary_mapping+median_impute+missing_indicator,cognitive_item_or_measure,approved,benchmark04b_semantic_audit_approved,identity,False,False,7454.0,1987.0,0,0,0,0,True,True,True,0.1.2,True,2|10|30|50|100,1820,True,True,True,True,True,1.0.0,True,benchmark04e_freeze_feature_schema,acfd34080ed60c0a6f59,True,binary,train_binary_mapping+median_impute+missing_indicator,cognitive_item_or_measure,identity,50,distinct_fit_participants_with_observed_original_feature,recomputed_per_scenario_and_per_temporal_block_on_fit_data,False,True,True,remove_if_support_lt_50_or_all_missing_or_effectively_constant_in_fit,True,retained_at_50_in_snapshot_all_train_reference,Semantically authorized. Apply the frozen support rule independently within each scenario and temporal block using fit participants only.
NEUROBAT,visit,52,BNTND,NEUROBAT__BNTND,True,binary,train_binary_mapping+median_impute+missing_indicator,cognitive_item_or_measure,cognitive_instrument_semantic_rule,automatic_proposal,,current_and_previous_blocks_evaluated_independently,50,distinct_fit_participants_with_observed_original_feature,recomputed_per_scenario_and_per_temporal_block_on_fit_data,remove_if_support_lt_50_or_all_missing_or_effectively_constant_in_fit,3,False,0.0004472938720739,1,False,True,False,binary_numeric_candidate,binary_or_one_hot_review,numeric_looking_code_requires_semantic_review|train_missingness_at_least_99_percent|low_train_participant_support_review|snapshot_train_observed_value_constant_missingness_may_vary,True,binary,train_binary_mapping+median_impute+missing_indicator,cognitive_item_or_measure,benchmark04b_semantic_audit_approved,semantic_support_candidate_not_official_v0.1.2,matched,2,ADNI1;ADNIGO,Check here if:,T,1=Boston Naming Not Done - Spanish speaking,,,,1,1,True,binary,train_binary_mapping+median_impute+missing_indicator,cognitive_item_or_measure,confirmed,dictionary_consistent_with_candidate_schema,,False,2,1,1,True,0,True,1,0,0,0,0,0,0,0,0,True,1,0,1,True,0.1.0,False,approved_with_single_observed_phase,only_one_phase_is_observed_in_training_for_this_feature_and_observed_values_match_its_dictionary,single_observed_phase_dictionary_varies,False,all_observed_values_documented,consistent,consistent,13,4,True,binary,train_binary_mapping+median_impute+missing_indicator,cognitive_item_or_measure,approved,benchmark04b_semantic_audit_approved,identity,False,False,13.0,4.0,0,0,0,0,True,True,True,0.1.2,True,2|10|30|50|100,3,True,False,False,False,False,1.0.0,True,benchmark04e_freeze_feature_schema,acfd34080ed60c0a6f59,True,binary,train_binary_mapping+median_impute+missing_indicator,cognitive_item_or_measure,identity,50,distinct_fit_participants_with_observed_original_feature,recomputed_per_scenario_and_per_temporal_block_on_fit_data,False,True,True,remove_if_support_lt_50_or_all_missing_or_effectively_constant_in_fit,False,semantically_authorized_but_below_50_in_snapshot_all_train_reference,Semantically authorized. Apply the frozen support rule independently within each scenario and temporal block using fit participants only.
NEUROBAT,visit,53,BNTSPONT,NEUROBAT__BNTSPONT,True,numeric,median_impute+missing_indicator+standardize,cognitive_item_or_measure,cognitive_instrument_semantic_rule,automatic_proposal,,current_and_previous_blocks_evaluated_independently,50,distinct_fit_participants_with_observed_original_feature,recomputed_per_scenario_and_per_temporal_block_on_fit_data,remove_if_support_lt_50_or_all_missing_or_effectively_constant_in_fit,1041,True,0.462352765767109,30,False,False,False,numeric_candidate,numeric_median_imputation,,True,numeric,median_impute+missing_indicator+standardize,cognitive_item_or_measure,benchmark04b_semantic_audit_approved,semantic_support_candidate_not_official_v0.1.2,matched,3,ADNI1;ADNI2;ADNIGO,1. Number of spontaneously given correct responses || 1. Total correct without a cue,N,0..30,,,,2,1,True,numeric,median_impute+missing_indicator+standardize,cognitive_item_or_measure,confirmed,dictionary_consistent_with_candidate_schema,definition_varies_by_phase,False,3,31,3,True,0,True,83,0,0,0,0,0,0,0,0,True,1,0,2,True,0.1.0,False,approved_for_support_pilot,dictionary_domain_and_observed_phase_semantics_are_compatible_in_training,observed_code_semantics_phase_compatible,False,all_observed_values_documented,consistent,consistent,6028,1170,True,numeric,median_impute+missing_indicator+standardize,cognitive_item_or_measure,approved,benchmark04b_semantic_audit_approved,identity,False,False,6028.0,1170.0,0,0,0,0,True,True,True,0.1.2,True,2|10|30|50|100,1041,True,True,True,True,True,1.0.0,True,benchmark04e_freeze_feature_schema,acfd34080ed60c0a6f59,True,numeric,median_impute+missing_indicator+standardize,cognitive_item_or_measure,identity,50,distinct_fit_participants_with_observed_original_feature,recomputed_per_scenario_and_per_temporal_block_on_fit_data,False,True,True,remove_if_support_lt_50_or_all_missing_or_effectively_constant_in_fit,True,retained_at_50_in_snapshot_all_train_reference,Semantically authorized. Apply the frozen support rule independently within each scenario and temporal block using fit participants only.
NEUROBAT,visit,54,BNTSTIM,NEUROBAT__BNTSTIM,True,numeric,median_impute+missing_indicator+standardize,cognitive_item_or_measure,cognitive_instrument_semantic_rule,automatic_proposal,,current_and_previous_blocks_evaluated_independently,50,distinct_fit_participants_with_observed_original_feature,recomputed_per_scenario_and_per_temporal_block_on_fit_data,remove_if_support_lt_50_or_all_missing_or_effectively_constant_in_fit,1041,True,0.462352765767109,28,False,False,False,numeric_candidate,numeric_median_imputation,,True,numeric,median_impute+missing_indicator+standardize,cognitive_item_or_measure,benchmark04b_semantic_audit_approved,semantic_support_candidate_not_official_v0.1.2,matched,3,ADNI1;ADNI2;ADNIGO,2. Number of semantic cues given || 2. Total semantic cues given,N,0..30,,,,2,1,True,numeric,median_impute+missing_indicator+standardize,cognitive_item_or_measure,confirmed,dictionary_consistent_with_candidate_schema,definition_varies_by_phase,False,3,30,3,True,0,True,74,0,0,0,0,0,0,0,0,True,1,0,2,True,0.1.0,False,approved_for_support_pilot,dictionary_domain_and_observed_phase_semantics_are_compatible_in_training,observed_code_semantics_phase_compatible,False,all_observed_values_documented,consistent,consistent,6027,1169,True,numeric,median_impute+missing_indicator+standardize,cognitive_item_or_measure,approved,benchmark04b_semantic_audit_approved,identity,False,False,6027.0,1169.0,0,0,0,0,True,True,True,0.1.2,True,2|10|30|50|100,1041,True,True,True,True,True,1.0.0,True,benchmark04e_freeze_feature_schema,acfd34080ed60c0a6f59,True,numeric,median_impute+missing_indicator+standardize,cognitive_item_or_measure,identity,50,distinct_fit_participants_with_observed_original_feature,recomputed_per_scenario_and_per_temporal_block_on_fit_data,False,True,True,remove_if_support_lt_50_or_all_missing_or_effectively_constant_in_fit,True,retained_at_50_in_snapshot_all_train_reference,Semantically authorized. Apply the frozen support rule independently within each scenario and temporal block using fit participants only.
NEUROBAT,visit,55,BNTCSTIM,NEUROBAT__BNTCSTIM,True,numeric,median_impute+missing_indicator+standardize,cognitive_item_or_measure,cognitive_instrument_semantic_rule,automatic_proposal,,current_and_previous_blocks_evaluated_independently,50,distinct_fit_participants_with_observed_original_feature,recomputed_per_scenario_and_per_temporal_block_on_fit_data,remove_if_support_lt_50_or_all_missing_or_effectively_constant_in_fit,1041,True,0.462203667809751,11,False,False,False,categorical_numeric_code_candidate,one_hot_or_numeric_review,numeric_looking_code_requires_semantic_review,True,numeric,median_impute+missing_indicator+standardize,cognitive_item_or_measure,benchmark04b_semantic_audit_approved,semantic_support_candidate_not_official_v0.1.2,matched,3,ADNI1;ADNI2;ADNIGO,3. Number of correct responses following a semantic cue || 3. Total correct with a semantic cue,N,0..30,,,,2,1,True,numeric,median_impute+missing_indicator+standardize,cognitive_item_or_measure,confirmed,dictionary_consistent_with_candidate_schema,definition_varies_by_phase,False,3,14,3,True,0,True,29,0,0,0,0,0,0,0,0,True,1,0,2,True,0.1.0,False,approved_for_support_pilot,dictionary_domain_and_observed_phase_semantics_are_compatible_in_training,observed_code_semantics_phase_compatible,False,all_observed_values_documented,consistent,consistent,6025,1169,True,numeric,median_impute+missing_indicator+standardize,cognitive_item_or_measure,approved,benchmark04b_semantic_audit_approved,identity,False,False,6025.0,1169.0,0,0,0,0,True,True,True,0.1.2,True,2|10|30|50|100,1041,True,True,True,True,True,1.0.0,True,benchmark04e_freeze_feature_schema,acfd34080ed60c0a6f59,True,numeric,median_impute+missing_indicator+standardize,cognitive_item_or_measure,identity,50,distinct_fit_participants_with_observed_original_feature,recomputed_per_scenario_and_per_temporal_block_on_fit_data,False,True,True,remove_if_support_lt_50_or_all_missing_or_effectively_constant_in_fit,True,retained_at_50_in_snapshot_all_train_reference,Semantically authorized. Apply the frozen support rule independently within each scenario and temporal block using fit participants only.
NEUROBAT,visit,56,BNTPHON,NEUROBAT__BNTPHON,True,numeric,median_impute+missing_indicator+standardize,cognitive_item_or_measure,cognitive_instrument_semantic_rule,automatic_proposal,,current_and_previous_blocks_evaluated_independently,50,distinct_fit_participants_with_observed_original_feature,recomputed_per_scenario_and_per_temporal_block_on_fit_data,remove_if_support_lt_50_or_all_missing_or_effectively_constant_in_fit,1041,True,0.462054569852393,29,False,False,False,numeric_candidate,numeric_median_imputation,,True,numeric,median_impute+missing_indicator+standardize,cognitive_item_or_measure,benchmark04b_semantic_audit_approved,semantic_support_candidate_not_official_v0.1.2,matched,3,ADNI1;ADNI2;ADNIGO,4. Number of phonemic cues given || 4. Total phonemic cues given,N,0..30,,,,2,1,True,numeric,median_impute+missing_indicator+standardize,cognitive_item_or_measure,confirmed,dictionary_consistent_with_candidate_schema,definition_varies_by_phase,False,3,31,3,True,0,True,83,0,0,0,0,0,0,0,0,True,1,0,2,True,0.1.0,False,approved_for_support_pilot,dictionary_domain_and_observed_phase_semantics_are_compatible_in_training,observed_code_semantics_phase_compatible,False,all_observed_values_documented,consistent,consistent,6025,1169,True,numeric,median_impute+missing_indicator+standardize,cognitive_item_or_measure,approved,benchmark04b_semantic_audit_approved,identity,False,False,6025.0,1169.0,0,0,0,0,True,True,True,0.1.2,True,2|10|30|50|100,1041,True,True,True,True,True,1.0.0,True,benchmark04e_freeze_feature_schema,acfd34080ed60c0a6f59,True,numeric,median_impute+missing_indicator+standardize,cognitive_item_or_measure,identity,50,distinct_fit_participants_with_observed_original_feature,recomputed_per_scenario_and_per_temporal_block_on_fit_data,False,True,True,remove_if_support_lt_50_or_all_missing_or_effectively_constant_in_fit,True,retained_at_50_in_snapshot_all_train_reference,Semantically authorized. Apply the frozen support rule independently within each scenario and temporal block using fit participants only.
NEUROBAT,visit,57,BNTCPHON,NEUROBAT__BNTCPHON,True,numeric,median_impute+missing_indicator+standardize,cognitive_item_or_measure,cognitive_instrument_semantic_rule,automatic_proposal,,current_and_previous_blocks_evaluated_independently,50,distinct_fit_participants_with_observed_original_feature,recomputed_per_scenario_and_per_temporal_block_on_fit_data,remove_if_support_lt_50_or_all_missing_or_effectively_constant_in_fit,1041,True,0.461905471895035,21,False,False,False,numeric_candidate,numeric_median_imputation,,True,numeric,median_impute+missing_indicator+standardize,cognitive_item_or_measure,benchmark04b_semantic_audit_approved,semantic_support_candidate_not_official_v0.1.2,matched,3,ADNI1;ADNI2;ADNIGO,5. Number of correct responses following a phonemic cue,N,0..30,,,,1,1,True,numeric,median_impute+missing_indicator+standardize,cognitive_item_or_measure,confirmed,dictionary_consistent_with_candidate_schema,,False,3,24,3,True,0,True,52,0,0,0,0,0,0,0,0,True,1,0,1,True,0.1.0,False,approved_for_support_pilot,dictionary_domain_and_observed_phase_semantics_are_compatible_in_training,observed_code_semantics_phase_compatible,False,all_observed_values_documented,consistent,consistent,6021,1169,True,numeric,median_impute+missing_indicator+standardize,cognitive_item_or_measure,approved,benchmark04b_semantic_audit_approved,identity,False,False,6021.0,1169.0,0,0,0,0,True,True,True,0.1.2,True,2|10|30|50|100,1041,True,True,True,True,True,1.0.0,True,benchmark04e_freeze_feature_schema,acfd34080ed60c0a6f59,True,numeric,median_impute+missing_indicator+standardize,cognitive_item_or_measure,identity,50,distinct_fit_participants_with_observed_original_feature,recomputed_per_scenario_and_per_temporal_block_on_fit_data,False,True,True,remove_if_support_lt_50_or_all_missing_or_effectively_constant_in_fit,True,retained_at_50_in_snapshot_all_train_reference,Semantically authorized. Apply the frozen support rule independently within each scenario and temporal block using fit participants only.
NEUROBAT,visit,58,BNTTOTAL,NEUROBAT__BNTTOTAL,True,numeric,median_impute+missing_indicator+standardize,cognitive_item_or_measure,cognitive_instrument_semantic_rule,automatic_proposal,,current_and_previous_blocks_evaluated_independently,50,distinct_fit_participants_with_observed_original_feature,recomputed_per_scenario_and_per_temporal_block_on_fit_data,remove_if_support_lt_50_or_all_missing_or_effectively_constant_in_fit,1041,True,0.462352765767109,30,False,False,False,numeric_candidate,numeric_median_imputation,,True,numeric,median_impute+missing_indicator+standardize,cognitive_item_or_measure,benchmark04b_semantic_audit_approved,semantic_support_candidate_not_official_v0.1.2,matched,3,ADNI1;ADNI2;ADNIGO,Total Number Correct (1+3),N,0..30,,,,1,1,True,numeric,median_impute+missing_indicator+standardize,cognitive_item_or_measure,confirmed,dictionary_consistent_with_candidate_schema,,False,3,31,3,True,0,True,85,0,0,0,0,0,0,0,0,True,1,0,1,True,0.1.0,False,approved_for_support_pilot,dictionary_domain_and_observed_phase_semantics_are_compatible_in_training,observed_code_semantics_phase_compatible,False,all_observed_values_documented,consistent,consistent,6027,1169,True,numeric,median_impute+missing_indicator+standardize,cognitive_item_or_measure,approved,benchmark04b_semantic_audit_approved,identity,False,False,6027.0,1169.0,0,0,0,0,True,True,True,0.1.2,True,2|10|30|50|100,1041,True,True,True,True,True,1.0.0,True,benchmark04e_freeze_feature_schema,acfd34080ed60c0a6f59,True,numeric,median_impute+missing_indicator+standardize,cognitive_item_or_measure,identity,50,distinct_fit_participants_with_observed_original_feature,recomputed_per_scenario_and_per_temporal_block_on_fit_data,False,True,True,remove_if_support_lt_50_or_all_missing_or_effectively_constant_in_fit,True,retained_at_50_in_snapshot_all_train_reference,Semantically authorized. Apply the frozen support rule independently within each scenario and temporal block using fit participants only.
NEUROBAT,visit,59,AVDELBEGAN,NEUROBAT__AVDELBEGAN,True,numeric,median_impute+missing_indicator+standardize,cognitive_item_or_measure,cognitive_instrument_semantic_rule,automatic_proposal,,current_and_previous_blocks_evaluated_independently,50,distinct_fit_participants_with_observed_original_feature,recomputed_per_scenario_and_per_temporal_block_on_fit_data,remove_if_support_lt_50_or_all_missing_or_effectively_constant_in_fit,605,True,0.2023259281347845,381,False,False,False,numeric_candidate,numeric_median_imputation,,True,numeric,median_impute+missing_indicator+standardize,cognitive_item_or_measure,benchmark04b_semantic_audit_approved,semantic_support_candidate_not_official_v0.1.2,matched,1,ADNI2,Time Began (24-hour clock),T,,HHMM,,,1,0,True,numeric,median_impute+missing_indicator+standardize,cognitive_item_or_measure,confirmed,dictionary_consistent_with_candidate_schema,,False,1,457,1,True,0,False,0,0,0,0,0,0,0,0,0,True,1,1,1,True,0.1.0,False,approved_for_support_pilot,dictionary_domain_and_observed_phase_semantics_are_compatible_in_training,single_observed_phase,False,not_applicable_numeric_without_coded_domain,consistent,consistent,3118,796,True,numeric,median_impute+missing_indicator+standardize,cognitive_item_or_measure,approved,benchmark04b_semantic_audit_approved,identity,False,False,3118.0,796.0,0,0,0,0,True,True,True,0.1.2,True,2|10|30|50|100,605,True,True,True,True,True,1.0.0,True,benchmark04e_freeze_feature_schema,acfd34080ed60c0a6f59,True,numeric,median_impute+missing_indicator+standardize,cognitive_item_or_measure,identity,50,distinct_fit_participants_with_observed_original_feature,recomputed_per_scenario_and_per_temporal_block_on_fit_data,False,True,True,remove_if_support_lt_50_or_all_missing_or_effectively_constant_in_fit,True,retained_at_50_in_snapshot_all_train_reference,Semantically authorized. Apply the frozen support rule independently within each scenario and temporal block using fit participants only.
NEUROBAT,visit,60,AVDEL30MIN,NEUROBAT__AVDEL30MIN,True,numeric,median_impute+missing_indicator+standardize,cognitive_item_or_measure,cognitive_instrument_semantic_rule,automatic_proposal,,current_and_previous_blocks_evaluated_independently,50,distinct_fit_participants_with_observed_original_feature,recomputed_per_scenario_and_per_temporal_block_on_fit_data,remove_if_support_lt_50_or_all_missing_or_effectively_constant_in_fit,1413,True,0.6351572983450127,16,False,False,False,categorical_numeric_code_candidate,one_hot_or_numeric_review,numeric_looking_code_requires_semantic_review,True,numeric,median_impute+missing_indicator+standardize,cognitive_item_or_measure,documented_score_count_time_year_or_total_with_stable_type_and_unit+training_values_pass_type_domain_check,semantic_support_candidate_not_official_v0.1.2,matched,5,ADNI1;ADNI2;ADNI3;ADNI4;ADNIGO,30 Minute Delay Total,N,0..15,,TEXT Harmonized,"Description updated from ""Rey Auditory Verbal Learning Test - Delayed<br />30 Minute Delay Total""",1,1,True,numeric,median_impute+missing_indicator+standardize,cognitive_item_or_measure,confirmed,dictionary_consistent_with_candidate_schema,,False,5,16,5,True,0,True,80,0,0,0,32,2579,944,0,0,True,1,0,1,False,0.1.0,False,manual_review_unassessable_phase_domain,one_or_more_observed_phases_have_no_parseable_dictionary_domain,observed_code_semantics_phase_compatible,False,observed_values_unassessable_in_one_or_more_phases,consistent,consistent,8588,1837,True,numeric,median_impute+missing_indicator+standardize,cognitive_item_or_measure,approved,documented_score_count_time_year_or_total_with_stable_type_and_unit+training_values_pass_type_domain_check,numeric_identity,False,False,8588.0,1837.0,0,0,0,0,True,True,True,0.1.2,True,2|10|30|50|100,1413,True,True,True,True,True,1.0.0,True,benchmark04e_freeze_feature_schema,acfd34080ed60c0a6f59,True,numeric,median_impute+missing_indicator+standardize,cognitive_item_or_measure,numeric_identity,50,distinct_fit_participants_with_observed_original_feature,recomputed_per_scenario_and_per_temporal_block_on_fit_data,False,True,True,remove_if_support_lt_50_or_all_missing_or_effectively_constant_in_fit,True,retained_at_50_in_snapshot_all_train_reference,Semantically authorized. Apply the frozen support rule independently within each scenario and temporal block using fit participants only.
NEUROBAT,visit,61,AVDELERR1,NEUROBAT__AVDELERR1,True,numeric,median_impute+missing_indicator+standardize,cognitive_item_or_measure,cognitive_instrument_semantic_rule,automatic_proposal,,current_and_previous_blocks_evaluated_independently,50,distinct_fit_participants_with_observed_original_feature,recomputed_per_scenario_and_per_temporal_block_on_fit_data,remove_if_support_lt_50_or_all_missing_or_effectively_constant_in_fit,1413,True,0.6351572983450127,16,False,False,False,categorical_numeric_code_candidate,one_hot_or_numeric_review,numeric_looking_code_requires_semantic_review,True,numeric,median_impute+missing_indicator+standardize,cognitive_item_or_measure,benchmark04b_semantic_audit_approved,semantic_support_candidate_not_official_v0.1.2,matched,5,ADNI1;ADNI2;ADNI3;ADNI4;ADNIGO,Total Intrusions,N,,,,,1,0,True,numeric,median_impute+missing_indicator+standardize,cognitive_item_or_measure,confirmed,dictionary_consistent_with_candidate_schema,,False,5,19,5,True,0,False,0,0,0,0,0,0,0,0,0,True,1,0,1,True,0.1.0,False,approved_for_support_pilot,dictionary_domain_and_observed_phase_semantics_are_compatible_in_training,not_assessable_no_code_dictionary,False,not_applicable_numeric_without_coded_domain,consistent,consistent,8585,1834,True,numeric,median_impute+missing_indicator+standardize,cognitive_item_or_measure,approved,benchmark04b_semantic_audit_approved,identity,False,False,8585.0,1834.0,0,0,0,0,True,True,True,0.1.2,True,2|10|30|50|100,1413,True,True,True,True,True,1.0.0,True,benchmark04e_freeze_feature_schema,acfd34080ed60c0a6f59,True,numeric,median_impute+missing_indicator+standardize,cognitive_item_or_measure,identity,50,distinct_fit_participants_with_observed_original_feature,recomputed_per_scenario_and_per_temporal_block_on_fit_data,False,True,True,remove_if_support_lt_50_or_all_missing_or_effectively_constant_in_fit,True,retained_at_50_in_snapshot_all_train_reference,Semantically authorized. Apply the frozen support rule independently within each scenario and temporal block using fit participants only.
NEUROBAT,visit,62,AVDELTOT,NEUROBAT__AVDELTOT,True,numeric,median_impute+missing_indicator+standardize,cognitive_item_or_measure,cognitive_instrument_semantic_rule,automatic_proposal,,current_and_previous_blocks_evaluated_independently,50,distinct_fit_participants_with_observed_original_feature,recomputed_per_scenario_and_per_temporal_block_on_fit_data,remove_if_support_lt_50_or_all_missing_or_effectively_constant_in_fit,1412,True,0.6342627106008648,16,False,False,False,categorical_numeric_code_candidate,one_hot_or_numeric_review,numeric_looking_code_requires_semantic_review,True,numeric,median_impute+missing_indicator+standardize,cognitive_item_or_measure,documented_score_count_time_year_or_total_with_stable_type_and_unit+training_values_pass_type_domain_check,semantic_support_candidate_not_official_v0.1.2,matched,5,ADNI1;ADNI2;ADNI3;ADNI4;ADNIGO,Recognition Score,N,0..15,,,,1,1,True,numeric,median_impute+missing_indicator+standardize,cognitive_item_or_measure,confirmed,dictionary_consistent_with_candidate_schema,,False,5,16,5,True,0,True,80,0,0,0,32,2569,942,0,0,True,1,0,1,False,0.1.0,False,manual_review_unassessable_phase_domain,one_or_more_observed_phases_have_no_parseable_dictionary_domain,observed_code_semantics_phase_compatible,False,observed_values_unassessable_in_one_or_more_phases,consistent,consistent,8569,1835,True,numeric,median_impute+missing_indicator+standardize,cognitive_item_or_measure,approved,documented_score_count_time_year_or_total_with_stable_type_and_unit+training_values_pass_type_domain_check,numeric_identity,False,False,8569.0,1835.0,0,0,0,0,True,True,True,0.1.2,True,2|10|30|50|100,1412,True,True,True,True,True,1.0.0,True,benchmark04e_freeze_feature_schema,acfd34080ed60c0a6f59,True,numeric,median_impute+missing_indicator+standardize,cognitive_item_or_measure,numeric_identity,50,distinct_fit_participants_with_observed_original_feature,recomputed_per_scenario_and_per_temporal_block_on_fit_data,False,True,True,remove_if_support_lt_50_or_all_missing_or_effectively_constant_in_fit,True,retained_at_50_in_snapshot_all_train_reference,Semantically authorized. Apply the frozen support rule independently within each scenario and temporal block using fit participants only.
NEUROBAT,visit,63,AVDELERR2,NEUROBAT__AVDELERR2,True,numeric,median_impute+missing_indicator+standardize,cognitive_item_or_measure,cognitive_instrument_semantic_rule,automatic_proposal,,current_and_previous_blocks_evaluated_independently,50,distinct_fit_participants_with_observed_original_feature,recomputed_per_scenario_and_per_temporal_block_on_fit_data,remove_if_support_lt_50_or_all_missing_or_effectively_constant_in_fit,1412,True,0.6341136126435067,16,False,False,False,categorical_numeric_code_candidate,one_hot_or_numeric_review,numeric_looking_code_requires_semantic_review,True,numeric,median_impute+missing_indicator+standardize,cognitive_item_or_measure,benchmark04b_semantic_audit_approved,semantic_support_candidate_not_official_v0.1.2,matched,5,ADNI1;ADNI2;ADNI3;ADNI4;ADNIGO,Total Intrusions,N,,,TEXT Harmonized,"Description updated from ""Recognition Errors""",1,0,True,numeric,median_impute+missing_indicator+standardize,cognitive_item_or_measure,confirmed,dictionary_consistent_with_candidate_schema,,False,5,18,5,True,0,False,0,0,0,0,0,0,0,0,0,True,1,0,1,True,0.1.0,False,approved_for_support_pilot,dictionary_domain_and_observed_phase_semantics_are_compatible_in_training,not_assessable_no_code_dictionary,False,not_applicable_numeric_without_coded_domain,consistent,consistent,8567,1834,True,numeric,median_impute+missing_indicator+standardize,cognitive_item_or_measure,approved,benchmark04b_semantic_audit_approved,identity,False,False,8567.0,1834.0,0,0,0,0,True,True,True,0.1.2,True,2|10|30|50|100,1412,True,True,True,True,True,1.0.0,True,benchmark04e_freeze_feature_schema,acfd34080ed60c0a6f59,True,numeric,median_impute+missing_indicator+standardize,cognitive_item_or_measure,identity,50,distinct_fit_participants_with_observed_original_feature,recomputed_per_scenario_and_per_temporal_block_on_fit_data,False,True,True,remove_if_support_lt_50_or_all_missing_or_effectively_constant_in_fit,True,retained_at_50_in_snapshot_all_train_reference,Semantically authorized. Apply the frozen support rule independently within each scenario and temporal block using fit participants only.
NEUROBAT,visit,64,ANARTERR,NEUROBAT__ANARTERR,True,numeric,median_impute+missing_indicator+standardize,cognitive_item_or_measure,cognitive_instrument_semantic_rule,automatic_proposal,,current_and_previous_blocks_evaluated_independently,50,distinct_fit_participants_with_observed_original_feature,recomputed_per_scenario_and_per_temporal_block_on_fit_data,remove_if_support_lt_50_or_all_missing_or_effectively_constant_in_fit,78,True,0.0116296406739227,32,False,False,False,numeric_candidate,numeric_median_imputation,train_missingness_at_least_95_percent,True,numeric,median_impute+missing_indicator+standardize,cognitive_item_or_measure,documented_score_count_time_year_or_total_with_stable_type_and_unit+training_values_pass_type_domain_check,semantic_support_candidate_not_official_v0.1.2,matched,5,ADNI1;ADNI2;ADNI3;ADNI4;ADNIGO,ANART Total Score (Total # of errors),N,0..50,,,,1,1,True,numeric,median_impute+missing_indicator+standardize,cognitive_item_or_measure,confirmed,dictionary_consistent_with_candidate_schema,,False,5,51,5,True,0,True,200,0,0,0,87,604,604,0,0,True,1,0,1,False,0.1.0,False,manual_review_unassessable_phase_domain,one_or_more_observed_phases_have_no_parseable_dictionary_domain,observed_code_semantics_phase_compatible,False,observed_values_unassessable_in_one_or_more_phases,consistent,consistent,1767,1762,True,numeric,median_impute+missing_indicator+standardize,cognitive_item_or_measure,approved,documented_score_count_time_year_or_total_with_stable_type_and_unit+training_values_pass_type_domain_check,numeric_identity,False,False,1767.0,1762.0,0,0,0,0,True,True,True,0.1.2,True,2|10|30|50|100,78,True,True,True,True,False,1.0.0,True,benchmark04e_freeze_feature_schema,acfd34080ed60c0a6f59,True,numeric,median_impute+missing_indicator+standardize,cognitive_item_or_measure,numeric_identity,50,distinct_fit_participants_with_observed_original_feature,recomputed_per_scenario_and_per_temporal_block_on_fit_data,False,True,True,remove_if_support_lt_50_or_all_missing_or_effectively_constant_in_fit,True,retained_at_50_in_snapshot_all_train_reference,Semantically authorized. Apply the frozen support rule independently within each scenario and temporal block using fit participants only.
NEUROBAT,visit,65,ANARTND,NEUROBAT__ANARTND,True,binary,train_binary_mapping+median_impute+missing_indicator,cognitive_item_or_measure,cognitive_instrument_semantic_rule,automatic_proposal,,current_and_previous_blocks_evaluated_independently,50,distinct_fit_participants_with_observed_original_feature,recomputed_per_scenario_and_per_temporal_block_on_fit_data,remove_if_support_lt_50_or_all_missing_or_effectively_constant_in_fit,0,False,0.0,0,True,False,True,binary_numeric_candidate,binary_or_one_hot_review,numeric_looking_code_requires_semantic_review|train_missingness_at_least_99_percent|low_train_participant_support_review|snapshot_train_all_missing,True,binary,train_binary_mapping+median_impute+missing_indicator,cognitive_item_or_measure,benchmark04b_semantic_audit_approved,semantic_support_candidate_not_official_v0.1.2,matched,3,ADNI1;ADNI2;ADNIGO,Check here if:,T,1=ANART Not Done - Spanish speaking,,,,1,1,True,binary,train_binary_mapping+median_impute+missing_indicator,cognitive_item_or_measure,confirmed,dictionary_consistent_with_candidate_schema,,False,3,1,3,True,0,True,3,0,0,0,0,0,0,0,0,True,1,0,1,True,0.1.0,False,approved_for_support_pilot,dictionary_domain_and_observed_phase_semantics_are_compatible_in_training,observed_code_semantics_phase_compatible,False,all_observed_values_documented,consistent,consistent,15,15,True,binary,train_binary_mapping+median_impute+missing_indicator,cognitive_item_or_measure,approved,benchmark04b_semantic_audit_approved,identity,False,False,15.0,15.0,0,0,0,0,True,True,True,0.1.2,True,2|10|30|50|100,0,False,False,False,False,False,1.0.0,True,benchmark04e_freeze_feature_schema,acfd34080ed60c0a6f59,True,binary,train_binary_mapping+median_impute+missing_indicator,cognitive_item_or_measure,identity,50,distinct_fit_participants_with_observed_original_feature,recomputed_per_scenario_and_per_temporal_block_on_fit_data,False,True,True,remove_if_support_lt_50_or_all_missing_or_effectively_constant_in_fit,False,semantically_authorized_but_below_50_in_snapshot_all_train_reference,Semantically authorized. Apply the frozen support rule independently within each scenario and temporal block using fit participants only.
NEUROBAT,visit,66,ANART,NEUROBAT__ANART,True,binary,train_binary_mapping+median_impute+missing_indicator,cognitive_item_or_measure,cognitive_instrument_semantic_rule,automatic_proposal,,current_and_previous_blocks_evaluated_independently,50,distinct_fit_participants_with_observed_original_feature,recomputed_per_scenario_and_per_temporal_block_on_fit_data,remove_if_support_lt_50_or_all_missing_or_effectively_constant_in_fit,0,False,0.0,0,True,False,True,binary_numeric_candidate,binary_or_one_hot_review,numeric_looking_code_requires_semantic_review|train_missingness_at_least_99_percent|low_train_participant_support_review|snapshot_train_all_missing,True,binary,train_binary_mapping+median_impute+missing_indicator,cognitive_item_or_measure,benchmark04b_semantic_audit_approved,semantic_support_candidate_not_official_v0.1.2,matched,2,ADNI3;ADNI4,Was ANART conducted?,N,0=No; 1=Yes || 0=No;1=Yes,,,,1,2,True,binary,train_binary_mapping+median_impute+missing_indicator,cognitive_item_or_measure,confirmed,dictionary_consistent_with_candidate_schema,code_dictionary_varies_by_phase,False,2,2,2,True,0,True,4,0,0,0,0,0,0,0,0,True,1,0,1,True,0.1.0,False,approved_for_support_pilot,dictionary_domain_and_observed_phase_semantics_are_compatible_in_training,observed_code_semantics_phase_compatible,False,all_observed_values_documented,consistent,consistent,660,660,True,binary,train_binary_mapping+median_impute+missing_indicator,cognitive_item_or_measure,approved,benchmark04b_semantic_audit_approved,identity,False,False,660.0,660.0,0,0,0,0,True,True,True,0.1.2,True,2|10|30|50|100,0,False,False,False,False,False,1.0.0,True,benchmark04e_freeze_feature_schema,acfd34080ed60c0a6f59,True,binary,train_binary_mapping+median_impute+missing_indicator,cognitive_item_or_measure,identity,50,distinct_fit_participants_with_observed_original_feature,recomputed_per_scenario_and_per_temporal_block_on_fit_data,False,True,True,remove_if_support_lt_50_or_all_missing_or_effectively_constant_in_fit,False,semantically_authorized_but_below_50_in_snapshot_all_train_reference,Semantically authorized. Apply the frozen support rule independently within each scenario and temporal block using fit participants only.
NEUROBAT,visit,67,MINTSEMCUE,NEUROBAT__MINTSEMCUE,True,numeric,median_impute+missing_indicator+standardize,cognitive_item_or_measure,cognitive_instrument_semantic_rule,automatic_proposal,,current_and_previous_blocks_evaluated_independently,50,distinct_fit_participants_with_observed_original_feature,recomputed_per_scenario_and_per_temporal_block_on_fit_data,remove_if_support_lt_50_or_all_missing_or_effectively_constant_in_fit,582,True,0.1723572387058297,13,False,False,False,categorical_numeric_code_candidate,one_hot_or_numeric_review,numeric_looking_code_requires_semantic_review,True,numeric,median_impute+missing_indicator+standardize,cognitive_item_or_measure,benchmark04b_semantic_audit_approved,semantic_support_candidate_not_official_v0.1.2,matched,2,ADNI3;ADNI4,MINT Total Correct - with Semantic Cue,N,,,,,1,0,True,numeric,median_impute+missing_indicator+standardize,cognitive_item_or_measure,confirmed,dictionary_consistent_with_candidate_schema,,False,2,15,2,True,0,False,0,0,0,0,0,0,0,0,0,True,1,0,1,True,0.1.0,False,approved_for_support_pilot,dictionary_domain_and_observed_phase_semantics_are_compatible_in_training,not_assessable_no_code_dictionary,False,not_applicable_numeric_without_coded_domain,consistent,consistent,2566,943,True,numeric,median_impute+missing_indicator+standardize,cognitive_item_or_measure,approved,benchmark04b_semantic_audit_approved,identity,False,False,2566.0,943.0,0,0,0,0,True,True,True,0.1.2,True,2|10|30|50|100,582,True,True,True,True,True,1.0.0,True,benchmark04e_freeze_feature_schema,acfd34080ed60c0a6f59,True,numeric,median_impute+missing_indicator+standardize,cognitive_item_or_measure,identity,50,distinct_fit_participants_with_observed_original_feature,recomputed_per_scenario_and_per_temporal_block_on_fit_data,False,True,True,remove_if_support_lt_50_or_all_missing_or_effectively_constant_in_fit,True,retained_at_50_in_snapshot_all_train_reference,Semantically authorized. Apply the frozen support rule independently within each scenario and temporal block using fit participants only.
NEUROBAT,visit,68,MINTTOTAL,NEUROBAT__MINTTOTAL,True,numeric,median_impute+missing_indicator+standardize,cognitive_item_or_measure,cognitive_instrument_semantic_rule,automatic_proposal,,current_and_previous_blocks_evaluated_independently,50,distinct_fit_participants_with_observed_original_feature,recomputed_per_scenario_and_per_temporal_block_on_fit_data,remove_if_support_lt_50_or_all_missing_or_effectively_constant_in_fit,584,True,0.1744446101088415,26,False,False,False,numeric_candidate,numeric_median_imputation,,True,numeric,median_impute+missing_indicator+standardize,cognitive_item_or_measure,benchmark04b_semantic_audit_approved,semantic_support_candidate_not_official_v0.1.2,matched,2,ADNI3;ADNI4,MINT Total Correct (Uncued + Correct with Semantic cue),N,,,,,1,0,True,numeric,median_impute+missing_indicator+standardize,cognitive_item_or_measure,confirmed,dictionary_consistent_with_candidate_schema,,False,2,32,2,True,0,False,0,0,0,0,0,0,0,0,0,True,1,0,1,True,0.1.0,False,approved_for_support_pilot,dictionary_domain_and_observed_phase_semantics_are_compatible_in_training,not_assessable_no_code_dictionary,False,not_applicable_numeric_without_coded_domain,consistent,consistent,2585,944,True,numeric,median_impute+missing_indicator+standardize,cognitive_item_or_measure,approved,benchmark04b_semantic_audit_approved,identity,False,False,2585.0,944.0,0,0,0,0,True,True,True,0.1.2,True,2|10|30|50|100,584,True,True,True,True,True,1.0.0,True,benchmark04e_freeze_feature_schema,acfd34080ed60c0a6f59,True,numeric,median_impute+missing_indicator+standardize,cognitive_item_or_measure,identity,50,distinct_fit_participants_with_observed_original_feature,recomputed_per_scenario_and_per_temporal_block_on_fit_data,False,True,True,remove_if_support_lt_50_or_all_missing_or_effectively_constant_in_fit,True,retained_at_50_in_snapshot_all_train_reference,Semantically authorized. Apply the frozen support rule independently within each scenario and temporal block using fit participants only.
NEUROBAT,visit,69,MINTUNCUED,NEUROBAT__MINTUNCUED,True,numeric,median_impute+missing_indicator+standardize,cognitive_item_or_measure,cognitive_instrument_semantic_rule,automatic_proposal,,current_and_previous_blocks_evaluated_independently,50,distinct_fit_participants_with_observed_original_feature,recomputed_per_scenario_and_per_temporal_block_on_fit_data,remove_if_support_lt_50_or_all_missing_or_effectively_constant_in_fit,584,True,0.1745937080661995,28,False,False,False,numeric_candidate,numeric_median_imputation,,True,numeric,median_impute+missing_indicator+standardize,cognitive_item_or_measure,benchmark04b_semantic_audit_approved,semantic_support_candidate_not_official_v0.1.2,matched,2,ADNI3;ADNI4,MINT Total Uncued Correct,N,,,,,1,0,True,numeric,median_impute+missing_indicator+standardize,cognitive_item_or_measure,confirmed,dictionary_consistent_with_candidate_schema,,False,2,31,2,True,0,False,0,0,0,0,0,0,0,0,0,True,1,0,1,True,0.1.0,False,approved_for_support_pilot,dictionary_domain_and_observed_phase_semantics_are_compatible_in_training,not_assessable_no_code_dictionary,False,not_applicable_numeric_without_coded_domain,consistent,consistent,2587,944,True,numeric,median_impute+missing_indicator+standardize,cognitive_item_or_measure,approved,benchmark04b_semantic_audit_approved,identity,False,False,2587.0,944.0,0,0,0,0,True,True,True,0.1.2,True,2|10|30|50|100,584,True,True,True,True,True,1.0.0,True,benchmark04e_freeze_feature_schema,acfd34080ed60c0a6f59,True,numeric,median_impute+missing_indicator+standardize,cognitive_item_or_measure,identity,50,distinct_fit_participants_with_observed_original_feature,recomputed_per_scenario_and_per_temporal_block_on_fit_data,False,True,True,remove_if_support_lt_50_or_all_missing_or_effectively_constant_in_fit,True,retained_at_50_in_snapshot_all_train_reference,Semantically authorized. Apply the frozen support rule independently within each scenario and temporal block using fit participants only.
PTDEMOG,participant,1,PTSOURCE,PTDEMOG__PTSOURCE,False,excluded,none,participant_administration,participant_record_source_or_provenance,manual_group_review_required,R01_ADMINISTRATIVE_EXCLUSIONS,participant_level_enter_once_not_duplicated,50,distinct_fit_participants_with_observed_original_feature,recomputed_per_scenario_and_per_temporal_block_on_fit_data,remove_if_support_lt_50_or_all_missing_or_effectively_constant_in_fit,1942,False,0.9597435515133442,2,False,False,False,binary_numeric_candidate,binary_or_one_hot_review,administrative_name_pattern|numeric_looking_code_requires_semantic_review,True,categorical,explicit_missing_category+one_hot_ignore_unknown,measurement_context,benchmark04b_semantic_audit_approved,semantic_support_candidate_not_official_v0.1.2,matched,5,ADNI1;ADNI2;ADNI3;ADNI4;ADNIGO,Information Source,N,1=Participant Visit; 2=Telephone Call || 1=Participant Visit;2=Telephone Call,,,,1,2,True,categorical,explicit_missing_category+one_hot_ignore_unknown,measurement_context,corrected,include_documented_source_version_wordlist_or_noncompletion_context_as_categorical,code_dictionary_varies_by_phase,True,5,2,5,True,0,True,8,0,0,0,0,0,0,0,0,True,1,0,1,True,0.1.0,False,approved_for_support_pilot,dictionary_domain_and_observed_phase_semantics_are_compatible_in_training,observed_code_semantics_phase_compatible,False,all_observed_values_documented,consistent,consistent,1942,1942,True,categorical,explicit_missing_category+one_hot_ignore_unknown,measurement_context,approved,benchmark04b_semantic_audit_approved,identity,False,False,,,0,0,0,0,True,True,True,0.1.2,True,2|10|30|50|100,1942,True,True,True,True,True,1.0.0,True,benchmark04e_freeze_feature_schema,acfd34080ed60c0a6f59,True,categorical,explicit_missing_category+one_hot_ignore_unknown,measurement_context,identity,50,distinct_fit_participants_with_observed_original_feature,recomputed_per_scenario_and_per_temporal_block_on_fit_data,False,True,True,remove_if_support_lt_50_or_all_missing_or_effectively_constant_in_fit,True,retained_at_50_in_snapshot_all_train_reference,Semantically authorized. Apply the frozen support rule independently within each scenario and temporal block using fit participants only.
PTDEMOG,participant,2,PTGENDER,PTDEMOG__PTGENDER,True,categorical,missing_token+one_hot_ignore_unknown,demographic_category,participant_demographic_code_or_category,automatic_proposal,,participant_level_enter_once_not_duplicated,50,distinct_fit_participants_with_observed_original_feature,recomputed_per_scenario_and_per_temporal_block_on_fit_data,remove_if_support_lt_50_or_all_missing_or_effectively_constant_in_fit,1942,True,0.9597435515133442,2,False,False,False,binary_numeric_candidate,binary_or_one_hot_review,numeric_looking_code_requires_semantic_review,True,categorical,missing_token+one_hot_ignore_unknown,demographic_category,benchmark04b_semantic_audit_approved,semantic_support_candidate_not_official_v0.1.2,matched,5,ADNI1;ADNI2;ADNI3;ADNI4;ADNIGO,"1. Participant Gender || 1. What sex was the participant assigned at birth, on their original birth certificate",N,1=Male; 2=Female || 1=Male;2=Female,,,,2,2,True,categorical,missing_token+one_hot_ignore_unknown,demographic_category,confirmed,dictionary_consistent_with_candidate_schema,definition_varies_by_phase|code_dictionary_varies_by_phase,False,5,2,5,True,0,True,10,0,0,0,0,0,0,0,0,True,1,0,2,True,0.1.0,False,approved_for_support_pilot,dictionary_domain_and_observed_phase_semantics_are_compatible_in_training,observed_code_semantics_phase_compatible,False,all_observed_values_documented,consistent,consistent,1942,1942,True,categorical,missing_token+one_hot_ignore_unknown,demographic_category,approved,benchmark04b_semantic_audit_approved,identity,False,False,,,0,0,0,0,True,True,True,0.1.2,True,2|10|30|50|100,1942,True,True,True,True,True,1.0.0,True,benchmark04e_freeze_feature_schema,acfd34080ed60c0a6f59,True,categorical,missing_token+one_hot_ignore_unknown,demographic_category,identity,50,distinct_fit_participants_with_observed_original_feature,recomputed_per_scenario_and_per_temporal_block_on_fit_data,False,True,True,remove_if_support_lt_50_or_all_missing_or_effectively_constant_in_fit,True,retained_at_50_in_snapshot_all_train_reference,Semantically authorized. Apply the frozen support rule independently within each scenario and temporal block using fit participants only.
PTDEMOG,participant,3,PTDOB,PTDEMOG__PTDOB,False,excluded,none,direct_date_field,exact_or_high_granularity_birth_date_excluded_keep_birth_year_candidate,manual_group_review_required,R02_DIRECT_BIRTH_DATE,participant_level_enter_once_not_duplicated,50,distinct_fit_participants_with_observed_original_feature,recomputed_per_scenario_and_per_temporal_block_on_fit_data,remove_if_support_lt_50_or_all_missing_or_effectively_constant_in_fit,1942,False,0.9597435515133442,540,False,False,False,categorical_candidate,one_hot,high_cardinality_categorical,False,excluded,none,direct_date_field,preserve_dictionary_audited_semantic_exclusion,semantic_support_candidate_not_official_v0.1.2,matched,4,ADNI1;ADNI2;ADNI3;ADNI4,2. Participant Date of Birth || 4. Participant Date of Birth,D,,YYYY-MM-DD,,,2,0,False,excluded,none,direct_date_field,confirmed,dictionary_consistent_with_candidate_schema,definition_varies_by_phase|dictionary_date_type,False,4,540,5,True,0,False,0,0,0,0,0,0,0,0,0,True,1,1,2,False,0.1.0,False,approved_exclusion,feature_is_semantically_excluded_before_support_filtering,not_applicable_excluded,False,not_applicable_excluded,consistent,consistent,1942,1942,False,excluded,none,direct_date_field,approved_exclusion,preserve_dictionary_audited_semantic_exclusion,none,False,False,,,0,0,0,0,True,False,True,0.1.2,True,2|10|30|50|100,0,False,False,False,False,False,1.0.0,True,benchmark04e_freeze_feature_schema,acfd34080ed60c0a6f59,False,excluded,none,direct_date_field,none,50,distinct_fit_participants_with_observed_original_feature,recomputed_per_scenario_and_per_temporal_block_on_fit_data,False,True,True,remove_if_support_lt_50_or_all_missing_or_effectively_constant_in_fit,False,semantically_excluded,Semantically excluded before statistical support filtering.
PTDEMOG,participant,4,PTDOBYY,PTDEMOG__PTDOBYY,True,numeric,median_impute+missing_indicator+standardize,demographic_year_or_age_timing,source_specific_semantic_rule_pending_group_review,manual_group_review_required,R07_PTDEMOG_NUMERIC_TIMING,participant_level_enter_once_not_duplicated,50,distinct_fit_participants_with_observed_original_feature,recomputed_per_scenario_and_per_temporal_block_on_fit_data,remove_if_support_lt_50_or_all_missing_or_effectively_constant_in_fit,1942,True,0.9597435515133442,55,False,False,False,categorical_candidate,one_hot,,True,numeric,median_impute+missing_indicator+standardize,birth_year_only,PTDOBYY_is_year_encoded_as_YYYY_01_01_and_year_matches_PTDOB_when_comparable,semantic_support_candidate_not_official_v0.1.2,matched,1,ADNIGO,2b. Participant Year of Birth,N,1900..1980,,,,1,1,True,numeric,median_impute+missing_indicator+standardize,demographic_year_or_age_timing,confirmed,dictionary_consistent_with_candidate_schema,,False,1,55,5,True,0,True,185,34,164,164,151,1778,1778,0,0,True,1,0,1,False,0.1.0,False,blocked_observed_domain_mismatch,one_or_more_training_values_are_outside_the_phase_specific_dictionary_domain,observed_code_semantics_phase_compatible,False,observed_values_outside_dictionary,consistent,consistent,1942,1942,True,numeric,median_impute+missing_indicator+standardize,birth_year_only,approved,PTDOBYY_is_year_encoded_as_YYYY_01_01_and_year_matches_PTDOB_when_comparable,extract_year_from_jan1_date_placeholder,False,False,1942.0,1942.0,0,0,0,0,True,True,True,0.1.2,True,2|10|30|50|100,1942,True,True,True,True,True,1.0.0,True,benchmark04e_freeze_feature_schema,acfd34080ed60c0a6f59,True,numeric,median_impute+missing_indicator+standardize,birth_year_only,extract_year_from_jan1_date_placeholder,50,distinct_fit_participants_with_observed_original_feature,recomputed_per_scenario_and_per_temporal_block_on_fit_data,False,True,True,remove_if_support_lt_50_or_all_missing_or_effectively_constant_in_fit,True,retained_at_50_in_snapshot_all_train_reference,Semantically authorized. Apply the frozen support rule independently within each scenario and temporal block using fit participants only.
PTDEMOG,participant,5,PTHAND,PTDEMOG__PTHAND,True,categorical,missing_token+one_hot_ignore_unknown,demographic_category,participant_demographic_code_or_category,automatic_proposal,,participant_level_enter_once_not_duplicated,50,distinct_fit_participants_with_observed_original_feature,recomputed_per_scenario_and_per_temporal_block_on_fit_data,remove_if_support_lt_50_or_all_missing_or_effectively_constant_in_fit,1941,True,0.9595944535559864,2,False,False,False,binary_numeric_candidate,binary_or_one_hot_review,numeric_looking_code_requires_semantic_review,True,categorical,missing_token+one_hot_ignore_unknown,demographic_category,benchmark04b_semantic_audit_approved,semantic_support_candidate_not_official_v0.1.2,matched,5,ADNI1;ADNI2;ADNI3;ADNI4;ADNIGO,3. Participant Handedness || 5. Participant Handedness,N,1=Right; 2=Left || 1=Right;2=Left,,,,2,2,True,categorical,missing_token+one_hot_ignore_unknown,demographic_category,confirmed,dictionary_consistent_with_candidate_schema,definition_varies_by_phase|code_dictionary_varies_by_phase,False,5,2,5,True,0,True,10,0,0,0,0,0,0,0,0,True,1,0,2,True,0.1.0,False,approved_for_support_pilot,dictionary_domain_and_observed_phase_semantics_are_compatible_in_training,observed_code_semantics_phase_compatible,False,all_observed_values_documented,consistent,consistent,1941,1941,True,categorical,missing_token+one_hot_ignore_unknown,demographic_category,approved,benchmark04b_semantic_audit_approved,identity,False,False,,,0,0,0,0,True,True,True,0.1.2,True,2|10|30|50|100,1941,True,True,True,True,True,1.0.0,True,benchmark04e_freeze_feature_schema,acfd34080ed60c0a6f59,True,categorical,missing_token+one_hot_ignore_unknown,demographic_category,identity,50,distinct_fit_participants_with_observed_original_feature,recomputed_per_scenario_and_per_temporal_block_on_fit_data,False,True,True,remove_if_support_lt_50_or_all_missing_or_effectively_constant_in_fit,True,retained_at_50_in_snapshot_all_train_reference,Semantically authorized. Apply the frozen support rule independently within each scenario and temporal block using fit participants only.
PTDEMOG,participant,6,PTMARRY,PTDEMOG__PTMARRY,True,categorical,missing_token+one_hot_ignore_unknown,demographic_category,participant_demographic_code_or_category,automatic_proposal,,participant_level_enter_once_not_duplicated,50,distinct_fit_participants_with_observed_original_feature,recomputed_per_scenario_and_per_temporal_block_on_fit_data,remove_if_support_lt_50_or_all_missing_or_effectively_constant_in_fit,1941,True,0.9595944535559864,6,False,False,False,categorical_numeric_code_candidate,one_hot_or_numeric_review,numeric_looking_code_requires_semantic_review,True,categorical,missing_token+one_hot_ignore_unknown,demographic_category,benchmark04b_semantic_audit_approved,semantic_support_candidate_not_official_v0.1.2,matched,5,ADNI1;ADNI2;ADNI3;ADNI4;ADNIGO,4. Participant Marital Status || 6. Participant Marital Status,N,1=Married; 2=Widowed; 3=Divorced; 4=Never married; 5=Unknown || 1=Married; 2=Widowed; 3=Divorced; 4=Never married; 5=Unknown; 6=Domestic Partnership || 1=Married;2=Widowed;3=Divorced;4=Never married;5=Unknown,,,,2,3,True,categorical,missing_token+one_hot_ignore_unknown,demographic_category,confirmed,dictionary_consistent_with_candidate_schema,definition_varies_by_phase|code_dictionary_varies_by_phase,False,5,6,5,True,0,True,25,0,0,0,0,0,0,0,0,True,1,0,2,True,0.1.0,False,approved_for_support_pilot,dictionary_domain_and_observed_phase_semantics_are_compatible_in_training,observed_code_semantics_phase_compatible,False,all_observed_values_documented,consistent,consistent,1941,1941,True,categorical,missing_token+one_hot_ignore_unknown,demographic_category,approved,benchmark04b_semantic_audit_approved,identity,False,False,,,0,0,0,0,True,True,True,0.1.2,True,2|10|30|50|100,1941,True,True,True,True,True,1.0.0,True,benchmark04e_freeze_feature_schema,acfd34080ed60c0a6f59,True,categorical,missing_token+one_hot_ignore_unknown,demographic_category,identity,50,distinct_fit_participants_with_observed_original_feature,recomputed_per_scenario_and_per_temporal_block_on_fit_data,False,True,True,remove_if_support_lt_50_or_all_missing_or_effectively_constant_in_fit,True,retained_at_50_in_snapshot_all_train_reference,Semantically authorized. Apply the frozen support rule independently within each scenario and temporal block using fit participants only.
PTDEMOG,participant,7,PTEDUCAT,PTDEMOG__PTEDUCAT,True,numeric,median_impute+missing_indicator+standardize,demographic_education_quantity,source_specific_semantic_rule_pending_group_review,manual_group_review_required,R07_PTDEMOG_NUMERIC_TIMING,participant_level_enter_once_not_duplicated,50,distinct_fit_participants_with_observed_original_feature,recomputed_per_scenario_and_per_temporal_block_on_fit_data,remove_if_support_lt_50_or_all_missing_or_effectively_constant_in_fit,1942,True,0.9597435515133442,16,False,False,False,categorical_numeric_code_candidate,one_hot_or_numeric_review,numeric_looking_code_requires_semantic_review,True,numeric,median_impute+missing_indicator+standardize,demographic_education_quantity,documented_score_count_time_year_or_total_with_stable_type_and_unit+training_values_pass_type_domain_check,semantic_support_candidate_not_official_v0.1.2,matched,5,ADNI1;ADNI2;ADNI3;ADNI4;ADNIGO,5. Participant Education || 7. Participant Education,N,0..20,,,,2,1,True,numeric,median_impute+missing_indicator+standardize,demographic_education_quantity,confirmed,dictionary_consistent_with_candidate_schema,definition_varies_by_phase,False,5,16,5,True,0,True,62,0,0,0,22,761,761,0,0,True,1,0,2,False,0.1.0,False,manual_review_unassessable_phase_domain,one_or_more_observed_phases_have_no_parseable_dictionary_domain,observed_code_semantics_phase_compatible,False,observed_values_unassessable_in_one_or_more_phases,consistent,consistent,1942,1942,True,numeric,median_impute+missing_indicator+standardize,demographic_education_quantity,approved,documented_score_count_time_year_or_total_with_stable_type_and_unit+training_values_pass_type_domain_check,numeric_identity,False,False,1942.0,1942.0,0,0,0,0,True,True,True,0.1.2,True,2|10|30|50|100,1942,True,True,True,True,True,1.0.0,True,benchmark04e_freeze_feature_schema,acfd34080ed60c0a6f59,True,numeric,median_impute+missing_indicator+standardize,demographic_education_quantity,numeric_identity,50,distinct_fit_participants_with_observed_original_feature,recomputed_per_scenario_and_per_temporal_block_on_fit_data,False,True,True,remove_if_support_lt_50_or_all_missing_or_effectively_constant_in_fit,True,retained_at_50_in_snapshot_all_train_reference,Semantically authorized. Apply the frozen support rule independently within each scenario and temporal block using fit participants only.
PTDEMOG,participant,8,PTWORKHS,PTDEMOG__PTWORKHS,True,categorical,missing_token+one_hot_ignore_unknown,demographic_employment_or_retirement,participant_demographic_code_or_category,automatic_proposal,,participant_level_enter_once_not_duplicated,50,distinct_fit_participants_with_observed_original_feature,recomputed_per_scenario_and_per_temporal_block_on_fit_data,remove_if_support_lt_50_or_all_missing_or_effectively_constant_in_fit,764,True,0.1983002832861189,2,False,False,False,binary_numeric_candidate,binary_or_one_hot_review,numeric_looking_code_requires_semantic_review,True,categorical,missing_token+one_hot_ignore_unknown,demographic_employment_or_retirement,benchmark04b_semantic_audit_approved,semantic_support_candidate_not_official_v0.1.2,matched,5,ADNI1;ADNI2;ADNI3;ADNI4;ADNIGO,5a. Does the participant have a work history sufficient to exclude mental retardation? || 5a. Does the participant have a work history sufficient to exclude mental retardation? <!--Participant Education--> || 7a. Does the participant have a work history sufficient to exclude mental retardation?,N,0=No; 1=Yes || 0=No;1=Yes || 1=Yes; 0=No,,,,3,3,True,categorical,missing_token+one_hot_ignore_unknown,demographic_employment_or_retirement,confirmed,dictionary_consistent_with_candidate_schema,definition_varies_by_phase|code_dictionary_varies_by_phase,False,5,2,3,True,0,True,5,0,0,0,0,0,0,0,0,True,1,0,3,True,0.1.0,False,approved_for_support_pilot,dictionary_domain_and_observed_phase_semantics_are_compatible_in_training,observed_code_semantics_phase_compatible,False,all_observed_values_documented,consistent,consistent,764,764,True,categorical,missing_token+one_hot_ignore_unknown,demographic_employment_or_retirement,approved,benchmark04b_semantic_audit_approved,identity,False,False,,,0,0,0,0,True,True,True,0.1.2,True,2|10|30|50|100,764,True,True,True,True,True,1.0.0,True,benchmark04e_freeze_feature_schema,acfd34080ed60c0a6f59,True,categorical,missing_token+one_hot_ignore_unknown,demographic_employment_or_retirement,identity,50,distinct_fit_participants_with_observed_original_feature,recomputed_per_scenario_and_per_temporal_block_on_fit_data,False,True,True,remove_if_support_lt_50_or_all_missing_or_effectively_constant_in_fit,True,retained_at_50_in_snapshot_all_train_reference,Semantically authorized. Apply the frozen support rule independently within each scenario and temporal block using fit participants only.
PTDEMOG,participant,9,PTWORK,PTDEMOG__PTWORK,True,categorical,missing_token+one_hot_ignore_unknown,demographic_employment_or_retirement,participant_demographic_code_or_category,automatic_proposal,,participant_level_enter_once_not_duplicated,50,distinct_fit_participants_with_observed_original_feature,recomputed_per_scenario_and_per_temporal_block_on_fit_data,remove_if_support_lt_50_or_all_missing_or_effectively_constant_in_fit,216,True,0.0342925301923363,7,False,False,False,categorical_numeric_code_candidate,one_hot_or_numeric_review,numeric_looking_code_requires_semantic_review|train_missingness_at_least_95_percent,True,categorical,missing_token+one_hot_ignore_unknown,demographic_employment_or_retirement,benchmark04b_semantic_audit_approved,semantic_support_candidate_not_official_v0.1.2,matched,5,ADNI1;ADNI2;ADNI3;ADNI4;ADNIGO,6a. Primary occupation during most of adult life || 8a. Primary occupation during most of adult life?,N;T,"1=Professional and Higher Executive Occupations, Chief Executives; 2=Middle Professional Occupations/ Small Business Owners; 3=Managers; 4=Support Personnel, Drafters, Technicians; 5=Arts, Design, Entertainment, Sports Occupations – Non-Professional; 6=Aides / Assistants / Clerks; 7=Laborers; 8=Other - Never Employed; 9=Missing/Unknown",,Redacted,Free-text entry columns redacted pending review for person/site information,2,1,True,categorical,missing_token+one_hot_ignore_unknown,demographic_employment_or_retirement,confirmed,dictionary_consistent_with_candidate_schema,dictionary_status_redacted|definition_varies_by_phase,False,5,7,1,True,0,True,7,0,0,0,0,0,0,0,0,True,1,0,1,True,0.1.0,False,approved_with_single_observed_phase,only_one_phase_is_observed_in_training_for_this_feature_and_observed_values_match_its_dictionary,single_observed_phase_dictionary_varies,False,all_observed_values_documented,consistent,consistent,216,216,True,categorical,missing_token+one_hot_ignore_unknown,demographic_employment_or_retirement,approved,benchmark04b_semantic_audit_approved,identity,False,False,,,0,0,0,0,True,True,True,0.1.2,True,2|10|30|50|100,216,True,True,True,True,True,1.0.0,True,benchmark04e_freeze_feature_schema,acfd34080ed60c0a6f59,True,categorical,missing_token+one_hot_ignore_unknown,demographic_employment_or_retirement,identity,50,distinct_fit_participants_with_observed_original_feature,recomputed_per_scenario_and_per_temporal_block_on_fit_data,False,True,True,remove_if_support_lt_50_or_all_missing_or_effectively_constant_in_fit,True,retained_at_50_in_snapshot_all_train_reference,Semantically authorized. Apply the frozen support rule independently within each scenario and temporal block using fit participants only.
PTDEMOG,participant,10,PTNOTRT,PTDEMOG__PTNOTRT,True,categorical,missing_token+one_hot_ignore_unknown,demographic_employment_or_retirement,participant_demographic_code_or_category,automatic_proposal,,participant_level_enter_once_not_duplicated,50,distinct_fit_participants_with_observed_original_feature,recomputed_per_scenario_and_per_temporal_block_on_fit_data,remove_if_support_lt_50_or_all_missing_or_effectively_constant_in_fit,1942,True,0.9597435515133442,3,False,False,False,categorical_numeric_code_candidate,one_hot_or_numeric_review,numeric_looking_code_requires_semantic_review,True,categorical,missing_token+one_hot_ignore_unknown,demographic_employment_or_retirement,benchmark04b_semantic_audit_approved,semantic_support_candidate_not_official_v0.1.2,matched,5,ADNI1;ADNI2;ADNI3;ADNI4;ADNIGO,7. Participant Retired? || 9. Participant Retired?,N,0=No; 1=Yes; 2=Not Applicable || 0=No;1=Yes;2=Not Applicable || 1=Yes;0=No || 1=Yes;0=No;2=Not Applicable,,,,2,4,True,categorical,missing_token+one_hot_ignore_unknown,demographic_employment_or_retirement,confirmed,dictionary_consistent_with_candidate_schema,definition_varies_by_phase|code_dictionary_varies_by_phase,False,5,3,5,True,0,True,12,0,0,0,0,0,0,0,0,True,1,0,2,True,0.1.0,False,approved_for_support_pilot,dictionary_domain_and_observed_phase_semantics_are_compatible_in_training,observed_code_semantics_phase_compatible,False,all_observed_values_documented,consistent,consistent,1942,1942,True,categorical,missing_token+one_hot_ignore_unknown,demographic_employment_or_retirement,approved,benchmark04b_semantic_audit_approved,identity,False,False,,,0,0,0,0,True,True,True,0.1.2,True,2|10|30|50|100,1942,True,True,True,True,True,1.0.0,True,benchmark04e_freeze_feature_schema,acfd34080ed60c0a6f59,True,categorical,missing_token+one_hot_ignore_unknown,demographic_employment_or_retirement,identity,50,distinct_fit_participants_with_observed_original_feature,recomputed_per_scenario_and_per_temporal_block_on_fit_data,False,True,True,remove_if_support_lt_50_or_all_missing_or_effectively_constant_in_fit,True,retained_at_50_in_snapshot_all_train_reference,Semantically authorized. Apply the frozen support rule independently within each scenario and temporal block using fit participants only.
PTDEMOG,participant,11,PTRTYR,PTDEMOG__PTRTYR,True,numeric,median_impute+missing_indicator+standardize,demographic_year_or_age_timing,source_specific_semantic_rule_pending_group_review,manual_group_review_required,R07_PTDEMOG_NUMERIC_TIMING,participant_level_enter_once_not_duplicated,50,distinct_fit_participants_with_observed_original_feature,recomputed_per_scenario_and_per_temporal_block_on_fit_data,remove_if_support_lt_50_or_all_missing_or_effectively_constant_in_fit,1501,True,0.7532428805725362,62,False,False,False,numeric_candidate,numeric_median_imputation,,True,numeric,median_impute+missing_indicator+standardize,demographic_year_or_age_timing,benchmark04b_semantic_audit_approved,semantic_support_candidate_not_official_v0.1.2,matched,5,ADNI1;ADNI2;ADNI3;ADNI4;ADNIGO,Retirement Date,D,,YYYY-MM-DD,Formatted,Extracted Year Only,1,0,True,numeric,median_impute+missing_indicator+standardize,demographic_year_or_age_timing,confirmed,dictionary_consistent_with_candidate_schema,dictionary_date_type,False,5,62,5,True,0,False,0,0,0,0,0,0,0,0,0,True,1,1,1,True,0.1.0,False,approved_for_support_pilot,dictionary_domain_and_observed_phase_semantics_are_compatible_in_training,not_assessable_no_code_dictionary,False,not_applicable_numeric_without_coded_domain,consistent,consistent,1501,1501,True,numeric,median_impute+missing_indicator+standardize,demographic_year_or_age_timing,approved,benchmark04b_semantic_audit_approved,identity,False,False,1501.0,1501.0,0,0,0,0,True,True,True,0.1.2,True,2|10|30|50|100,1501,True,True,True,True,True,1.0.0,True,benchmark04e_freeze_feature_schema,acfd34080ed60c0a6f59,True,numeric,median_impute+missing_indicator+standardize,demographic_year_or_age_timing,identity,50,distinct_fit_participants_with_observed_original_feature,recomputed_per_scenario_and_per_temporal_block_on_fit_data,False,True,True,remove_if_support_lt_50_or_all_missing_or_effectively_constant_in_fit,True,retained_at_50_in_snapshot_all_train_reference,Semantically authorized. Apply the frozen support rule independently within each scenario and temporal block using fit participants only.
PTDEMOG,participant,12,PTHOME,PTDEMOG__PTHOME,True,categorical,missing_token+one_hot_ignore_unknown,demographic_category,participant_demographic_code_or_category,automatic_proposal,,participant_level_enter_once_not_duplicated,50,distinct_fit_participants_with_observed_original_feature,recomputed_per_scenario_and_per_temporal_block_on_fit_data,remove_if_support_lt_50_or_all_missing_or_effectively_constant_in_fit,1942,True,0.9597435515133442,9,False,False,False,categorical_numeric_code_candidate,one_hot_or_numeric_review,numeric_looking_code_requires_semantic_review,True,categorical,explicit_missing_category+one_hot_ignore_unknown,harmonized_residence_type,collapse_owned_and_rented_house_codes_to_phase_invariant_house,semantic_support_candidate_not_official_v0.1.2,matched,5,ADNI1;ADNI2;ADNI3;ADNI4;ADNIGO,10. Type of Participant residence || 8. Type of Participant residence,N,10=House (owned); 2=Condo/Co-op (owned); 3=Apartment (rented); 4=Mobile Home; 5=Retirement Community; 6=Assisted Living; 7=Skilled Nursing Facility; 8=Other (specify); 9=House (rented) || 1=House (owned or rented); 2=Condo/Co-op (owned); 3=Apartment (rented); 4=Mobile Home; 5=Retirement Community; 6=Assisted Living; 7=Skilled Nursing Facility; 8=Other (specify),,Harmonized,"Code updated from ""1 = House"" to ""1 = House (owned or rented)""",2,2,True,categorical,missing_token+one_hot_ignore_unknown,demographic_category,confirmed,dictionary_consistent_with_candidate_schema,definition_varies_by_phase|code_dictionary_varies_by_phase,False,5,9,5,True,0,True,34,0,0,0,0,0,0,0,1,True,1,0,2,False,0.1.0,False,manual_review_phase_harmonization,same_documented_meaning_uses_different_raw_codes_across_phases,phase_harmonization_recommended,True,all_observed_values_documented,consistent,consistent,1942,1942,True,categorical,explicit_missing_category+one_hot_ignore_unknown,harmonized_residence_type,approved_with_harmonization,collapse_owned_and_rented_house_codes_to_phase_invariant_house,ptdemog_pthome_harmonization,False,False,,,0,0,0,0,True,True,True,0.1.2,True,2|10|30|50|100,1942,True,True,True,True,True,1.0.0,True,benchmark04e_freeze_feature_schema,acfd34080ed60c0a6f59,True,categorical,explicit_missing_category+one_hot_ignore_unknown,harmonized_residence_type,ptdemog_pthome_harmonization,50,distinct_fit_participants_with_observed_original_feature,recomputed_per_scenario_and_per_temporal_block_on_fit_data,False,True,True,remove_if_support_lt_50_or_all_missing_or_effectively_constant_in_fit,True,retained_at_50_in_snapshot_all_train_reference,Semantically authorized. Apply the frozen support rule independently within each scenario and temporal block using fit participants only.
PTDEMOG,participant,13,PTTLANG,PTDEMOG__PTTLANG,True,categorical,missing_token+one_hot_ignore_unknown,demographic_language_category,participant_demographic_code_or_category,automatic_proposal,,participant_level_enter_once_not_duplicated,50,distinct_fit_participants_with_observed_original_feature,recomputed_per_scenario_and_per_temporal_block_on_fit_data,remove_if_support_lt_50_or_all_missing_or_effectively_constant_in_fit,1942,True,0.9597435515133442,2,False,False,False,binary_numeric_candidate,binary_or_one_hot_review,numeric_looking_code_requires_semantic_review,True,categorical,missing_token+one_hot_ignore_unknown,demographic_language_category,benchmark04b_semantic_audit_approved,semantic_support_candidate_not_official_v0.1.2,matched,5,ADNI1;ADNI2;ADNI3;ADNI4;ADNIGO,11. Language to be used for testing the Participant: || 9. Language to be used for testing the Participant,N,1=English; 2=Spanish || 1=English;2=Spanish,,,,2,2,True,categorical,missing_token+one_hot_ignore_unknown,demographic_language_category,confirmed,dictionary_consistent_with_candidate_schema,definition_varies_by_phase|code_dictionary_varies_by_phase,False,5,2,5,True,0,True,10,0,0,0,0,0,0,0,0,True,1,0,2,True,0.1.0,False,approved_for_support_pilot,dictionary_domain_and_observed_phase_semantics_are_compatible_in_training,observed_code_semantics_phase_compatible,False,all_observed_values_documented,consistent,consistent,1942,1942,True,categorical,missing_token+one_hot_ignore_unknown,demographic_language_category,approved,benchmark04b_semantic_audit_approved,identity,False,False,,,0,0,0,0,True,True,True,0.1.2,True,2|10|30|50|100,1942,True,True,True,True,True,1.0.0,True,benchmark04e_freeze_feature_schema,acfd34080ed60c0a6f59,True,categorical,missing_token+one_hot_ignore_unknown,demographic_language_category,identity,50,distinct_fit_participants_with_observed_original_feature,recomputed_per_scenario_and_per_temporal_block_on_fit_data,False,True,True,remove_if_support_lt_50_or_all_missing_or_effectively_constant_in_fit,True,retained_at_50_in_snapshot_all_train_reference,Semantically authorized. Apply the frozen support rule independently within each scenario and temporal block using fit participants only.
PTDEMOG,participant,14,PTPLANG,PTDEMOG__PTPLANG,True,categorical,missing_token+one_hot_ignore_unknown,demographic_language_category,participant_demographic_code_or_category,automatic_proposal,,participant_level_enter_once_not_duplicated,50,distinct_fit_participants_with_observed_original_feature,recomputed_per_scenario_and_per_temporal_block_on_fit_data,remove_if_support_lt_50_or_all_missing_or_effectively_constant_in_fit,1942,True,0.9597435515133442,3,False,False,False,categorical_numeric_code_candidate,one_hot_or_numeric_review,numeric_looking_code_requires_semantic_review,True,categorical,missing_token+one_hot_ignore_unknown,demographic_language_category,benchmark04b_semantic_audit_approved,semantic_support_candidate_not_official_v0.1.2,matched,5,ADNI1;ADNI2;ADNI3;ADNI4;ADNIGO,10. Participant's Primary Language || 12. What is the participant's primary language?,N,1=English; 2=Spanish; 3=Other || 1=English; 2=Spanish; 3=Other (specify) || 1=English;2=Spanish;3=Other (specify),,,,2,3,True,categorical,missing_token+one_hot_ignore_unknown,demographic_language_category,confirmed,dictionary_consistent_with_candidate_schema,definition_varies_by_phase|code_dictionary_varies_by_phase,False,5,3,5,True,0,True,15,0,0,0,0,0,0,0,0,True,1,0,2,True,0.1.0,False,approved_for_support_pilot,dictionary_domain_and_observed_phase_semantics_are_compatible_in_training,observed_code_semantics_phase_compatible,False,all_observed_values_documented,consistent,consistent,1942,1942,True,categorical,missing_token+one_hot_ignore_unknown,demographic_language_category,approved,benchmark04b_semantic_audit_approved,identity,False,False,,,0,0,0,0,True,True,True,0.1.2,True,2|10|30|50|100,1942,True,True,True,True,True,1.0.0,True,benchmark04e_freeze_feature_schema,acfd34080ed60c0a6f59,True,categorical,missing_token+one_hot_ignore_unknown,demographic_language_category,identity,50,distinct_fit_participants_with_observed_original_feature,recomputed_per_scenario_and_per_temporal_block_on_fit_data,False,True,True,remove_if_support_lt_50_or_all_missing_or_effectively_constant_in_fit,True,retained_at_50_in_snapshot_all_train_reference,Semantically authorized. Apply the frozen support rule independently within each scenario and temporal block using fit participants only.
PTDEMOG,participant,15,PTADBEG,PTDEMOG__PTADBEG,True,numeric,median_impute+missing_indicator+standardize,demographic_year_or_age_timing,source_specific_semantic_rule_pending_group_review,manual_group_review_required,R07_PTDEMOG_NUMERIC_TIMING,participant_level_enter_once_not_duplicated,50,distinct_fit_participants_with_observed_original_feature,recomputed_per_scenario_and_per_temporal_block_on_fit_data,remove_if_support_lt_50_or_all_missing_or_effectively_constant_in_fit,142,True,0.0681377665125987,14,False,False,False,categorical_numeric_code_candidate,one_hot_or_numeric_review,numeric_looking_code_requires_semantic_review,False,excluded,none,diagnosis_or_symptom_onset_history,preserve_dictionary_audited_semantic_exclusion,semantic_support_candidate_not_official_v0.1.2,matched,2,ADNI1;ADNIGO,11. Year of onset of Alzheimer's disease symptoms (best estimate) || 11b. Year of onset of Alzheimer's disease symptoms (best estimate),N,1985..2007 || 1985..2012,,,,2,2,False,excluded,none,diagnosis_or_symptom_onset_history,corrected,exclude_year_of_cognitive_or_AD_onset_or_AD_diagnosis_by_benchmark_input_boundary,definition_varies_by_phase|code_dictionary_varies_by_phase,True,2,14,2,True,0,False,0,0,0,0,0,0,0,0,0,True,1,0,2,False,0.1.0,False,approved_exclusion,feature_is_semantically_excluded_before_support_filtering,not_applicable_excluded,False,not_applicable_excluded,consistent,consistent,142,142,False,excluded,none,diagnosis_or_symptom_onset_history,approved_exclusion,preserve_dictionary_audited_semantic_exclusion,none,False,False,,,0,0,0,0,True,False,True,0.1.2,True,2|10|30|50|100,0,False,False,False,False,False,1.0.0,True,benchmark04e_freeze_feature_schema,acfd34080ed60c0a6f59,False,excluded,none,diagnosis_or_symptom_onset_history,none,50,distinct_fit_participants_with_observed_original_feature,recomputed_per_scenario_and_per_temporal_block_on_fit_data,False,True,True,remove_if_support_lt_50_or_all_missing_or_effectively_constant_in_fit,False,semantically_excluded,Semantically excluded before statistical support filtering.
PTDEMOG,participant,16,PTCOGBEG,PTDEMOG__PTCOGBEG,True,numeric,median_impute+missing_indicator+standardize,demographic_year_or_age_timing,source_specific_semantic_rule_pending_group_review,manual_group_review_required,R07_PTDEMOG_NUMERIC_TIMING,participant_level_enter_once_not_duplicated,50,distinct_fit_participants_with_observed_original_feature,recomputed_per_scenario_and_per_temporal_block_on_fit_data,remove_if_support_lt_50_or_all_missing_or_effectively_constant_in_fit,1462,True,0.6786939018935441,35,False,False,False,numeric_candidate,numeric_median_imputation,,False,excluded,none,diagnosis_or_symptom_onset_history,preserve_dictionary_audited_semantic_exclusion,semantic_support_candidate_not_official_v0.1.2,matched,3,ADNI2;ADNI3;ADNI4,11a. Year of onset of cognitive symptoms (best estimate) || 23a. Year of onset of cognitive symptoms (best estimate),N,1985=1985; 1986=1986; 1987=1987; 1988=1988; 1989=1989; 1990=1990; 1991=1991; 1992=1992; 1993=1993; 1994=1994; 1995=1995; 1996=1996; 1997=1997; 1998=1998; 1999=1999; 2000=2000; 2001=2001; 2002=2002; 2003=2003; 2004=2004; 2005=2005; 2006=2006; 2007=2007; 2008=2008; 2009=2009; 2010=2010; 2011=2011; 2012=2012; 2013=2013; 2014=2014; 2015=2015; 2016=2016; 2017=2017; 2018=2018; 2019=2019; 2020=2020; 2021=2021; 2022=2022; 2023=2023; 2024=2024; 2025=2025; 9999=NA - Cognitively Normal || 1985=1985;1986=1986;1987=1987;1988=1988;1989=1989;1990=1990;1991=1991;1992=1992;1993=1993;1994=1994;1995=1995;1996=1996;1997=1997;1998=1998;1999=1999;2000=2000;2001=2001;2002=2002;2003=2003;2004=2004;2005=2005;2006=2006;2007=2007;2008=2008;2009=2009;2010=2010;2011=2011;2012=2012;2013=2013;2014=2014;2015=2015;2016=2016;2017=2017;2018=2018;2019=2019;2020=2020;2021=2021;2022=2022;9999=NA - Cognitively Normal || 9999=NA - Cognitively Normal;1985=1985;1986=1986;1987=1987;1988=1988;1989=1989;1990=1990;1991=1991;1992=1992;1993=1993;1994=1994;1995=1995;1996=1996;1997=1997;1998=1998;1999=1999;2000=2000;2001=2001;2002=2002;2003=2003;2004=2004;2005=2005;2006=2006;2007=2007;2008=2008;2009=2009;2010=2010;2011=2011;2012=2012,,,,2,3,False,excluded,none,diagnosis_or_symptom_onset_history,corrected,exclude_year_of_cognitive_or_AD_onset_or_AD_diagnosis_by_benchmark_input_boundary,definition_varies_by_phase|code_dictionary_varies_by_phase,True,3,35,4,True,0,False,0,0,0,0,0,0,0,0,0,True,1,0,2,False,0.1.0,False,approved_exclusion,feature_is_semantically_excluded_before_support_filtering,not_applicable_excluded,False,not_applicable_excluded,consistent,consistent,1462,1462,False,excluded,none,diagnosis_or_symptom_onset_history,approved_exclusion,preserve_dictionary_audited_semantic_exclusion,none,False,False,,,0,0,0,0,True,False,True,0.1.2,True,2|10|30|50|100,0,False,False,False,False,False,1.0.0,True,benchmark04e_freeze_feature_schema,acfd34080ed60c0a6f59,False,excluded,none,diagnosis_or_symptom_onset_history,none,50,distinct_fit_participants_with_observed_original_feature,recomputed_per_scenario_and_per_temporal_block_on_fit_data,False,True,True,remove_if_support_lt_50_or_all_missing_or_effectively_constant_in_fit,False,semantically_excluded,Semantically excluded before statistical support filtering.
PTDEMOG,participant,17,PTADDX,PTDEMOG__PTADDX,True,numeric,median_impute+missing_indicator+standardize,demographic_year_or_age_timing,source_specific_semantic_rule_pending_group_review,manual_group_review_required,R07_PTDEMOG_NUMERIC_TIMING,participant_level_enter_once_not_duplicated,50,distinct_fit_participants_with_observed_original_feature,recomputed_per_scenario_and_per_temporal_block_on_fit_data,remove_if_support_lt_50_or_all_missing_or_effectively_constant_in_fit,1316,True,0.556731772774713,23,False,False,False,numeric_candidate,numeric_median_imputation,,False,excluded,none,diagnosis_or_symptom_onset_history,preserve_dictionary_audited_semantic_exclusion,semantic_support_candidate_not_official_v0.1.2,matched,3,ADNI2;ADNI3;ADNI4,11b. Year of Alzheimer's Disease diagnosis || 23b. Year of Alzheimer's Disease diagnosis,N,1985=1985; 1986=1986; 1987=1987; 1988=1988; 1989=1989; 1990=1990; 1991=1991; 1992=1992; 1993=1993; 1994=1994; 1995=1995; 1996=1996; 1997=1997; 1998=1998; 1999=1999; 2000=2000; 2001=2001; 2002=2002; 2003=2003; 2004=2004; 2005=2005; 2006=2006; 2007=2007; 2008=2008; 2009=2009; 2010=2010; 2011=2011; 2012=2012; 2013=2013; 2014=2014; 2015=2015; 2016=2016; 2017=2017; 2018=2018; 2019=2019; 2020=2020; 2021=2021; 2022=2022; 2023=2023; 2024=2024; 2025=2025; 9999=NA - Not Diagnosed with AD || 1985=1985;1986=1986;1987=1987;1988=1988;1989=1989;1990=1990;1991=1991;1992=1992;1993=1993;1994=1994;1995=1995;1996=1996;1997=1997;1998=1998;1999=1999;2000=2000;2001=2001;2002=2002;2003=2003;2004=2004;2005=2005;2006=2006;2007=2007;2008=2008;2009=2009;2010=2010;2011=2011;2012=2012;2013=2013;2014=2014;2015=2015;2016=2016;2017=2017;2018=2018;2019=2019;2020=2020;2021=2021;2022=2022;9999=NA - Not Diagnosed with AD || 9999=NA - Not Diagnosed with AD;1985=1985;1986=1986;1987=1987;1988=1988;1989=1989;1990=1990;1991=1991;1992=1992;1993=1993;1994=1994;1995=1995;1996=1996;1997=1997;1998=1998;1999=1999;2000=2000;2001=2001;2002=2002;2003=2003;2004=2004;2005=2005;2006=2006;2007=2007;2008=2008;2009=2009;2010=2010;2011=2011;2012=2012,,,,2,3,False,excluded,none,diagnosis_or_symptom_onset_history,corrected,exclude_year_of_cognitive_or_AD_onset_or_AD_diagnosis_by_benchmark_input_boundary,definition_varies_by_phase|code_dictionary_varies_by_phase,True,3,23,3,True,0,False,0,0,0,0,0,0,0,0,0,True,1,0,2,False,0.1.0,False,approved_exclusion,feature_is_semantically_excluded_before_support_filtering,not_applicable_excluded,False,not_applicable_excluded,consistent,consistent,1316,1316,False,excluded,none,diagnosis_or_symptom_onset_history,approved_exclusion,preserve_dictionary_audited_semantic_exclusion,none,False,False,,,0,0,0,0,True,False,True,0.1.2,True,2|10|30|50|100,0,False,False,False,False,False,1.0.0,True,benchmark04e_freeze_feature_schema,acfd34080ed60c0a6f59,False,excluded,none,diagnosis_or_symptom_onset_history,none,50,distinct_fit_participants_with_observed_original_feature,recomputed_per_scenario_and_per_temporal_block_on_fit_data,False,True,True,remove_if_support_lt_50_or_all_missing_or_effectively_constant_in_fit,False,semantically_excluded,Semantically excluded before statistical support filtering.
PTDEMOG,participant,18,PTETHCAT,PTDEMOG__PTETHCAT,True,categorical,missing_token+one_hot_ignore_unknown,demographic_race_or_ethnicity,participant_demographic_code_or_category,automatic_proposal,,participant_level_enter_once_not_duplicated,50,distinct_fit_participants_with_observed_original_feature,recomputed_per_scenario_and_per_temporal_block_on_fit_data,remove_if_support_lt_50_or_all_missing_or_effectively_constant_in_fit,1942,True,0.9597435515133442,3,False,False,False,categorical_numeric_code_candidate,one_hot_or_numeric_review,numeric_looking_code_requires_semantic_review,True,categorical,missing_token+one_hot_ignore_unknown,demographic_race_or_ethnicity,benchmark04b_semantic_audit_approved,semantic_support_candidate_not_official_v0.1.2,matched,5,ADNI1;ADNI2;ADNI3;ADNI4;ADNIGO,12. Ethnic Category || 24. Ethnic Category,N,1=Hispanic or Latino; 2=Not Hispanic or Latino; 3=Unknown || 1=Hispanic or Latino;2=Not Hispanic or Latino;3=Unknown,,,,2,2,True,categorical,missing_token+one_hot_ignore_unknown,demographic_race_or_ethnicity,confirmed,dictionary_consistent_with_candidate_schema,definition_varies_by_phase|code_dictionary_varies_by_phase,False,5,3,5,True,0,True,14,0,0,0,0,0,0,0,0,True,1,0,2,True,0.1.0,False,approved_for_support_pilot,dictionary_domain_and_observed_phase_semantics_are_compatible_in_training,observed_code_semantics_phase_compatible,False,all_observed_values_documented,consistent,consistent,1942,1942,True,categorical,missing_token+one_hot_ignore_unknown,demographic_race_or_ethnicity,approved,benchmark04b_semantic_audit_approved,identity,False,False,,,0,0,0,0,True,True,True,0.1.2,True,2|10|30|50|100,1942,True,True,True,True,True,1.0.0,True,benchmark04e_freeze_feature_schema,acfd34080ed60c0a6f59,True,categorical,missing_token+one_hot_ignore_unknown,demographic_race_or_ethnicity,identity,50,distinct_fit_participants_with_observed_original_feature,recomputed_per_scenario_and_per_temporal_block_on_fit_data,False,True,True,remove_if_support_lt_50_or_all_missing_or_effectively_constant_in_fit,True,retained_at_50_in_snapshot_all_train_reference,Semantically authorized. Apply the frozen support rule independently within each scenario and temporal block using fit participants only.
PTDEMOG,participant,19,PTRACCAT,PTDEMOG__PTRACCAT,True,multi_response,split_pipe_or_semicolon+multi_hot+missing_indicator,demographic_race_or_ethnicity_multiresponse,source_specific_semantic_rule_pending_group_review,manual_group_review_required,R04_PTDEMOG_MULTI_RESPONSE,participant_level_enter_once_not_duplicated,50,distinct_fit_participants_with_observed_original_feature,recomputed_per_scenario_and_per_temporal_block_on_fit_data,remove_if_support_lt_50_or_all_missing_or_effectively_constant_in_fit,1942,True,0.9597435515133442,14,False,False,False,multi_response_candidate,multi_hot,multi_response_requires_token_semantics_review,True,multi_response,dictionary_code_tokens+multi_hot+missing_indicator,documented_multi_category_demographic_response,benchmark04b_semantic_audit_approved,semantic_support_candidate_not_official_v0.1.2,matched,5,ADNI1;ADNI2;ADNI3;ADNI4;ADNIGO,13. Racial Categories || 25. Racial Categories,N,1=American Indian or Alaskan Native; 2=Asian; 3=Native Hawaiian or Other Pacific Islander; 4=Black or African American; 5=White; 6=More than one race; 7=Unknown || 1=American Indian or Alaskan Native; 2=Asian; 3=Native Hawaiian or Other Pacific Islander; 4=Black or African American; 5=White; 7=Unknown; 8=Native Hawaiian; 9=Other Pacific Islander || 1=American Indian or Alaskan Native;2=Asian;3=Native Hawaiian or Other Pacific Islander;4=Black or African American;5=White;6=More than one race;7=Unknown,,,,2,3,True,multi_response,dictionary_code_tokens+multi_hot+missing_indicator,documented_multi_category_demographic_response,confirmed_with_special_encoding,fixed_dictionary_code_set_with_aggregate_evidence_of_multiple_tokens,definition_varies_by_phase|code_dictionary_varies_by_phase|dictionary_does_not_explicitly_state_select_all_that_apply,True,5,14,5,True,0,True,29,0,0,0,0,0,0,0,0,True,1,0,2,True,0.1.0,False,approved_for_support_pilot,dictionary_domain_and_observed_phase_semantics_are_compatible_in_training,observed_code_semantics_phase_compatible,False,all_observed_values_documented,consistent,consistent,1942,1942,True,multi_response,dictionary_code_tokens+multi_hot+missing_indicator,documented_multi_category_demographic_response,approved,benchmark04b_semantic_audit_approved,dictionary_multi_response_tokens,False,False,,,0,0,0,0,True,True,True,0.1.2,True,2|10|30|50|100,1942,True,True,True,True,True,1.0.0,True,benchmark04e_freeze_feature_schema,acfd34080ed60c0a6f59,True,multi_response,dictionary_code_tokens+multi_hot+missing_indicator,documented_multi_category_demographic_response,dictionary_multi_response_tokens,50,distinct_fit_participants_with_observed_original_feature,recomputed_per_scenario_and_per_temporal_block_on_fit_data,False,True,True,remove_if_support_lt_50_or_all_missing_or_effectively_constant_in_fit,True,retained_at_50_in_snapshot_all_train_reference,Semantically authorized. Apply the frozen support rule independently within each scenario and temporal block using fit participants only.
PTDEMOG,participant,20,PTIDENT,PTDEMOG__PTIDENT,True,categorical,missing_token+one_hot_ignore_unknown,demographic_category,participant_demographic_code_or_category,automatic_proposal,,participant_level_enter_once_not_duplicated,50,distinct_fit_participants_with_observed_original_feature,recomputed_per_scenario_and_per_temporal_block_on_fit_data,remove_if_support_lt_50_or_all_missing_or_effectively_constant_in_fit,218,True,0.0345907261070523,2,False,False,False,binary_numeric_candidate,binary_or_one_hot_review,numeric_looking_code_requires_semantic_review|train_missingness_at_least_95_percent,True,categorical,missing_token+one_hot_ignore_unknown,demographic_category,benchmark04b_semantic_audit_approved,semantic_support_candidate_not_official_v0.1.2,matched,1,ADNI4,2. Which term(s) best describes the participant's current gender identity?,N,1=Man; 2=Woman; 3=Transgender man; 4=Transgender woman; 5=Non-binary/Gender queer; 6=Two-Spirit (if respondent is AIAN); 7=I use a different term; 8=Don't know; 9=Prefer not to say,,,,1,1,True,categorical,missing_token+one_hot_ignore_unknown,demographic_category,confirmed,dictionary_consistent_with_candidate_schema,,False,1,2,1,True,0,True,2,0,0,0,0,0,0,0,0,True,1,0,1,True,0.1.0,False,approved_for_support_pilot,dictionary_domain_and_observed_phase_semantics_are_compatible_in_training,single_observed_phase,False,all_observed_values_documented,consistent,consistent,218,218,True,categorical,missing_token+one_hot_ignore_unknown,demographic_category,approved,benchmark04b_semantic_audit_approved,identity,False,False,,,0,0,0,0,True,True,True,0.1.2,True,2|10|30|50|100,218,True,True,True,True,True,1.0.0,True,benchmark04e_freeze_feature_schema,acfd34080ed60c0a6f59,True,categorical,missing_token+one_hot_ignore_unknown,demographic_category,identity,50,distinct_fit_participants_with_observed_original_feature,recomputed_per_scenario_and_per_temporal_block_on_fit_data,False,True,True,remove_if_support_lt_50_or_all_missing_or_effectively_constant_in_fit,True,retained_at_50_in_snapshot_all_train_reference,Semantically authorized. Apply the frozen support rule independently within each scenario and temporal block using fit participants only.
PTDEMOG,participant,21,PTORIENT,PTDEMOG__PTORIENT,True,categorical,missing_token+one_hot_ignore_unknown,demographic_category,participant_demographic_code_or_category,automatic_proposal,,participant_level_enter_once_not_duplicated,50,distinct_fit_participants_with_observed_original_feature,recomputed_per_scenario_and_per_temporal_block_on_fit_data,remove_if_support_lt_50_or_all_missing_or_effectively_constant_in_fit,179,True,0.028179513940659,2,False,False,False,binary_numeric_candidate,binary_or_one_hot_review,numeric_looking_code_requires_semantic_review|train_missingness_at_least_95_percent,True,categorical,missing_token+one_hot_ignore_unknown,demographic_category,benchmark04b_semantic_audit_approved,semantic_support_candidate_not_official_v0.1.2,matched,1,ADNI4,3. Which term(s) best describes the participants current sexual orientation,N,"1=Gay, Lesbian; 2=Straight; that is, not gay or lesbian, etc.; 3=Bisexual; 4=None of these options describe me, and I’d like to see additional options",,,,1,1,True,categorical,missing_token+one_hot_ignore_unknown,demographic_category,confirmed,dictionary_consistent_with_candidate_schema,,False,1,2,1,True,0,True,2,0,0,0,0,0,0,0,0,True,1,0,1,True,0.1.0,False,approved_for_support_pilot,dictionary_domain_and_observed_phase_semantics_are_compatible_in_training,single_observed_phase,False,all_observed_values_documented,consistent,consistent,179,179,True,categorical,missing_token+one_hot_ignore_unknown,demographic_category,approved,benchmark04b_semantic_audit_approved,identity,False,False,,,0,0,0,0,True,True,True,0.1.2,True,2|10|30|50|100,179,True,True,True,True,True,1.0.0,True,benchmark04e_freeze_feature_schema,acfd34080ed60c0a6f59,True,categorical,missing_token+one_hot_ignore_unknown,demographic_category,identity,50,distinct_fit_participants_with_observed_original_feature,recomputed_per_scenario_and_per_temporal_block_on_fit_data,False,True,True,remove_if_support_lt_50_or_all_missing_or_effectively_constant_in_fit,True,retained_at_50_in_snapshot_all_train_reference,Semantically authorized. Apply the frozen support rule independently within each scenario and temporal block using fit participants only.
PTDEMOG,participant,22,PTORIENTOT,PTDEMOG__PTORIENTOT,False,excluded,none,free_text_or_other_specification,unstructured_other_orientation_field_and_no_training_support,automatic_proposal,,participant_level_enter_once_not_duplicated,50,distinct_fit_participants_with_observed_original_feature,recomputed_per_scenario_and_per_temporal_block_on_fit_data,remove_if_support_lt_50_or_all_missing_or_effectively_constant_in_fit,0,False,0.0,0,True,False,True,undetermined_all_missing,manual_review,train_missingness_at_least_99_percent|low_train_participant_support_review|snapshot_train_all_missing,False,excluded,none,free_text_or_other_specification,preserve_dictionary_audited_semantic_exclusion,semantic_support_candidate_not_official_v0.1.2,matched,1,ADNI4,3a. Are any of the following options a closer description of how you think of yourself (sexual orientation)?,N,"1=Queer; 10=I mean something else, please specify:; 11=Prefer not to answer; 2=Omnisexual, sapiosexual, or pansexual; 3=Asexual; 4=Two-spirit; 5=Have not figured out or are in the process of figuring out my sexuality; 6=Mostly straight, but sometimes attracted to people of my own sex; 7=Do not think of myself as having sexuality; 8=Do not use labels to identify myself; 9=Don’t know the answer",,,,1,1,False,excluded,none,free_text_or_other_specification,confirmed,dictionary_consistent_with_candidate_schema,,False,1,0,0,True,0,False,0,0,0,0,0,0,0,0,0,True,1,0,1,False,0.1.0,False,approved_exclusion,feature_is_semantically_excluded_before_support_filtering,not_applicable_excluded,False,not_applicable_excluded,consistent,consistent,0,0,False,excluded,none,free_text_or_other_specification,approved_exclusion,preserve_dictionary_audited_semantic_exclusion,none,False,False,,,0,0,0,0,True,False,True,0.1.2,True,2|10|30|50|100,0,False,False,False,False,False,1.0.0,True,benchmark04e_freeze_feature_schema,acfd34080ed60c0a6f59,False,excluded,none,free_text_or_other_specification,none,50,distinct_fit_participants_with_observed_original_feature,recomputed_per_scenario_and_per_temporal_block_on_fit_data,False,True,True,remove_if_support_lt_50_or_all_missing_or_effectively_constant_in_fit,False,semantically_excluded,Semantically excluded before statistical support filtering.
PTDEMOG,participant,23,PTENGSPK,PTDEMOG__PTENGSPK,True,categorical,missing_token+one_hot_ignore_unknown,demographic_category,participant_demographic_code_or_category,automatic_proposal,,participant_level_enter_once_not_duplicated,50,distinct_fit_participants_with_observed_original_feature,recomputed_per_scenario_and_per_temporal_block_on_fit_data,remove_if_support_lt_50_or_all_missing_or_effectively_constant_in_fit,218,True,0.0345907261070523,2,False,False,False,binary_numeric_candidate,binary_or_one_hot_review,numeric_looking_code_requires_semantic_review|train_missingness_at_least_95_percent,True,categorical,missing_token+one_hot_ignore_unknown,demographic_category,benchmark04b_semantic_audit_approved,semantic_support_candidate_not_official_v0.1.2,matched,1,ADNI4,13. Do you consider yourself a monolingual English speaker?,N,0=No; 1=Yes,,,,1,1,True,categorical,missing_token+one_hot_ignore_unknown,demographic_category,confirmed,dictionary_consistent_with_candidate_schema,,False,1,2,1,True,0,True,2,0,0,0,0,0,0,0,0,True,1,0,1,True,0.1.0,False,approved_for_support_pilot,dictionary_domain_and_observed_phase_semantics_are_compatible_in_training,single_observed_phase,False,all_observed_values_documented,consistent,consistent,218,218,True,categorical,missing_token+one_hot_ignore_unknown,demographic_category,approved,benchmark04b_semantic_audit_approved,identity,False,False,,,0,0,0,0,True,True,True,0.1.2,True,2|10|30|50|100,218,True,True,True,True,True,1.0.0,True,benchmark04e_freeze_feature_schema,acfd34080ed60c0a6f59,True,categorical,missing_token+one_hot_ignore_unknown,demographic_category,identity,50,distinct_fit_participants_with_observed_original_feature,recomputed_per_scenario_and_per_temporal_block_on_fit_data,False,True,True,remove_if_support_lt_50_or_all_missing_or_effectively_constant_in_fit,True,retained_at_50_in_snapshot_all_train_reference,Semantically authorized. Apply the frozen support rule independently within each scenario and temporal block using fit participants only.
PTDEMOG,participant,24,PTNLANG,PTDEMOG__PTNLANG,True,categorical,missing_token+one_hot_ignore_unknown,demographic_language_category,participant_demographic_code_or_category,automatic_proposal,,participant_level_enter_once_not_duplicated,50,distinct_fit_participants_with_observed_original_feature,recomputed_per_scenario_and_per_temporal_block_on_fit_data,remove_if_support_lt_50_or_all_missing_or_effectively_constant_in_fit,218,True,0.0345907261070523,3,False,False,False,categorical_numeric_code_candidate,one_hot_or_numeric_review,numeric_looking_code_requires_semantic_review|train_missingness_at_least_95_percent,True,categorical,missing_token+one_hot_ignore_unknown,demographic_language_category,benchmark04b_semantic_audit_approved,semantic_support_candidate_not_official_v0.1.2,matched,1,ADNI4,14. What is your native language?,N,1=English; 2=Spanish; 3=Other,,,,1,1,True,categorical,missing_token+one_hot_ignore_unknown,demographic_language_category,confirmed,dictionary_consistent_with_candidate_schema,,False,1,3,1,True,0,True,3,0,0,0,0,0,0,0,0,True,1,0,1,True,0.1.0,False,approved_for_support_pilot,dictionary_domain_and_observed_phase_semantics_are_compatible_in_training,single_observed_phase,False,all_observed_values_documented,consistent,consistent,218,218,True,categorical,missing_token+one_hot_ignore_unknown,demographic_language_category,approved,benchmark04b_semantic_audit_approved,identity,False,False,,,0,0,0,0,True,True,True,0.1.2,True,2|10|30|50|100,218,True,True,True,True,True,1.0.0,True,benchmark04e_freeze_feature_schema,acfd34080ed60c0a6f59,True,categorical,missing_token+one_hot_ignore_unknown,demographic_language_category,identity,50,distinct_fit_participants_with_observed_original_feature,recomputed_per_scenario_and_per_temporal_block_on_fit_data,False,True,True,remove_if_support_lt_50_or_all_missing_or_effectively_constant_in_fit,True,retained_at_50_in_snapshot_all_train_reference,Semantically authorized. Apply the frozen support rule independently within each scenario and temporal block using fit participants only.
PTDEMOG,participant,25,PTENGSPKAGE,PTDEMOG__PTENGSPKAGE,True,numeric,median_impute+missing_indicator+standardize,demographic_age_or_duration,source_specific_semantic_rule_pending_group_review,manual_group_review_required,R07_PTDEMOG_NUMERIC_TIMING,participant_level_enter_once_not_duplicated,50,distinct_fit_participants_with_observed_original_feature,recomputed_per_scenario_and_per_temporal_block_on_fit_data,remove_if_support_lt_50_or_all_missing_or_effectively_constant_in_fit,36,False,0.0055166244222454,19,False,False,False,categorical_numeric_code_candidate,one_hot_or_numeric_review,numeric_looking_code_requires_semantic_review|train_missingness_at_least_99_percent,True,numeric,median_impute+missing_indicator+standardize,demographic_age_or_duration,benchmark04b_semantic_audit_approved,semantic_support_candidate_not_official_v0.1.2,matched,1,ADNI4,"14a. For participant's whose native language is not English, how old where you when you learned to speak English?",N,,Years,,,1,0,True,numeric,median_impute+missing_indicator+standardize,demographic_age_or_duration,confirmed,dictionary_consistent_with_candidate_schema,,False,1,19,1,True,0,False,0,0,0,0,0,0,0,0,0,True,1,1,1,True,0.1.0,False,approved_for_support_pilot,dictionary_domain_and_observed_phase_semantics_are_compatible_in_training,single_observed_phase,False,not_applicable_numeric_without_coded_domain,consistent,consistent,36,36,True,numeric,median_impute+missing_indicator+standardize,demographic_age_or_duration,approved,benchmark04b_semantic_audit_approved,identity,False,False,36.0,36.0,0,0,0,0,True,True,True,0.1.2,True,2|10|30|50|100,36,True,True,True,False,False,1.0.0,True,benchmark04e_freeze_feature_schema,acfd34080ed60c0a6f59,True,numeric,median_impute+missing_indicator+standardize,demographic_age_or_duration,identity,50,distinct_fit_participants_with_observed_original_feature,recomputed_per_scenario_and_per_temporal_block_on_fit_data,False,True,True,remove_if_support_lt_50_or_all_missing_or_effectively_constant_in_fit,False,semantically_authorized_but_below_50_in_snapshot_all_train_reference,Semantically authorized. Apply the frozen support rule independently within each scenario and temporal block using fit participants only.
PTDEMOG,participant,26,PTCLANG,PTDEMOG__PTCLANG,True,categorical,missing_token+one_hot_ignore_unknown,demographic_language_category,participant_demographic_code_or_category,automatic_proposal,,participant_level_enter_once_not_duplicated,50,distinct_fit_participants_with_observed_original_feature,recomputed_per_scenario_and_per_temporal_block_on_fit_data,remove_if_support_lt_50_or_all_missing_or_effectively_constant_in_fit,218,True,0.0345907261070523,3,False,False,False,categorical_numeric_code_candidate,one_hot_or_numeric_review,numeric_looking_code_requires_semantic_review|train_missingness_at_least_95_percent,True,categorical,missing_token+one_hot_ignore_unknown,demographic_language_category,benchmark04b_semantic_audit_approved,semantic_support_candidate_not_official_v0.1.2,matched,1,ADNI4,15. What was your primary-caretaker's preferred language?,N,1=English; 2=Spanish; 3=Other,,,,1,1,True,categorical,missing_token+one_hot_ignore_unknown,demographic_language_category,confirmed,dictionary_consistent_with_candidate_schema,,False,1,3,1,True,0,True,3,0,0,0,0,0,0,0,0,True,1,0,1,True,0.1.0,False,approved_for_support_pilot,dictionary_domain_and_observed_phase_semantics_are_compatible_in_training,single_observed_phase,False,all_observed_values_documented,consistent,consistent,218,218,True,categorical,missing_token+one_hot_ignore_unknown,demographic_language_category,approved,benchmark04b_semantic_audit_approved,identity,False,False,,,0,0,0,0,True,True,True,0.1.2,True,2|10|30|50|100,218,True,True,True,True,True,1.0.0,True,benchmark04e_freeze_feature_schema,acfd34080ed60c0a6f59,True,categorical,missing_token+one_hot_ignore_unknown,demographic_language_category,identity,50,distinct_fit_participants_with_observed_original_feature,recomputed_per_scenario_and_per_temporal_block_on_fit_data,False,True,True,remove_if_support_lt_50_or_all_missing_or_effectively_constant_in_fit,True,retained_at_50_in_snapshot_all_train_reference,Semantically authorized. Apply the frozen support rule independently within each scenario and temporal block using fit participants only.
PTDEMOG,participant,27,PTLANGSP,PTDEMOG__PTLANGSP,True,categorical,missing_token+one_hot_ignore_unknown,demographic_language_category,participant_demographic_code_or_category,automatic_proposal,,participant_level_enter_once_not_duplicated,50,distinct_fit_participants_with_observed_original_feature,recomputed_per_scenario_and_per_temporal_block_on_fit_data,remove_if_support_lt_50_or_all_missing_or_effectively_constant_in_fit,218,True,0.0345907261070523,3,False,False,False,categorical_numeric_code_candidate,one_hot_or_numeric_review,numeric_looking_code_requires_semantic_review|train_missingness_at_least_95_percent,True,categorical,missing_token+one_hot_ignore_unknown,demographic_language_category,benchmark04b_semantic_audit_approved,semantic_support_candidate_not_official_v0.1.2,matched,1,ADNI4,16. What is the language you prefer to speak?,N,1=English; 2=Spanish; 3=Other,,,,1,1,True,categorical,missing_token+one_hot_ignore_unknown,demographic_language_category,confirmed,dictionary_consistent_with_candidate_schema,,False,1,3,1,True,0,True,3,0,0,0,0,0,0,0,0,True,1,0,1,True,0.1.0,False,approved_for_support_pilot,dictionary_domain_and_observed_phase_semantics_are_compatible_in_training,single_observed_phase,False,all_observed_values_documented,consistent,consistent,218,218,True,categorical,missing_token+one_hot_ignore_unknown,demographic_language_category,approved,benchmark04b_semantic_audit_approved,identity,False,False,,,0,0,0,0,True,True,True,0.1.2,True,2|10|30|50|100,218,True,True,True,True,True,1.0.0,True,benchmark04e_freeze_feature_schema,acfd34080ed60c0a6f59,True,categorical,missing_token+one_hot_ignore_unknown,demographic_language_category,identity,50,distinct_fit_participants_with_observed_original_feature,recomputed_per_scenario_and_per_temporal_block_on_fit_data,False,True,True,remove_if_support_lt_50_or_all_missing_or_effectively_constant_in_fit,True,retained_at_50_in_snapshot_all_train_reference,Semantically authorized. Apply the frozen support rule independently within each scenario and temporal block using fit participants only.
PTDEMOG,participant,28,PTLANGWR,PTDEMOG__PTLANGWR,True,categorical,missing_token+one_hot_ignore_unknown,demographic_language_category,participant_demographic_code_or_category,automatic_proposal,,participant_level_enter_once_not_duplicated,50,distinct_fit_participants_with_observed_original_feature,recomputed_per_scenario_and_per_temporal_block_on_fit_data,remove_if_support_lt_50_or_all_missing_or_effectively_constant_in_fit,218,True,0.0345907261070523,3,False,False,False,categorical_numeric_code_candidate,one_hot_or_numeric_review,numeric_looking_code_requires_semantic_review|train_missingness_at_least_95_percent,True,categorical,missing_token+one_hot_ignore_unknown,demographic_language_category,benchmark04b_semantic_audit_approved,semantic_support_candidate_not_official_v0.1.2,matched,1,ADNI4,17. What is the language you prefer to write?,N,1=English; 2=Spanish; 3=Other,,,,1,1,True,categorical,missing_token+one_hot_ignore_unknown,demographic_language_category,confirmed,dictionary_consistent_with_candidate_schema,,False,1,3,1,True,0,True,3,0,0,0,0,0,0,0,0,True,1,0,1,True,0.1.0,False,approved_for_support_pilot,dictionary_domain_and_observed_phase_semantics_are_compatible_in_training,single_observed_phase,False,all_observed_values_documented,consistent,consistent,218,218,True,categorical,missing_token+one_hot_ignore_unknown,demographic_language_category,approved,benchmark04b_semantic_audit_approved,identity,False,False,,,0,0,0,0,True,True,True,0.1.2,True,2|10|30|50|100,218,True,True,True,True,True,1.0.0,True,benchmark04e_freeze_feature_schema,acfd34080ed60c0a6f59,True,categorical,missing_token+one_hot_ignore_unknown,demographic_language_category,identity,50,distinct_fit_participants_with_observed_original_feature,recomputed_per_scenario_and_per_temporal_block_on_fit_data,False,True,True,remove_if_support_lt_50_or_all_missing_or_effectively_constant_in_fit,True,retained_at_50_in_snapshot_all_train_reference,Semantically authorized. Apply the frozen support rule independently within each scenario and temporal block using fit participants only.
PTDEMOG,participant,29,PTSPTIM,PTDEMOG__PTSPTIM,True,numeric,median_impute+missing_indicator+standardize,demographic_age_or_duration,source_specific_semantic_rule_pending_group_review,manual_group_review_required,R07_PTDEMOG_NUMERIC_TIMING,participant_level_enter_once_not_duplicated,50,distinct_fit_participants_with_observed_original_feature,recomputed_per_scenario_and_per_temporal_block_on_fit_data,remove_if_support_lt_50_or_all_missing_or_effectively_constant_in_fit,218,True,0.0345907261070523,13,False,False,False,categorical_numeric_code_candidate,one_hot_or_numeric_review,numeric_looking_code_requires_semantic_review|train_missingness_at_least_95_percent,True,numeric,median_impute+missing_indicator+standardize,demographic_age_or_duration,benchmark04b_semantic_audit_approved,semantic_support_candidate_not_official_v0.1.2,matched,1,ADNI4,18. What percentage of the time during an average day do you speak English?,N,,,,,1,0,True,numeric,median_impute+missing_indicator+standardize,demographic_age_or_duration,confirmed,dictionary_consistent_with_candidate_schema,,False,1,13,1,True,0,False,0,0,0,0,0,0,0,0,0,True,1,0,1,True,0.1.0,False,approved_for_support_pilot,dictionary_domain_and_observed_phase_semantics_are_compatible_in_training,single_observed_phase,False,not_applicable_numeric_without_coded_domain,consistent,consistent,218,218,True,numeric,median_impute+missing_indicator+standardize,demographic_age_or_duration,approved,benchmark04b_semantic_audit_approved,identity,False,False,218.0,218.0,0,0,0,0,True,True,True,0.1.2,True,2|10|30|50|100,218,True,True,True,True,True,1.0.0,True,benchmark04e_freeze_feature_schema,acfd34080ed60c0a6f59,True,numeric,median_impute+missing_indicator+standardize,demographic_age_or_duration,identity,50,distinct_fit_participants_with_observed_original_feature,recomputed_per_scenario_and_per_temporal_block_on_fit_data,False,True,True,remove_if_support_lt_50_or_all_missing_or_effectively_constant_in_fit,True,retained_at_50_in_snapshot_all_train_reference,Semantically authorized. Apply the frozen support rule independently within each scenario and temporal block using fit participants only.
PTDEMOG,participant,30,PTSPOTTIM,PTDEMOG__PTSPOTTIM,True,numeric,median_impute+missing_indicator+standardize,demographic_age_or_duration,source_specific_semantic_rule_pending_group_review,manual_group_review_required,R07_PTDEMOG_NUMERIC_TIMING,participant_level_enter_once_not_duplicated,50,distinct_fit_participants_with_observed_original_feature,recomputed_per_scenario_and_per_temporal_block_on_fit_data,remove_if_support_lt_50_or_all_missing_or_effectively_constant_in_fit,218,True,0.0345907261070523,14,False,False,False,categorical_numeric_code_candidate,one_hot_or_numeric_review,numeric_looking_code_requires_semantic_review|train_missingness_at_least_95_percent,True,numeric,median_impute+missing_indicator+standardize,demographic_age_or_duration,benchmark04b_semantic_audit_approved,semantic_support_candidate_not_official_v0.1.2,matched,1,ADNI4,19. What percentage of the time during an average day do you speak another language?,N,,,,,1,0,True,numeric,median_impute+missing_indicator+standardize,demographic_age_or_duration,confirmed,dictionary_consistent_with_candidate_schema,,False,1,14,1,True,0,False,0,0,0,0,0,0,0,0,0,True,1,0,1,True,0.1.0,False,approved_for_support_pilot,dictionary_domain_and_observed_phase_semantics_are_compatible_in_training,single_observed_phase,False,not_applicable_numeric_without_coded_domain,consistent,consistent,218,218,True,numeric,median_impute+missing_indicator+standardize,demographic_age_or_duration,approved,benchmark04b_semantic_audit_approved,identity,False,False,218.0,218.0,0,0,0,0,True,True,True,0.1.2,True,2|10|30|50|100,218,True,True,True,True,True,1.0.0,True,benchmark04e_freeze_feature_schema,acfd34080ed60c0a6f59,True,numeric,median_impute+missing_indicator+standardize,demographic_age_or_duration,identity,50,distinct_fit_participants_with_observed_original_feature,recomputed_per_scenario_and_per_temporal_block_on_fit_data,False,True,True,remove_if_support_lt_50_or_all_missing_or_effectively_constant_in_fit,True,retained_at_50_in_snapshot_all_train_reference,Semantically authorized. Apply the frozen support rule independently within each scenario and temporal block using fit participants only.
PTDEMOG,participant,31,PTLANGPR1,PTDEMOG__PTLANGPR1,True,categorical,missing_token+one_hot_ignore_unknown,demographic_language_category,participant_demographic_code_or_category,automatic_proposal,,participant_level_enter_once_not_duplicated,50,distinct_fit_participants_with_observed_original_feature,recomputed_per_scenario_and_per_temporal_block_on_fit_data,remove_if_support_lt_50_or_all_missing_or_effectively_constant_in_fit,56,True,0.008796779484121,1,False,True,False,binary_numeric_candidate,binary_or_one_hot_review,numeric_looking_code_requires_semantic_review|train_missingness_at_least_99_percent|snapshot_train_observed_value_constant_missingness_may_vary,True,categorical,missing_token+one_hot_ignore_unknown,demographic_language_category,benchmark04b_semantic_audit_approved,semantic_support_candidate_not_official_v0.1.2,matched,1,ADNI4,Language 1,N,0=No; 1=Yes,,,,1,1,True,categorical,missing_token+one_hot_ignore_unknown,demographic_language_category,confirmed,dictionary_consistent_with_candidate_schema,,False,1,1,1,True,0,True,1,0,0,0,0,0,0,0,0,True,1,0,1,True,0.1.0,False,approved_for_support_pilot,dictionary_domain_and_observed_phase_semantics_are_compatible_in_training,single_observed_phase,False,all_observed_values_documented,consistent,consistent,56,56,True,categorical,missing_token+one_hot_ignore_unknown,demographic_language_category,approved,benchmark04b_semantic_audit_approved,identity,False,False,,,0,0,0,0,True,True,True,0.1.2,True,2|10|30|50|100,56,True,True,True,True,False,1.0.0,True,benchmark04e_freeze_feature_schema,acfd34080ed60c0a6f59,True,categorical,missing_token+one_hot_ignore_unknown,demographic_language_category,identity,50,distinct_fit_participants_with_observed_original_feature,recomputed_per_scenario_and_per_temporal_block_on_fit_data,False,True,True,remove_if_support_lt_50_or_all_missing_or_effectively_constant_in_fit,True,retained_at_50_in_snapshot_all_train_reference,Semantically authorized. Apply the frozen support rule independently within each scenario and temporal block using fit participants only.
PTDEMOG,participant,32,PTLANGSP1,PTDEMOG__PTLANGSP1,True,categorical,missing_token+one_hot_ignore_unknown,demographic_language_category,participant_demographic_code_or_category,automatic_proposal,,participant_level_enter_once_not_duplicated,50,distinct_fit_participants_with_observed_original_feature,recomputed_per_scenario_and_per_temporal_block_on_fit_data,remove_if_support_lt_50_or_all_missing_or_effectively_constant_in_fit,56,True,0.008796779484121,7,False,False,False,categorical_numeric_code_candidate,one_hot_or_numeric_review,numeric_looking_code_requires_semantic_review|train_missingness_at_least_99_percent,True,categorical,missing_token+one_hot_ignore_unknown,demographic_language_category,benchmark04b_semantic_audit_approved,semantic_support_candidate_not_official_v0.1.2,matched,1,ADNI4,Speaking,N,1=almost none; 2=very poor; 3=fair; 4=functional; 5=good; 6=very good; 7=like native speaker,,,,1,1,True,categorical,missing_token+one_hot_ignore_unknown,demographic_language_category,confirmed,dictionary_consistent_with_candidate_schema,,False,1,7,1,True,0,True,7,0,0,0,0,0,0,0,0,True,1,0,1,True,0.1.0,False,approved_for_support_pilot,dictionary_domain_and_observed_phase_semantics_are_compatible_in_training,single_observed_phase,False,all_observed_values_documented,consistent,consistent,56,56,True,categorical,missing_token+one_hot_ignore_unknown,demographic_language_category,approved,benchmark04b_semantic_audit_approved,identity,False,False,,,0,0,0,0,True,True,True,0.1.2,True,2|10|30|50|100,56,True,True,True,True,False,1.0.0,True,benchmark04e_freeze_feature_schema,acfd34080ed60c0a6f59,True,categorical,missing_token+one_hot_ignore_unknown,demographic_language_category,identity,50,distinct_fit_participants_with_observed_original_feature,recomputed_per_scenario_and_per_temporal_block_on_fit_data,False,True,True,remove_if_support_lt_50_or_all_missing_or_effectively_constant_in_fit,True,retained_at_50_in_snapshot_all_train_reference,Semantically authorized. Apply the frozen support rule independently within each scenario and temporal block using fit participants only.
PTDEMOG,participant,33,PTLANGRD1,PTDEMOG__PTLANGRD1,True,categorical,missing_token+one_hot_ignore_unknown,demographic_language_category,participant_demographic_code_or_category,automatic_proposal,,participant_level_enter_once_not_duplicated,50,distinct_fit_participants_with_observed_original_feature,recomputed_per_scenario_and_per_temporal_block_on_fit_data,remove_if_support_lt_50_or_all_missing_or_effectively_constant_in_fit,56,True,0.008796779484121,7,False,False,False,categorical_numeric_code_candidate,one_hot_or_numeric_review,numeric_looking_code_requires_semantic_review|train_missingness_at_least_99_percent,True,categorical,missing_token+one_hot_ignore_unknown,demographic_language_category,benchmark04b_semantic_audit_approved,semantic_support_candidate_not_official_v0.1.2,matched,1,ADNI4,Reading,N,1=almost none; 2=very poor; 3=fair; 4=functional; 5=good; 6=very good; 7=like native speaker,,,,1,1,True,categorical,missing_token+one_hot_ignore_unknown,demographic_language_category,confirmed,dictionary_consistent_with_candidate_schema,,False,1,7,1,True,0,True,7,0,0,0,0,0,0,0,0,True,1,0,1,True,0.1.0,False,approved_for_support_pilot,dictionary_domain_and_observed_phase_semantics_are_compatible_in_training,single_observed_phase,False,all_observed_values_documented,consistent,consistent,56,56,True,categorical,missing_token+one_hot_ignore_unknown,demographic_language_category,approved,benchmark04b_semantic_audit_approved,identity,False,False,,,0,0,0,0,True,True,True,0.1.2,True,2|10|30|50|100,56,True,True,True,True,False,1.0.0,True,benchmark04e_freeze_feature_schema,acfd34080ed60c0a6f59,True,categorical,missing_token+one_hot_ignore_unknown,demographic_language_category,identity,50,distinct_fit_participants_with_observed_original_feature,recomputed_per_scenario_and_per_temporal_block_on_fit_data,False,True,True,remove_if_support_lt_50_or_all_missing_or_effectively_constant_in_fit,True,retained_at_50_in_snapshot_all_train_reference,Semantically authorized. Apply the frozen support rule independently within each scenario and temporal block using fit participants only.
PTDEMOG,participant,34,PTLANGWR1,PTDEMOG__PTLANGWR1,True,categorical,missing_token+one_hot_ignore_unknown,demographic_language_category,participant_demographic_code_or_category,automatic_proposal,,participant_level_enter_once_not_duplicated,50,distinct_fit_participants_with_observed_original_feature,recomputed_per_scenario_and_per_temporal_block_on_fit_data,remove_if_support_lt_50_or_all_missing_or_effectively_constant_in_fit,56,True,0.008796779484121,7,False,False,False,categorical_numeric_code_candidate,one_hot_or_numeric_review,numeric_looking_code_requires_semantic_review|train_missingness_at_least_99_percent,True,categorical,missing_token+one_hot_ignore_unknown,demographic_language_category,benchmark04b_semantic_audit_approved,semantic_support_candidate_not_official_v0.1.2,matched,1,ADNI4,Writing,N,1=almost none; 2=very poor; 3=fair; 4=functional; 5=good; 6=very good; 7=like native speaker,,,,1,1,True,categorical,missing_token+one_hot_ignore_unknown,demographic_language_category,confirmed,dictionary_consistent_with_candidate_schema,,False,1,7,1,True,0,True,7,0,0,0,0,0,0,0,0,True,1,0,1,True,0.1.0,False,approved_for_support_pilot,dictionary_domain_and_observed_phase_semantics_are_compatible_in_training,single_observed_phase,False,all_observed_values_documented,consistent,consistent,56,56,True,categorical,missing_token+one_hot_ignore_unknown,demographic_language_category,approved,benchmark04b_semantic_audit_approved,identity,False,False,,,0,0,0,0,True,True,True,0.1.2,True,2|10|30|50|100,56,True,True,True,True,False,1.0.0,True,benchmark04e_freeze_feature_schema,acfd34080ed60c0a6f59,True,categorical,missing_token+one_hot_ignore_unknown,demographic_language_category,identity,50,distinct_fit_participants_with_observed_original_feature,recomputed_per_scenario_and_per_temporal_block_on_fit_data,False,True,True,remove_if_support_lt_50_or_all_missing_or_effectively_constant_in_fit,True,retained_at_50_in_snapshot_all_train_reference,Semantically authorized. Apply the frozen support rule independently within each scenario and temporal block using fit participants only.
PTDEMOG,participant,35,PTLANGUN1,PTDEMOG__PTLANGUN1,True,categorical,missing_token+one_hot_ignore_unknown,demographic_language_category,participant_demographic_code_or_category,automatic_proposal,,participant_level_enter_once_not_duplicated,50,distinct_fit_participants_with_observed_original_feature,recomputed_per_scenario_and_per_temporal_block_on_fit_data,remove_if_support_lt_50_or_all_missing_or_effectively_constant_in_fit,56,True,0.008796779484121,7,False,False,False,categorical_numeric_code_candidate,one_hot_or_numeric_review,numeric_looking_code_requires_semantic_review|train_missingness_at_least_99_percent,True,categorical,missing_token+one_hot_ignore_unknown,demographic_language_category,benchmark04b_semantic_audit_approved,semantic_support_candidate_not_official_v0.1.2,matched,1,ADNI4,Understanding,N,1=almost none; 2=very poor; 3=fair; 4=functional; 5=good; 6=very good; 7=like native speaker,,,,1,1,True,categorical,missing_token+one_hot_ignore_unknown,demographic_language_category,confirmed,dictionary_consistent_with_candidate_schema,,False,1,7,1,True,0,True,7,0,0,0,0,0,0,0,0,True,1,0,1,True,0.1.0,False,approved_for_support_pilot,dictionary_domain_and_observed_phase_semantics_are_compatible_in_training,single_observed_phase,False,all_observed_values_documented,consistent,consistent,56,56,True,categorical,missing_token+one_hot_ignore_unknown,demographic_language_category,approved,benchmark04b_semantic_audit_approved,identity,False,False,,,0,0,0,0,True,True,True,0.1.2,True,2|10|30|50|100,56,True,True,True,True,False,1.0.0,True,benchmark04e_freeze_feature_schema,acfd34080ed60c0a6f59,True,categorical,missing_token+one_hot_ignore_unknown,demographic_language_category,identity,50,distinct_fit_participants_with_observed_original_feature,recomputed_per_scenario_and_per_temporal_block_on_fit_data,False,True,True,remove_if_support_lt_50_or_all_missing_or_effectively_constant_in_fit,True,retained_at_50_in_snapshot_all_train_reference,Semantically authorized. Apply the frozen support rule independently within each scenario and temporal block using fit participants only.
PTDEMOG,participant,36,PTLANGPR2,PTDEMOG__PTLANGPR2,True,categorical,missing_token+one_hot_ignore_unknown,demographic_language_category,participant_demographic_code_or_category,automatic_proposal,,participant_level_enter_once_not_duplicated,50,distinct_fit_participants_with_observed_original_feature,recomputed_per_scenario_and_per_temporal_block_on_fit_data,remove_if_support_lt_50_or_all_missing_or_effectively_constant_in_fit,56,True,0.008796779484121,2,False,False,False,binary_numeric_candidate,binary_or_one_hot_review,numeric_looking_code_requires_semantic_review|train_missingness_at_least_99_percent,True,categorical,missing_token+one_hot_ignore_unknown,demographic_language_category,benchmark04b_semantic_audit_approved,semantic_support_candidate_not_official_v0.1.2,matched,1,ADNI4,Language 2,N,0=No; 1=Yes,,,,1,1,True,categorical,missing_token+one_hot_ignore_unknown,demographic_language_category,confirmed,dictionary_consistent_with_candidate_schema,,False,1,2,1,True,0,True,2,0,0,0,0,0,0,0,0,True,1,0,1,True,0.1.0,False,approved_for_support_pilot,dictionary_domain_and_observed_phase_semantics_are_compatible_in_training,single_observed_phase,False,all_observed_values_documented,consistent,consistent,56,56,True,categorical,missing_token+one_hot_ignore_unknown,demographic_language_category,approved,benchmark04b_semantic_audit_approved,identity,False,False,,,0,0,0,0,True,True,True,0.1.2,True,2|10|30|50|100,56,True,True,True,True,False,1.0.0,True,benchmark04e_freeze_feature_schema,acfd34080ed60c0a6f59,True,categorical,missing_token+one_hot_ignore_unknown,demographic_language_category,identity,50,distinct_fit_participants_with_observed_original_feature,recomputed_per_scenario_and_per_temporal_block_on_fit_data,False,True,True,remove_if_support_lt_50_or_all_missing_or_effectively_constant_in_fit,True,retained_at_50_in_snapshot_all_train_reference,Semantically authorized. Apply the frozen support rule independently within each scenario and temporal block using fit participants only.
PTDEMOG,participant,37,PTLANGSP2,PTDEMOG__PTLANGSP2,True,categorical,missing_token+one_hot_ignore_unknown,demographic_language_category,participant_demographic_code_or_category,automatic_proposal,,participant_level_enter_once_not_duplicated,50,distinct_fit_participants_with_observed_original_feature,recomputed_per_scenario_and_per_temporal_block_on_fit_data,remove_if_support_lt_50_or_all_missing_or_effectively_constant_in_fit,52,True,0.0082003876546891,7,False,False,False,categorical_numeric_code_candidate,one_hot_or_numeric_review,numeric_looking_code_requires_semantic_review|train_missingness_at_least_99_percent,True,categorical,missing_token+one_hot_ignore_unknown,demographic_language_category,benchmark04b_semantic_audit_approved,semantic_support_candidate_not_official_v0.1.2,matched,1,ADNI4,Speaking,N,1=almost none; 2=very poor; 3=fair; 4=functional; 5=good; 6=very good; 7=like native speaker,,,,1,1,True,categorical,missing_token+one_hot_ignore_unknown,demographic_language_category,confirmed,dictionary_consistent_with_candidate_schema,,False,1,7,1,True,0,True,7,0,0,0,0,0,0,0,0,True,1,0,1,True,0.1.0,False,approved_for_support_pilot,dictionary_domain_and_observed_phase_semantics_are_compatible_in_training,single_observed_phase,False,all_observed_values_documented,consistent,consistent,52,52,True,categorical,missing_token+one_hot_ignore_unknown,demographic_language_category,approved,benchmark04b_semantic_audit_approved,identity,False,False,,,0,0,0,0,True,True,True,0.1.2,True,2|10|30|50|100,52,True,True,True,True,False,1.0.0,True,benchmark04e_freeze_feature_schema,acfd34080ed60c0a6f59,True,categorical,missing_token+one_hot_ignore_unknown,demographic_language_category,identity,50,distinct_fit_participants_with_observed_original_feature,recomputed_per_scenario_and_per_temporal_block_on_fit_data,False,True,True,remove_if_support_lt_50_or_all_missing_or_effectively_constant_in_fit,True,retained_at_50_in_snapshot_all_train_reference,Semantically authorized. Apply the frozen support rule independently within each scenario and temporal block using fit participants only.
PTDEMOG,participant,38,PTLANGRD2,PTDEMOG__PTLANGRD2,True,categorical,missing_token+one_hot_ignore_unknown,demographic_language_category,participant_demographic_code_or_category,automatic_proposal,,participant_level_enter_once_not_duplicated,50,distinct_fit_participants_with_observed_original_feature,recomputed_per_scenario_and_per_temporal_block_on_fit_data,remove_if_support_lt_50_or_all_missing_or_effectively_constant_in_fit,52,True,0.0082003876546891,7,False,False,False,categorical_numeric_code_candidate,one_hot_or_numeric_review,numeric_looking_code_requires_semantic_review|train_missingness_at_least_99_percent,True,categorical,missing_token+one_hot_ignore_unknown,demographic_language_category,benchmark04b_semantic_audit_approved,semantic_support_candidate_not_official_v0.1.2,matched,1,ADNI4,Reading,N,1=almost none; 2=very poor; 3=fair; 4=functional; 5=good; 6=very good; 7=like native speaker,,,,1,1,True,categorical,missing_token+one_hot_ignore_unknown,demographic_language_category,confirmed,dictionary_consistent_with_candidate_schema,,False,1,7,1,True,0,True,7,0,0,0,0,0,0,0,0,True,1,0,1,True,0.1.0,False,approved_for_support_pilot,dictionary_domain_and_observed_phase_semantics_are_compatible_in_training,single_observed_phase,False,all_observed_values_documented,consistent,consistent,52,52,True,categorical,missing_token+one_hot_ignore_unknown,demographic_language_category,approved,benchmark04b_semantic_audit_approved,identity,False,False,,,0,0,0,0,True,True,True,0.1.2,True,2|10|30|50|100,52,True,True,True,True,False,1.0.0,True,benchmark04e_freeze_feature_schema,acfd34080ed60c0a6f59,True,categorical,missing_token+one_hot_ignore_unknown,demographic_language_category,identity,50,distinct_fit_participants_with_observed_original_feature,recomputed_per_scenario_and_per_temporal_block_on_fit_data,False,True,True,remove_if_support_lt_50_or_all_missing_or_effectively_constant_in_fit,True,retained_at_50_in_snapshot_all_train_reference,Semantically authorized. Apply the frozen support rule independently within each scenario and temporal block using fit participants only.
PTDEMOG,participant,39,PTLANGWR2,PTDEMOG__PTLANGWR2,True,categorical,missing_token+one_hot_ignore_unknown,demographic_language_category,participant_demographic_code_or_category,automatic_proposal,,participant_level_enter_once_not_duplicated,50,distinct_fit_participants_with_observed_original_feature,recomputed_per_scenario_and_per_temporal_block_on_fit_data,remove_if_support_lt_50_or_all_missing_or_effectively_constant_in_fit,52,True,0.0082003876546891,6,False,False,False,categorical_numeric_code_candidate,one_hot_or_numeric_review,numeric_looking_code_requires_semantic_review|train_missingness_at_least_99_percent,True,categorical,missing_token+one_hot_ignore_unknown,demographic_language_category,benchmark04b_semantic_audit_approved,semantic_support_candidate_not_official_v0.1.2,matched,1,ADNI4,Writing,N,1=almost none; 2=very poor; 3=fair; 4=functional; 5=good; 6=very good; 7=like native speaker,,,,1,1,True,categorical,missing_token+one_hot_ignore_unknown,demographic_language_category,confirmed,dictionary_consistent_with_candidate_schema,,False,1,6,1,True,0,True,6,0,0,0,0,0,0,0,0,True,1,0,1,True,0.1.0,False,approved_for_support_pilot,dictionary_domain_and_observed_phase_semantics_are_compatible_in_training,single_observed_phase,False,all_observed_values_documented,consistent,consistent,52,52,True,categorical,missing_token+one_hot_ignore_unknown,demographic_language_category,approved,benchmark04b_semantic_audit_approved,identity,False,False,,,0,0,0,0,True,True,True,0.1.2,True,2|10|30|50|100,52,True,True,True,True,False,1.0.0,True,benchmark04e_freeze_feature_schema,acfd34080ed60c0a6f59,True,categorical,missing_token+one_hot_ignore_unknown,demographic_language_category,identity,50,distinct_fit_participants_with_observed_original_feature,recomputed_per_scenario_and_per_temporal_block_on_fit_data,False,True,True,remove_if_support_lt_50_or_all_missing_or_effectively_constant_in_fit,True,retained_at_50_in_snapshot_all_train_reference,Semantically authorized. Apply the frozen support rule independently within each scenario and temporal block using fit participants only.
PTDEMOG,participant,40,PTLANGUN2,PTDEMOG__PTLANGUN2,True,categorical,missing_token+one_hot_ignore_unknown,demographic_language_category,participant_demographic_code_or_category,automatic_proposal,,participant_level_enter_once_not_duplicated,50,distinct_fit_participants_with_observed_original_feature,recomputed_per_scenario_and_per_temporal_block_on_fit_data,remove_if_support_lt_50_or_all_missing_or_effectively_constant_in_fit,52,True,0.0082003876546891,7,False,False,False,categorical_numeric_code_candidate,one_hot_or_numeric_review,numeric_looking_code_requires_semantic_review|train_missingness_at_least_99_percent,True,categorical,missing_token+one_hot_ignore_unknown,demographic_language_category,benchmark04b_semantic_audit_approved,semantic_support_candidate_not_official_v0.1.2,matched,1,ADNI4,Understanding,N,1=almost none; 2=very poor; 3=fair; 4=functional; 5=good; 6=very good; 7=like native speaker,,,,1,1,True,categorical,missing_token+one_hot_ignore_unknown,demographic_language_category,confirmed,dictionary_consistent_with_candidate_schema,,False,1,7,1,True,0,True,7,0,0,0,0,0,0,0,0,True,1,0,1,True,0.1.0,False,approved_for_support_pilot,dictionary_domain_and_observed_phase_semantics_are_compatible_in_training,single_observed_phase,False,all_observed_values_documented,consistent,consistent,52,52,True,categorical,missing_token+one_hot_ignore_unknown,demographic_language_category,approved,benchmark04b_semantic_audit_approved,identity,False,False,,,0,0,0,0,True,True,True,0.1.2,True,2|10|30|50|100,52,True,True,True,True,False,1.0.0,True,benchmark04e_freeze_feature_schema,acfd34080ed60c0a6f59,True,categorical,missing_token+one_hot_ignore_unknown,demographic_language_category,identity,50,distinct_fit_participants_with_observed_original_feature,recomputed_per_scenario_and_per_temporal_block_on_fit_data,False,True,True,remove_if_support_lt_50_or_all_missing_or_effectively_constant_in_fit,True,retained_at_50_in_snapshot_all_train_reference,Semantically authorized. Apply the frozen support rule independently within each scenario and temporal block using fit participants only.
PTDEMOG,participant,41,PTLANGPR3,PTDEMOG__PTLANGPR3,True,categorical,missing_token+one_hot_ignore_unknown,demographic_language_category,participant_demographic_code_or_category,automatic_proposal,,participant_level_enter_once_not_duplicated,50,distinct_fit_participants_with_observed_original_feature,recomputed_per_scenario_and_per_temporal_block_on_fit_data,remove_if_support_lt_50_or_all_missing_or_effectively_constant_in_fit,52,True,0.0082003876546891,2,False,False,False,binary_numeric_candidate,binary_or_one_hot_review,numeric_looking_code_requires_semantic_review|train_missingness_at_least_99_percent,True,categorical,missing_token+one_hot_ignore_unknown,demographic_language_category,benchmark04b_semantic_audit_approved,semantic_support_candidate_not_official_v0.1.2,matched,1,ADNI4,Language 3,N,0=No; 1=Yes,,,,1,1,True,categorical,missing_token+one_hot_ignore_unknown,demographic_language_category,confirmed,dictionary_consistent_with_candidate_schema,,False,1,2,1,True,0,True,2,0,0,0,0,0,0,0,0,True,1,0,1,True,0.1.0,False,approved_for_support_pilot,dictionary_domain_and_observed_phase_semantics_are_compatible_in_training,single_observed_phase,False,all_observed_values_documented,consistent,consistent,52,52,True,categorical,missing_token+one_hot_ignore_unknown,demographic_language_category,approved,benchmark04b_semantic_audit_approved,identity,False,False,,,0,0,0,0,True,True,True,0.1.2,True,2|10|30|50|100,52,True,True,True,True,False,1.0.0,True,benchmark04e_freeze_feature_schema,acfd34080ed60c0a6f59,True,categorical,missing_token+one_hot_ignore_unknown,demographic_language_category,identity,50,distinct_fit_participants_with_observed_original_feature,recomputed_per_scenario_and_per_temporal_block_on_fit_data,False,True,True,remove_if_support_lt_50_or_all_missing_or_effectively_constant_in_fit,True,retained_at_50_in_snapshot_all_train_reference,Semantically authorized. Apply the frozen support rule independently within each scenario and temporal block using fit participants only.
PTDEMOG,participant,42,PTLANGSP3,PTDEMOG__PTLANGSP3,True,categorical,missing_token+one_hot_ignore_unknown,demographic_language_category,participant_demographic_code_or_category,automatic_proposal,,participant_level_enter_once_not_duplicated,50,distinct_fit_participants_with_observed_original_feature,recomputed_per_scenario_and_per_temporal_block_on_fit_data,remove_if_support_lt_50_or_all_missing_or_effectively_constant_in_fit,18,False,0.0026837632324437,7,False,False,False,categorical_numeric_code_candidate,one_hot_or_numeric_review,numeric_looking_code_requires_semantic_review|train_missingness_at_least_99_percent|low_train_participant_support_review,True,categorical,missing_token+one_hot_ignore_unknown,demographic_language_category,benchmark04b_semantic_audit_approved,semantic_support_candidate_not_official_v0.1.2,matched,1,ADNI4,Speaking,N,1=almost none; 2=very poor; 3=fair; 4=functional; 5=good; 6=very good; 7=like native speaker,,,,1,1,True,categorical,missing_token+one_hot_ignore_unknown,demographic_language_category,confirmed,dictionary_consistent_with_candidate_schema,,False,1,7,1,True,0,True,7,0,0,0,0,0,0,0,0,True,1,0,1,True,0.1.0,False,approved_for_support_pilot,dictionary_domain_and_observed_phase_semantics_are_compatible_in_training,single_observed_phase,False,all_observed_values_documented,consistent,consistent,18,18,True,categorical,missing_token+one_hot_ignore_unknown,demographic_language_category,approved,benchmark04b_semantic_audit_approved,identity,False,False,,,0,0,0,0,True,True,True,0.1.2,True,2|10|30|50|100,18,True,True,False,False,False,1.0.0,True,benchmark04e_freeze_feature_schema,acfd34080ed60c0a6f59,True,categorical,missing_token+one_hot_ignore_unknown,demographic_language_category,identity,50,distinct_fit_participants_with_observed_original_feature,recomputed_per_scenario_and_per_temporal_block_on_fit_data,False,True,True,remove_if_support_lt_50_or_all_missing_or_effectively_constant_in_fit,False,semantically_authorized_but_below_50_in_snapshot_all_train_reference,Semantically authorized. Apply the frozen support rule independently within each scenario and temporal block using fit participants only.
PTDEMOG,participant,43,PTLANGRD3,PTDEMOG__PTLANGRD3,True,categorical,missing_token+one_hot_ignore_unknown,demographic_language_category,participant_demographic_code_or_category,automatic_proposal,,participant_level_enter_once_not_duplicated,50,distinct_fit_participants_with_observed_original_feature,recomputed_per_scenario_and_per_temporal_block_on_fit_data,remove_if_support_lt_50_or_all_missing_or_effectively_constant_in_fit,18,False,0.0026837632324437,7,False,False,False,categorical_numeric_code_candidate,one_hot_or_numeric_review,numeric_looking_code_requires_semantic_review|train_missingness_at_least_99_percent|low_train_participant_support_review,True,categorical,missing_token+one_hot_ignore_unknown,demographic_language_category,benchmark04b_semantic_audit_approved,semantic_support_candidate_not_official_v0.1.2,matched,1,ADNI4,Reading,N,1=almost none; 2=very poor; 3=fair; 4=functional; 5=good; 6=very good; 7=like native speaker,,,,1,1,True,categorical,missing_token+one_hot_ignore_unknown,demographic_language_category,confirmed,dictionary_consistent_with_candidate_schema,,False,1,7,1,True,0,True,7,0,0,0,0,0,0,0,0,True,1,0,1,True,0.1.0,False,approved_for_support_pilot,dictionary_domain_and_observed_phase_semantics_are_compatible_in_training,single_observed_phase,False,all_observed_values_documented,consistent,consistent,18,18,True,categorical,missing_token+one_hot_ignore_unknown,demographic_language_category,approved,benchmark04b_semantic_audit_approved,identity,False,False,,,0,0,0,0,True,True,True,0.1.2,True,2|10|30|50|100,18,True,True,False,False,False,1.0.0,True,benchmark04e_freeze_feature_schema,acfd34080ed60c0a6f59,True,categorical,missing_token+one_hot_ignore_unknown,demographic_language_category,identity,50,distinct_fit_participants_with_observed_original_feature,recomputed_per_scenario_and_per_temporal_block_on_fit_data,False,True,True,remove_if_support_lt_50_or_all_missing_or_effectively_constant_in_fit,False,semantically_authorized_but_below_50_in_snapshot_all_train_reference,Semantically authorized. Apply the frozen support rule independently within each scenario and temporal block using fit participants only.
PTDEMOG,participant,44,PTLANGWR3,PTDEMOG__PTLANGWR3,True,categorical,missing_token+one_hot_ignore_unknown,demographic_language_category,participant_demographic_code_or_category,automatic_proposal,,participant_level_enter_once_not_duplicated,50,distinct_fit_participants_with_observed_original_feature,recomputed_per_scenario_and_per_temporal_block_on_fit_data,remove_if_support_lt_50_or_all_missing_or_effectively_constant_in_fit,18,False,0.0026837632324437,7,False,False,False,categorical_numeric_code_candidate,one_hot_or_numeric_review,numeric_looking_code_requires_semantic_review|train_missingness_at_least_99_percent|low_train_participant_support_review,True,categorical,missing_token+one_hot_ignore_unknown,demographic_language_category,benchmark04b_semantic_audit_approved,semantic_support_candidate_not_official_v0.1.2,matched,1,ADNI4,Writing,N,1=almost none; 2=very poor; 3=fair; 4=functional; 5=good; 6=very good; 7=like native speaker,,,,1,1,True,categorical,missing_token+one_hot_ignore_unknown,demographic_language_category,confirmed,dictionary_consistent_with_candidate_schema,,False,1,7,1,True,0,True,7,0,0,0,0,0,0,0,0,True,1,0,1,True,0.1.0,False,approved_for_support_pilot,dictionary_domain_and_observed_phase_semantics_are_compatible_in_training,single_observed_phase,False,all_observed_values_documented,consistent,consistent,18,18,True,categorical,missing_token+one_hot_ignore_unknown,demographic_language_category,approved,benchmark04b_semantic_audit_approved,identity,False,False,,,0,0,0,0,True,True,True,0.1.2,True,2|10|30|50|100,18,True,True,False,False,False,1.0.0,True,benchmark04e_freeze_feature_schema,acfd34080ed60c0a6f59,True,categorical,missing_token+one_hot_ignore_unknown,demographic_language_category,identity,50,distinct_fit_participants_with_observed_original_feature,recomputed_per_scenario_and_per_temporal_block_on_fit_data,False,True,True,remove_if_support_lt_50_or_all_missing_or_effectively_constant_in_fit,False,semantically_authorized_but_below_50_in_snapshot_all_train_reference,Semantically authorized. Apply the frozen support rule independently within each scenario and temporal block using fit participants only.
PTDEMOG,participant,45,PTLANGUN3,PTDEMOG__PTLANGUN3,True,categorical,missing_token+one_hot_ignore_unknown,demographic_language_category,participant_demographic_code_or_category,automatic_proposal,,participant_level_enter_once_not_duplicated,50,distinct_fit_participants_with_observed_original_feature,recomputed_per_scenario_and_per_temporal_block_on_fit_data,remove_if_support_lt_50_or_all_missing_or_effectively_constant_in_fit,18,False,0.0026837632324437,6,False,False,False,categorical_numeric_code_candidate,one_hot_or_numeric_review,numeric_looking_code_requires_semantic_review|train_missingness_at_least_99_percent|low_train_participant_support_review,True,categorical,missing_token+one_hot_ignore_unknown,demographic_language_category,benchmark04b_semantic_audit_approved,semantic_support_candidate_not_official_v0.1.2,matched,1,ADNI4,Understanding,N,1=almost none; 2=very poor; 3=fair; 4=functional; 5=good; 6=very good; 7=like native speaker,,,,1,1,True,categorical,missing_token+one_hot_ignore_unknown,demographic_language_category,confirmed,dictionary_consistent_with_candidate_schema,,False,1,6,1,True,0,True,6,0,0,0,0,0,0,0,0,True,1,0,1,True,0.1.0,False,approved_for_support_pilot,dictionary_domain_and_observed_phase_semantics_are_compatible_in_training,single_observed_phase,False,all_observed_values_documented,consistent,consistent,18,18,True,categorical,missing_token+one_hot_ignore_unknown,demographic_language_category,approved,benchmark04b_semantic_audit_approved,identity,False,False,,,0,0,0,0,True,True,True,0.1.2,True,2|10|30|50|100,18,True,True,False,False,False,1.0.0,True,benchmark04e_freeze_feature_schema,acfd34080ed60c0a6f59,True,categorical,missing_token+one_hot_ignore_unknown,demographic_language_category,identity,50,distinct_fit_participants_with_observed_original_feature,recomputed_per_scenario_and_per_temporal_block_on_fit_data,False,True,True,remove_if_support_lt_50_or_all_missing_or_effectively_constant_in_fit,False,semantically_authorized_but_below_50_in_snapshot_all_train_reference,Semantically authorized. Apply the frozen support rule independently within each scenario and temporal block using fit participants only.
PTDEMOG,participant,46,PTLANGPR4,PTDEMOG__PTLANGPR4,True,categorical,missing_token+one_hot_ignore_unknown,demographic_language_category,participant_demographic_code_or_category,automatic_proposal,,participant_level_enter_once_not_duplicated,50,distinct_fit_participants_with_observed_original_feature,recomputed_per_scenario_and_per_temporal_block_on_fit_data,remove_if_support_lt_50_or_all_missing_or_effectively_constant_in_fit,18,False,0.0026837632324437,2,False,False,False,binary_numeric_candidate,binary_or_one_hot_review,numeric_looking_code_requires_semantic_review|train_missingness_at_least_99_percent|low_train_participant_support_review,True,categorical,missing_token+one_hot_ignore_unknown,demographic_language_category,benchmark04b_semantic_audit_approved,semantic_support_candidate_not_official_v0.1.2,matched,1,ADNI4,Language 4,N,0=No; 1=Yes,,,,1,1,True,categorical,missing_token+one_hot_ignore_unknown,demographic_language_category,confirmed,dictionary_consistent_with_candidate_schema,,False,1,2,1,True,0,True,2,0,0,0,0,0,0,0,0,True,1,0,1,True,0.1.0,False,approved_for_support_pilot,dictionary_domain_and_observed_phase_semantics_are_compatible_in_training,single_observed_phase,False,all_observed_values_documented,consistent,consistent,18,18,True,categorical,missing_token+one_hot_ignore_unknown,demographic_language_category,approved,benchmark04b_semantic_audit_approved,identity,False,False,,,0,0,0,0,True,True,True,0.1.2,True,2|10|30|50|100,18,True,True,False,False,False,1.0.0,True,benchmark04e_freeze_feature_schema,acfd34080ed60c0a6f59,True,categorical,missing_token+one_hot_ignore_unknown,demographic_language_category,identity,50,distinct_fit_participants_with_observed_original_feature,recomputed_per_scenario_and_per_temporal_block_on_fit_data,False,True,True,remove_if_support_lt_50_or_all_missing_or_effectively_constant_in_fit,False,semantically_authorized_but_below_50_in_snapshot_all_train_reference,Semantically authorized. Apply the frozen support rule independently within each scenario and temporal block using fit participants only.
PTDEMOG,participant,47,PTLANGSP4,PTDEMOG__PTLANGSP4,True,categorical,missing_token+one_hot_ignore_unknown,demographic_language_category,participant_demographic_code_or_category,automatic_proposal,,participant_level_enter_once_not_duplicated,50,distinct_fit_participants_with_observed_original_feature,recomputed_per_scenario_and_per_temporal_block_on_fit_data,remove_if_support_lt_50_or_all_missing_or_effectively_constant_in_fit,10,False,0.0014909795735798,5,False,False,False,categorical_numeric_code_candidate,one_hot_or_numeric_review,numeric_looking_code_requires_semantic_review|train_missingness_at_least_99_percent|low_train_participant_support_review,True,categorical,missing_token+one_hot_ignore_unknown,demographic_language_category,benchmark04b_semantic_audit_approved,semantic_support_candidate_not_official_v0.1.2,matched,1,ADNI4,Speaking,N,1=almost none; 2=very poor; 3=fair; 4=functional; 5=good; 6=very good; 7=like native speaker,,,,1,1,True,categorical,missing_token+one_hot_ignore_unknown,demographic_language_category,confirmed,dictionary_consistent_with_candidate_schema,,False,1,5,1,True,0,True,5,0,0,0,0,0,0,0,0,True,1,0,1,True,0.1.0,False,approved_for_support_pilot,dictionary_domain_and_observed_phase_semantics_are_compatible_in_training,single_observed_phase,False,all_observed_values_documented,consistent,consistent,10,10,True,categorical,missing_token+one_hot_ignore_unknown,demographic_language_category,approved,benchmark04b_semantic_audit_approved,identity,False,False,,,0,0,0,0,True,True,True,0.1.2,True,2|10|30|50|100,10,True,True,False,False,False,1.0.0,True,benchmark04e_freeze_feature_schema,acfd34080ed60c0a6f59,True,categorical,missing_token+one_hot_ignore_unknown,demographic_language_category,identity,50,distinct_fit_participants_with_observed_original_feature,recomputed_per_scenario_and_per_temporal_block_on_fit_data,False,True,True,remove_if_support_lt_50_or_all_missing_or_effectively_constant_in_fit,False,semantically_authorized_but_below_50_in_snapshot_all_train_reference,Semantically authorized. Apply the frozen support rule independently within each scenario and temporal block using fit participants only.
PTDEMOG,participant,48,PTLANGRD4,PTDEMOG__PTLANGRD4,True,categorical,missing_token+one_hot_ignore_unknown,demographic_language_category,participant_demographic_code_or_category,automatic_proposal,,participant_level_enter_once_not_duplicated,50,distinct_fit_participants_with_observed_original_feature,recomputed_per_scenario_and_per_temporal_block_on_fit_data,remove_if_support_lt_50_or_all_missing_or_effectively_constant_in_fit,10,False,0.0014909795735798,5,False,False,False,categorical_numeric_code_candidate,one_hot_or_numeric_review,numeric_looking_code_requires_semantic_review|train_missingness_at_least_99_percent|low_train_participant_support_review,True,categorical,missing_token+one_hot_ignore_unknown,demographic_language_category,benchmark04b_semantic_audit_approved,semantic_support_candidate_not_official_v0.1.2,matched,1,ADNI4,Reading,N,1=almost none; 2=very poor; 3=fair; 4=functional; 5=good; 6=very good; 7=like native speaker,,,,1,1,True,categorical,missing_token+one_hot_ignore_unknown,demographic_language_category,confirmed,dictionary_consistent_with_candidate_schema,,False,1,5,1,True,0,True,5,0,0,0,0,0,0,0,0,True,1,0,1,True,0.1.0,False,approved_for_support_pilot,dictionary_domain_and_observed_phase_semantics_are_compatible_in_training,single_observed_phase,False,all_observed_values_documented,consistent,consistent,10,10,True,categorical,missing_token+one_hot_ignore_unknown,demographic_language_category,approved,benchmark04b_semantic_audit_approved,identity,False,False,,,0,0,0,0,True,True,True,0.1.2,True,2|10|30|50|100,10,True,True,False,False,False,1.0.0,True,benchmark04e_freeze_feature_schema,acfd34080ed60c0a6f59,True,categorical,missing_token+one_hot_ignore_unknown,demographic_language_category,identity,50,distinct_fit_participants_with_observed_original_feature,recomputed_per_scenario_and_per_temporal_block_on_fit_data,False,True,True,remove_if_support_lt_50_or_all_missing_or_effectively_constant_in_fit,False,semantically_authorized_but_below_50_in_snapshot_all_train_reference,Semantically authorized. Apply the frozen support rule independently within each scenario and temporal block using fit participants only.
PTDEMOG,participant,49,PTLANGWR4,PTDEMOG__PTLANGWR4,True,categorical,missing_token+one_hot_ignore_unknown,demographic_language_category,participant_demographic_code_or_category,automatic_proposal,,participant_level_enter_once_not_duplicated,50,distinct_fit_participants_with_observed_original_feature,recomputed_per_scenario_and_per_temporal_block_on_fit_data,remove_if_support_lt_50_or_all_missing_or_effectively_constant_in_fit,10,False,0.0014909795735798,5,False,False,False,categorical_numeric_code_candidate,one_hot_or_numeric_review,numeric_looking_code_requires_semantic_review|train_missingness_at_least_99_percent|low_train_participant_support_review,True,categorical,missing_token+one_hot_ignore_unknown,demographic_language_category,benchmark04b_semantic_audit_approved,semantic_support_candidate_not_official_v0.1.2,matched,1,ADNI4,Writing,N,1=almost none; 2=very poor; 3=fair; 4=functional; 5=good; 6=very good; 7=like native speaker,,,,1,1,True,categorical,missing_token+one_hot_ignore_unknown,demographic_language_category,confirmed,dictionary_consistent_with_candidate_schema,,False,1,5,1,True,0,True,5,0,0,0,0,0,0,0,0,True,1,0,1,True,0.1.0,False,approved_for_support_pilot,dictionary_domain_and_observed_phase_semantics_are_compatible_in_training,single_observed_phase,False,all_observed_values_documented,consistent,consistent,10,10,True,categorical,missing_token+one_hot_ignore_unknown,demographic_language_category,approved,benchmark04b_semantic_audit_approved,identity,False,False,,,0,0,0,0,True,True,True,0.1.2,True,2|10|30|50|100,10,True,True,False,False,False,1.0.0,True,benchmark04e_freeze_feature_schema,acfd34080ed60c0a6f59,True,categorical,missing_token+one_hot_ignore_unknown,demographic_language_category,identity,50,distinct_fit_participants_with_observed_original_feature,recomputed_per_scenario_and_per_temporal_block_on_fit_data,False,True,True,remove_if_support_lt_50_or_all_missing_or_effectively_constant_in_fit,False,semantically_authorized_but_below_50_in_snapshot_all_train_reference,Semantically authorized. Apply the frozen support rule independently within each scenario and temporal block using fit participants only.
PTDEMOG,participant,50,PTLANGUN4,PTDEMOG__PTLANGUN4,True,categorical,missing_token+one_hot_ignore_unknown,demographic_language_category,participant_demographic_code_or_category,automatic_proposal,,participant_level_enter_once_not_duplicated,50,distinct_fit_participants_with_observed_original_feature,recomputed_per_scenario_and_per_temporal_block_on_fit_data,remove_if_support_lt_50_or_all_missing_or_effectively_constant_in_fit,10,False,0.0014909795735798,5,False,False,False,categorical_numeric_code_candidate,one_hot_or_numeric_review,numeric_looking_code_requires_semantic_review|train_missingness_at_least_99_percent|low_train_participant_support_review,True,categorical,missing_token+one_hot_ignore_unknown,demographic_language_category,benchmark04b_semantic_audit_approved,semantic_support_candidate_not_official_v0.1.2,matched,1,ADNI4,Understanding,N,1=almost none; 2=very poor; 3=fair; 4=functional; 5=good; 6=very good; 7=like native speaker,,,,1,1,True,categorical,missing_token+one_hot_ignore_unknown,demographic_language_category,confirmed,dictionary_consistent_with_candidate_schema,,False,1,5,1,True,0,True,5,0,0,0,0,0,0,0,0,True,1,0,1,True,0.1.0,False,approved_for_support_pilot,dictionary_domain_and_observed_phase_semantics_are_compatible_in_training,single_observed_phase,False,all_observed_values_documented,consistent,consistent,10,10,True,categorical,missing_token+one_hot_ignore_unknown,demographic_language_category,approved,benchmark04b_semantic_audit_approved,identity,False,False,,,0,0,0,0,True,True,True,0.1.2,True,2|10|30|50|100,10,True,True,False,False,False,1.0.0,True,benchmark04e_freeze_feature_schema,acfd34080ed60c0a6f59,True,categorical,missing_token+one_hot_ignore_unknown,demographic_language_category,identity,50,distinct_fit_participants_with_observed_original_feature,recomputed_per_scenario_and_per_temporal_block_on_fit_data,False,True,True,remove_if_support_lt_50_or_all_missing_or_effectively_constant_in_fit,False,semantically_authorized_but_below_50_in_snapshot_all_train_reference,Semantically authorized. Apply the frozen support rule independently within each scenario and temporal block using fit participants only.
PTDEMOG,participant,51,PTLANGPR5,PTDEMOG__PTLANGPR5,True,categorical,missing_token+one_hot_ignore_unknown,demographic_language_category,participant_demographic_code_or_category,automatic_proposal,,participant_level_enter_once_not_duplicated,50,distinct_fit_participants_with_observed_original_feature,recomputed_per_scenario_and_per_temporal_block_on_fit_data,remove_if_support_lt_50_or_all_missing_or_effectively_constant_in_fit,10,False,0.0014909795735798,2,False,False,False,binary_numeric_candidate,binary_or_one_hot_review,numeric_looking_code_requires_semantic_review|train_missingness_at_least_99_percent|low_train_participant_support_review,True,categorical,missing_token+one_hot_ignore_unknown,demographic_language_category,benchmark04b_semantic_audit_approved,semantic_support_candidate_not_official_v0.1.2,matched,1,ADNI4,Language 5,N,0=No; 1=Yes,,,,1,1,True,categorical,missing_token+one_hot_ignore_unknown,demographic_language_category,confirmed,dictionary_consistent_with_candidate_schema,,False,1,2,1,True,0,True,2,0,0,0,0,0,0,0,0,True,1,0,1,True,0.1.0,False,approved_for_support_pilot,dictionary_domain_and_observed_phase_semantics_are_compatible_in_training,single_observed_phase,False,all_observed_values_documented,consistent,consistent,10,10,True,categorical,missing_token+one_hot_ignore_unknown,demographic_language_category,approved,benchmark04b_semantic_audit_approved,identity,False,False,,,0,0,0,0,True,True,True,0.1.2,True,2|10|30|50|100,10,True,True,False,False,False,1.0.0,True,benchmark04e_freeze_feature_schema,acfd34080ed60c0a6f59,True,categorical,missing_token+one_hot_ignore_unknown,demographic_language_category,identity,50,distinct_fit_participants_with_observed_original_feature,recomputed_per_scenario_and_per_temporal_block_on_fit_data,False,True,True,remove_if_support_lt_50_or_all_missing_or_effectively_constant_in_fit,False,semantically_authorized_but_below_50_in_snapshot_all_train_reference,Semantically authorized. Apply the frozen support rule independently within each scenario and temporal block using fit participants only.
PTDEMOG,participant,52,PTLANGSP5,PTDEMOG__PTLANGSP5,True,categorical,missing_token+one_hot_ignore_unknown,demographic_language_category,participant_demographic_code_or_category,automatic_proposal,,participant_level_enter_once_not_duplicated,50,distinct_fit_participants_with_observed_original_feature,recomputed_per_scenario_and_per_temporal_block_on_fit_data,remove_if_support_lt_50_or_all_missing_or_effectively_constant_in_fit,4,False,0.0005963918294319,3,False,False,False,categorical_numeric_code_candidate,one_hot_or_numeric_review,numeric_looking_code_requires_semantic_review|train_missingness_at_least_99_percent|low_train_participant_support_review,True,categorical,missing_token+one_hot_ignore_unknown,demographic_language_category,benchmark04b_semantic_audit_approved,semantic_support_candidate_not_official_v0.1.2,matched,1,ADNI4,Speaking,N,1=almost none; 2=very poor; 3=fair; 4=functional; 5=good; 6=very good; 7=like native speaker,,,,1,1,True,categorical,missing_token+one_hot_ignore_unknown,demographic_language_category,confirmed,dictionary_consistent_with_candidate_schema,,False,1,3,1,True,0,True,3,0,0,0,0,0,0,0,0,True,1,0,1,True,0.1.0,False,approved_for_support_pilot,dictionary_domain_and_observed_phase_semantics_are_compatible_in_training,single_observed_phase,False,all_observed_values_documented,consistent,consistent,4,4,True,categorical,missing_token+one_hot_ignore_unknown,demographic_language_category,approved,benchmark04b_semantic_audit_approved,identity,False,False,,,0,0,0,0,True,True,True,0.1.2,True,2|10|30|50|100,4,True,False,False,False,False,1.0.0,True,benchmark04e_freeze_feature_schema,acfd34080ed60c0a6f59,True,categorical,missing_token+one_hot_ignore_unknown,demographic_language_category,identity,50,distinct_fit_participants_with_observed_original_feature,recomputed_per_scenario_and_per_temporal_block_on_fit_data,False,True,True,remove_if_support_lt_50_or_all_missing_or_effectively_constant_in_fit,False,semantically_authorized_but_below_50_in_snapshot_all_train_reference,Semantically authorized. Apply the frozen support rule independently within each scenario and temporal block using fit participants only.
PTDEMOG,participant,53,PTLANGRD5,PTDEMOG__PTLANGRD5,True,categorical,missing_token+one_hot_ignore_unknown,demographic_language_category,participant_demographic_code_or_category,automatic_proposal,,participant_level_enter_once_not_duplicated,50,distinct_fit_participants_with_observed_original_feature,recomputed_per_scenario_and_per_temporal_block_on_fit_data,remove_if_support_lt_50_or_all_missing_or_effectively_constant_in_fit,4,False,0.0005963918294319,2,False,False,False,binary_numeric_candidate,binary_or_one_hot_review,numeric_looking_code_requires_semantic_review|train_missingness_at_least_99_percent|low_train_participant_support_review,True,categorical,missing_token+one_hot_ignore_unknown,demographic_language_category,benchmark04b_semantic_audit_approved,semantic_support_candidate_not_official_v0.1.2,matched,1,ADNI4,Reading,N,1=almost none; 2=very poor; 3=fair; 4=functional; 5=good; 6=very good; 7=like native speaker,,,,1,1,True,categorical,missing_token+one_hot_ignore_unknown,demographic_language_category,confirmed,dictionary_consistent_with_candidate_schema,,False,1,2,1,True,0,True,2,0,0,0,0,0,0,0,0,True,1,0,1,True,0.1.0,False,approved_for_support_pilot,dictionary_domain_and_observed_phase_semantics_are_compatible_in_training,single_observed_phase,False,all_observed_values_documented,consistent,consistent,4,4,True,categorical,missing_token+one_hot_ignore_unknown,demographic_language_category,approved,benchmark04b_semantic_audit_approved,identity,False,False,,,0,0,0,0,True,True,True,0.1.2,True,2|10|30|50|100,4,True,False,False,False,False,1.0.0,True,benchmark04e_freeze_feature_schema,acfd34080ed60c0a6f59,True,categorical,missing_token+one_hot_ignore_unknown,demographic_language_category,identity,50,distinct_fit_participants_with_observed_original_feature,recomputed_per_scenario_and_per_temporal_block_on_fit_data,False,True,True,remove_if_support_lt_50_or_all_missing_or_effectively_constant_in_fit,False,semantically_authorized_but_below_50_in_snapshot_all_train_reference,Semantically authorized. Apply the frozen support rule independently within each scenario and temporal block using fit participants only.
PTDEMOG,participant,54,PTLANGWR5,PTDEMOG__PTLANGWR5,True,categorical,missing_token+one_hot_ignore_unknown,demographic_language_category,participant_demographic_code_or_category,automatic_proposal,,participant_level_enter_once_not_duplicated,50,distinct_fit_participants_with_observed_original_feature,recomputed_per_scenario_and_per_temporal_block_on_fit_data,remove_if_support_lt_50_or_all_missing_or_effectively_constant_in_fit,4,False,0.0005963918294319,3,False,False,False,categorical_numeric_code_candidate,one_hot_or_numeric_review,numeric_looking_code_requires_semantic_review|train_missingness_at_least_99_percent|low_train_participant_support_review,True,categorical,missing_token+one_hot_ignore_unknown,demographic_language_category,benchmark04b_semantic_audit_approved,semantic_support_candidate_not_official_v0.1.2,matched,1,ADNI4,Writing,N,1=almost none; 2=very poor; 3=fair; 4=functional; 5=good; 6=very good; 7=like native speaker,,,,1,1,True,categorical,missing_token+one_hot_ignore_unknown,demographic_language_category,confirmed,dictionary_consistent_with_candidate_schema,,False,1,3,1,True,0,True,3,0,0,0,0,0,0,0,0,True,1,0,1,True,0.1.0,False,approved_for_support_pilot,dictionary_domain_and_observed_phase_semantics_are_compatible_in_training,single_observed_phase,False,all_observed_values_documented,consistent,consistent,4,4,True,categorical,missing_token+one_hot_ignore_unknown,demographic_language_category,approved,benchmark04b_semantic_audit_approved,identity,False,False,,,0,0,0,0,True,True,True,0.1.2,True,2|10|30|50|100,4,True,False,False,False,False,1.0.0,True,benchmark04e_freeze_feature_schema,acfd34080ed60c0a6f59,True,categorical,missing_token+one_hot_ignore_unknown,demographic_language_category,identity,50,distinct_fit_participants_with_observed_original_feature,recomputed_per_scenario_and_per_temporal_block_on_fit_data,False,True,True,remove_if_support_lt_50_or_all_missing_or_effectively_constant_in_fit,False,semantically_authorized_but_below_50_in_snapshot_all_train_reference,Semantically authorized. Apply the frozen support rule independently within each scenario and temporal block using fit participants only.
PTDEMOG,participant,55,PTLANGUN5,PTDEMOG__PTLANGUN5,True,categorical,missing_token+one_hot_ignore_unknown,demographic_language_category,participant_demographic_code_or_category,automatic_proposal,,participant_level_enter_once_not_duplicated,50,distinct_fit_participants_with_observed_original_feature,recomputed_per_scenario_and_per_temporal_block_on_fit_data,remove_if_support_lt_50_or_all_missing_or_effectively_constant_in_fit,4,False,0.0005963918294319,4,False,False,False,categorical_numeric_code_candidate,one_hot_or_numeric_review,numeric_looking_code_requires_semantic_review|train_missingness_at_least_99_percent|low_train_participant_support_review,True,categorical,missing_token+one_hot_ignore_unknown,demographic_language_category,benchmark04b_semantic_audit_approved,semantic_support_candidate_not_official_v0.1.2,matched,1,ADNI4,Understanding,N,1=almost none; 2=very poor; 3=fair; 4=functional; 5=good; 6=very good; 7=like native speaker,,,,1,1,True,categorical,missing_token+one_hot_ignore_unknown,demographic_language_category,confirmed,dictionary_consistent_with_candidate_schema,,False,1,4,1,True,0,True,4,0,0,0,0,0,0,0,0,True,1,0,1,True,0.1.0,False,approved_for_support_pilot,dictionary_domain_and_observed_phase_semantics_are_compatible_in_training,single_observed_phase,False,all_observed_values_documented,consistent,consistent,4,4,True,categorical,missing_token+one_hot_ignore_unknown,demographic_language_category,approved,benchmark04b_semantic_audit_approved,identity,False,False,,,0,0,0,0,True,True,True,0.1.2,True,2|10|30|50|100,4,True,False,False,False,False,1.0.0,True,benchmark04e_freeze_feature_schema,acfd34080ed60c0a6f59,True,categorical,missing_token+one_hot_ignore_unknown,demographic_language_category,identity,50,distinct_fit_participants_with_observed_original_feature,recomputed_per_scenario_and_per_temporal_block_on_fit_data,False,True,True,remove_if_support_lt_50_or_all_missing_or_effectively_constant_in_fit,False,semantically_authorized_but_below_50_in_snapshot_all_train_reference,Semantically authorized. Apply the frozen support rule independently within each scenario and temporal block using fit participants only.
PTDEMOG,participant,56,PTLANGPR6,PTDEMOG__PTLANGPR6,True,categorical,missing_token+one_hot_ignore_unknown,demographic_language_category,participant_demographic_code_or_category,automatic_proposal,,participant_level_enter_once_not_duplicated,50,distinct_fit_participants_with_observed_original_feature,recomputed_per_scenario_and_per_temporal_block_on_fit_data,remove_if_support_lt_50_or_all_missing_or_effectively_constant_in_fit,4,False,0.0005963918294319,2,False,False,False,binary_numeric_candidate,binary_or_one_hot_review,numeric_looking_code_requires_semantic_review|train_missingness_at_least_99_percent|low_train_participant_support_review,True,categorical,missing_token+one_hot_ignore_unknown,demographic_language_category,benchmark04b_semantic_audit_approved,semantic_support_candidate_not_official_v0.1.2,matched,1,ADNI4,Language 6,N,0=No; 1=Yes,,,,1,1,True,categorical,missing_token+one_hot_ignore_unknown,demographic_language_category,confirmed,dictionary_consistent_with_candidate_schema,,False,1,2,1,True,0,True,2,0,0,0,0,0,0,0,0,True,1,0,1,True,0.1.0,False,approved_for_support_pilot,dictionary_domain_and_observed_phase_semantics_are_compatible_in_training,single_observed_phase,False,all_observed_values_documented,consistent,consistent,4,4,True,categorical,missing_token+one_hot_ignore_unknown,demographic_language_category,approved,benchmark04b_semantic_audit_approved,identity,False,False,,,0,0,0,0,True,True,True,0.1.2,True,2|10|30|50|100,4,True,False,False,False,False,1.0.0,True,benchmark04e_freeze_feature_schema,acfd34080ed60c0a6f59,True,categorical,missing_token+one_hot_ignore_unknown,demographic_language_category,identity,50,distinct_fit_participants_with_observed_original_feature,recomputed_per_scenario_and_per_temporal_block_on_fit_data,False,True,True,remove_if_support_lt_50_or_all_missing_or_effectively_constant_in_fit,False,semantically_authorized_but_below_50_in_snapshot_all_train_reference,Semantically authorized. Apply the frozen support rule independently within each scenario and temporal block using fit participants only.
PTDEMOG,participant,57,PTLANGSP6,PTDEMOG__PTLANGSP6,True,categorical,missing_token+one_hot_ignore_unknown,demographic_language_category,participant_demographic_code_or_category,automatic_proposal,,participant_level_enter_once_not_duplicated,50,distinct_fit_participants_with_observed_original_feature,recomputed_per_scenario_and_per_temporal_block_on_fit_data,remove_if_support_lt_50_or_all_missing_or_effectively_constant_in_fit,3,False,0.0004472938720739,3,False,False,False,categorical_numeric_code_candidate,one_hot_or_numeric_review,numeric_looking_code_requires_semantic_review|train_missingness_at_least_99_percent|low_train_participant_support_review,True,categorical,missing_token+one_hot_ignore_unknown,demographic_language_category,benchmark04b_semantic_audit_approved,semantic_support_candidate_not_official_v0.1.2,matched,1,ADNI4,Speaking,N,1=almost none; 2=very poor; 3=fair; 4=functional; 5=good; 6=very good; 7=like native speaker,,,,1,1,True,categorical,missing_token+one_hot_ignore_unknown,demographic_language_category,confirmed,dictionary_consistent_with_candidate_schema,,False,1,3,1,True,0,True,3,0,0,0,0,0,0,0,0,True,1,0,1,True,0.1.0,False,approved_for_support_pilot,dictionary_domain_and_observed_phase_semantics_are_compatible_in_training,single_observed_phase,False,all_observed_values_documented,consistent,consistent,3,3,True,categorical,missing_token+one_hot_ignore_unknown,demographic_language_category,approved,benchmark04b_semantic_audit_approved,identity,False,False,,,0,0,0,0,True,True,True,0.1.2,True,2|10|30|50|100,3,True,False,False,False,False,1.0.0,True,benchmark04e_freeze_feature_schema,acfd34080ed60c0a6f59,True,categorical,missing_token+one_hot_ignore_unknown,demographic_language_category,identity,50,distinct_fit_participants_with_observed_original_feature,recomputed_per_scenario_and_per_temporal_block_on_fit_data,False,True,True,remove_if_support_lt_50_or_all_missing_or_effectively_constant_in_fit,False,semantically_authorized_but_below_50_in_snapshot_all_train_reference,Semantically authorized. Apply the frozen support rule independently within each scenario and temporal block using fit participants only.
PTDEMOG,participant,58,PTLANGRD6,PTDEMOG__PTLANGRD6,True,categorical,missing_token+one_hot_ignore_unknown,demographic_language_category,participant_demographic_code_or_category,automatic_proposal,,participant_level_enter_once_not_duplicated,50,distinct_fit_participants_with_observed_original_feature,recomputed_per_scenario_and_per_temporal_block_on_fit_data,remove_if_support_lt_50_or_all_missing_or_effectively_constant_in_fit,3,False,0.0004472938720739,3,False,False,False,categorical_numeric_code_candidate,one_hot_or_numeric_review,numeric_looking_code_requires_semantic_review|train_missingness_at_least_99_percent|low_train_participant_support_review,True,categorical,missing_token+one_hot_ignore_unknown,demographic_language_category,benchmark04b_semantic_audit_approved,semantic_support_candidate_not_official_v0.1.2,matched,1,ADNI4,Reading,N,1=almost none; 2=very poor; 3=fair; 4=functional; 5=good; 6=very good; 7=like native speaker,,,,1,1,True,categorical,missing_token+one_hot_ignore_unknown,demographic_language_category,confirmed,dictionary_consistent_with_candidate_schema,,False,1,3,1,True,0,True,3,0,0,0,0,0,0,0,0,True,1,0,1,True,0.1.0,False,approved_for_support_pilot,dictionary_domain_and_observed_phase_semantics_are_compatible_in_training,single_observed_phase,False,all_observed_values_documented,consistent,consistent,3,3,True,categorical,missing_token+one_hot_ignore_unknown,demographic_language_category,approved,benchmark04b_semantic_audit_approved,identity,False,False,,,0,0,0,0,True,True,True,0.1.2,True,2|10|30|50|100,3,True,False,False,False,False,1.0.0,True,benchmark04e_freeze_feature_schema,acfd34080ed60c0a6f59,True,categorical,missing_token+one_hot_ignore_unknown,demographic_language_category,identity,50,distinct_fit_participants_with_observed_original_feature,recomputed_per_scenario_and_per_temporal_block_on_fit_data,False,True,True,remove_if_support_lt_50_or_all_missing_or_effectively_constant_in_fit,False,semantically_authorized_but_below_50_in_snapshot_all_train_reference,Semantically authorized. Apply the frozen support rule independently within each scenario and temporal block using fit participants only.
PTDEMOG,participant,59,PTLANGWR6,PTDEMOG__PTLANGWR6,True,categorical,missing_token+one_hot_ignore_unknown,demographic_language_category,participant_demographic_code_or_category,automatic_proposal,,participant_level_enter_once_not_duplicated,50,distinct_fit_participants_with_observed_original_feature,recomputed_per_scenario_and_per_temporal_block_on_fit_data,remove_if_support_lt_50_or_all_missing_or_effectively_constant_in_fit,3,False,0.0004472938720739,3,False,False,False,categorical_numeric_code_candidate,one_hot_or_numeric_review,numeric_looking_code_requires_semantic_review|train_missingness_at_least_99_percent|low_train_participant_support_review,True,categorical,missing_token+one_hot_ignore_unknown,demographic_language_category,benchmark04b_semantic_audit_approved,semantic_support_candidate_not_official_v0.1.2,matched,1,ADNI4,Writing,N,1=almost none; 2=very poor; 3=fair; 4=functional; 5=good; 6=very good; 7=like native speaker,,,,1,1,True,categorical,missing_token+one_hot_ignore_unknown,demographic_language_category,confirmed,dictionary_consistent_with_candidate_schema,,False,1,3,1,True,0,True,3,0,0,0,0,0,0,0,0,True,1,0,1,True,0.1.0,False,approved_for_support_pilot,dictionary_domain_and_observed_phase_semantics_are_compatible_in_training,single_observed_phase,False,all_observed_values_documented,consistent,consistent,3,3,True,categorical,missing_token+one_hot_ignore_unknown,demographic_language_category,approved,benchmark04b_semantic_audit_approved,identity,False,False,,,0,0,0,0,True,True,True,0.1.2,True,2|10|30|50|100,3,True,False,False,False,False,1.0.0,True,benchmark04e_freeze_feature_schema,acfd34080ed60c0a6f59,True,categorical,missing_token+one_hot_ignore_unknown,demographic_language_category,identity,50,distinct_fit_participants_with_observed_original_feature,recomputed_per_scenario_and_per_temporal_block_on_fit_data,False,True,True,remove_if_support_lt_50_or_all_missing_or_effectively_constant_in_fit,False,semantically_authorized_but_below_50_in_snapshot_all_train_reference,Semantically authorized. Apply the frozen support rule independently within each scenario and temporal block using fit participants only.
PTDEMOG,participant,60,PTLANGUN6,PTDEMOG__PTLANGUN6,True,categorical,missing_token+one_hot_ignore_unknown,demographic_language_category,participant_demographic_code_or_category,automatic_proposal,,participant_level_enter_once_not_duplicated,50,distinct_fit_participants_with_observed_original_feature,recomputed_per_scenario_and_per_temporal_block_on_fit_data,remove_if_support_lt_50_or_all_missing_or_effectively_constant_in_fit,3,False,0.0004472938720739,3,False,False,False,categorical_numeric_code_candidate,one_hot_or_numeric_review,numeric_looking_code_requires_semantic_review|train_missingness_at_least_99_percent|low_train_participant_support_review,True,categorical,missing_token+one_hot_ignore_unknown,demographic_language_category,benchmark04b_semantic_audit_approved,semantic_support_candidate_not_official_v0.1.2,matched,1,ADNI4,Understanding,N,1=almost none; 2=very poor; 3=fair; 4=functional; 5=good; 6=very good; 7=like native speaker,,,,1,1,True,categorical,missing_token+one_hot_ignore_unknown,demographic_language_category,confirmed,dictionary_consistent_with_candidate_schema,,False,1,3,1,True,0,True,3,0,0,0,0,0,0,0,0,True,1,0,1,True,0.1.0,False,approved_for_support_pilot,dictionary_domain_and_observed_phase_semantics_are_compatible_in_training,single_observed_phase,False,all_observed_values_documented,consistent,consistent,3,3,True,categorical,missing_token+one_hot_ignore_unknown,demographic_language_category,approved,benchmark04b_semantic_audit_approved,identity,False,False,,,0,0,0,0,True,True,True,0.1.2,True,2|10|30|50|100,3,True,False,False,False,False,1.0.0,True,benchmark04e_freeze_feature_schema,acfd34080ed60c0a6f59,True,categorical,missing_token+one_hot_ignore_unknown,demographic_language_category,identity,50,distinct_fit_participants_with_observed_original_feature,recomputed_per_scenario_and_per_temporal_block_on_fit_data,False,True,True,remove_if_support_lt_50_or_all_missing_or_effectively_constant_in_fit,False,semantically_authorized_but_below_50_in_snapshot_all_train_reference,Semantically authorized. Apply the frozen support rule independently within each scenario and temporal block using fit participants only.
PTDEMOG,participant,61,PTLANGTTL,PTDEMOG__PTLANGTTL,True,numeric,median_impute+missing_indicator+standardize,demographic_language_count,source_specific_semantic_rule_pending_group_review,manual_group_review_required,R07_PTDEMOG_NUMERIC_TIMING,participant_level_enter_once_not_duplicated,50,distinct_fit_participants_with_observed_original_feature,recomputed_per_scenario_and_per_temporal_block_on_fit_data,remove_if_support_lt_50_or_all_missing_or_effectively_constant_in_fit,56,True,0.008796779484121,6,False,False,False,categorical_numeric_code_candidate,one_hot_or_numeric_review,numeric_looking_code_requires_semantic_review|train_missingness_at_least_99_percent,True,numeric,median_impute+missing_indicator+standardize,demographic_language_count,benchmark04b_semantic_audit_approved,semantic_support_candidate_not_official_v0.1.2,matched,1,ADNI4,21. Total number of languages spoken (based on table above),N,,,,,1,0,True,numeric,median_impute+missing_indicator+standardize,demographic_language_count,confirmed,dictionary_consistent_with_candidate_schema,,False,1,6,1,True,0,False,0,0,0,0,0,0,0,0,0,True,1,0,1,True,0.1.0,False,approved_for_support_pilot,dictionary_domain_and_observed_phase_semantics_are_compatible_in_training,single_observed_phase,False,not_applicable_numeric_without_coded_domain,consistent,consistent,56,56,True,numeric,median_impute+missing_indicator+standardize,demographic_language_count,approved,benchmark04b_semantic_audit_approved,identity,False,False,56.0,56.0,0,0,0,0,True,True,True,0.1.2,True,2|10|30|50|100,56,True,True,True,True,False,1.0.0,True,benchmark04e_freeze_feature_schema,acfd34080ed60c0a6f59,True,numeric,median_impute+missing_indicator+standardize,demographic_language_count,identity,50,distinct_fit_participants_with_observed_original_feature,recomputed_per_scenario_and_per_temporal_block_on_fit_data,False,True,True,remove_if_support_lt_50_or_all_missing_or_effectively_constant_in_fit,True,retained_at_50_in_snapshot_all_train_reference,Semantically authorized. Apply the frozen support rule independently within each scenario and temporal block using fit participants only.
PTDEMOG,participant,62,PTETHCATH,PTDEMOG__PTETHCATH,True,multi_response,split_pipe_or_semicolon+multi_hot+missing_indicator,demographic_race_or_ethnicity_multiresponse,source_specific_semantic_rule_pending_group_review,manual_group_review_required,R04_PTDEMOG_MULTI_RESPONSE,participant_level_enter_once_not_duplicated,50,distinct_fit_participants_with_observed_original_feature,recomputed_per_scenario_and_per_temporal_block_on_fit_data,remove_if_support_lt_50_or_all_missing_or_effectively_constant_in_fit,31,False,0.0047711346354554,10,False,False,False,multi_response_candidate,multi_hot,multi_response_requires_token_semantics_review|train_missingness_at_least_99_percent,True,multi_response,dictionary_code_tokens+multi_hot+missing_indicator,documented_multi_category_demographic_response,benchmark04b_semantic_audit_approved,semantic_support_candidate_not_official_v0.1.2,matched,1,ADNI4,"24a. If Hispanic or Latino is selected, please provide country/region of origin. :",N,"1=Mexican, Mexican Am., Chicano; 10=Other Latin culture or origin, please specify:; 2=Puerto Rican; 3=Cuban; 4=Another Hispanic, Latino, or Spanish origin; 5=Unknown Hispanic or Latino origin; 6=Dominican; 7=Mexican; 8=South American; 9=Central American",,,,1,1,True,multi_response,dictionary_code_tokens+multi_hot+missing_indicator,documented_multi_category_demographic_response,confirmed_with_special_encoding,fixed_dictionary_code_set_with_aggregate_evidence_of_multiple_tokens,dictionary_does_not_explicitly_state_select_all_that_apply,True,1,10,1,True,0,True,9,0,0,0,0,0,0,0,0,True,1,0,1,True,0.1.0,False,approved_for_support_pilot,dictionary_domain_and_observed_phase_semantics_are_compatible_in_training,single_observed_phase,False,all_observed_values_documented,consistent,consistent,31,31,True,multi_response,dictionary_code_tokens+multi_hot+missing_indicator,documented_multi_category_demographic_response,approved,benchmark04b_semantic_audit_approved,dictionary_multi_response_tokens,False,False,,,0,0,0,0,True,True,True,0.1.2,True,2|10|30|50|100,31,True,True,True,False,False,1.0.0,True,benchmark04e_freeze_feature_schema,acfd34080ed60c0a6f59,True,multi_response,dictionary_code_tokens+multi_hot+missing_indicator,documented_multi_category_demographic_response,dictionary_multi_response_tokens,50,distinct_fit_participants_with_observed_original_feature,recomputed_per_scenario_and_per_temporal_block_on_fit_data,False,True,True,remove_if_support_lt_50_or_all_missing_or_effectively_constant_in_fit,False,semantically_authorized_but_below_50_in_snapshot_all_train_reference,Semantically authorized. Apply the frozen support rule independently within each scenario and temporal block using fit participants only.
PTDEMOG,participant,63,PTASIAN,PTDEMOG__PTASIAN,True,categorical,missing_token+one_hot_ignore_unknown,demographic_race_or_ethnicity,participant_demographic_code_or_category,automatic_proposal,,participant_level_enter_once_not_duplicated,50,distinct_fit_participants_with_observed_original_feature,recomputed_per_scenario_and_per_temporal_block_on_fit_data,remove_if_support_lt_50_or_all_missing_or_effectively_constant_in_fit,18,False,0.0028328611898017,5,False,False,False,categorical_numeric_code_candidate,one_hot_or_numeric_review,numeric_looking_code_requires_semantic_review|train_missingness_at_least_99_percent|low_train_participant_support_review,True,categorical,missing_token+one_hot_ignore_unknown,demographic_race_or_ethnicity,benchmark04b_semantic_audit_approved,semantic_support_candidate_not_official_v0.1.2,matched,1,ADNI4,"25a. If Asian is selected, please provide country/region of origin.",N,1=Chinese; 2=Filipino; 3=Asian Indian; 4=Vietnamese; 5=Korean; 6=Japanese; 7=Other Asian,,,,1,1,True,categorical,missing_token+one_hot_ignore_unknown,demographic_race_or_ethnicity,confirmed,dictionary_consistent_with_candidate_schema,,False,1,5,1,True,0,True,5,0,0,0,0,0,0,0,0,True,1,0,1,True,0.1.0,False,approved_for_support_pilot,dictionary_domain_and_observed_phase_semantics_are_compatible_in_training,single_observed_phase,False,all_observed_values_documented,consistent,consistent,18,18,True,categorical,missing_token+one_hot_ignore_unknown,demographic_race_or_ethnicity,approved,benchmark04b_semantic_audit_approved,identity,False,False,,,0,0,0,0,True,True,True,0.1.2,True,2|10|30|50|100,18,True,True,False,False,False,1.0.0,True,benchmark04e_freeze_feature_schema,acfd34080ed60c0a6f59,True,categorical,missing_token+one_hot_ignore_unknown,demographic_race_or_ethnicity,identity,50,distinct_fit_participants_with_observed_original_feature,recomputed_per_scenario_and_per_temporal_block_on_fit_data,False,True,True,remove_if_support_lt_50_or_all_missing_or_effectively_constant_in_fit,False,semantically_authorized_but_below_50_in_snapshot_all_train_reference,Semantically authorized. Apply the frozen support rule independently within each scenario and temporal block using fit participants only.
PTDEMOG,participant,64,PTOPI,PTDEMOG__PTOPI,True,categorical,missing_token+one_hot_ignore_unknown,demographic_race_or_ethnicity,participant_demographic_code_or_category,automatic_proposal,,participant_level_enter_once_not_duplicated,50,distinct_fit_participants_with_observed_original_feature,recomputed_per_scenario_and_per_temporal_block_on_fit_data,remove_if_support_lt_50_or_all_missing_or_effectively_constant_in_fit,1,False,0.0001490979573579,1,False,True,False,binary_numeric_candidate,binary_or_one_hot_review,numeric_looking_code_requires_semantic_review|train_missingness_at_least_99_percent|low_train_participant_support_review|snapshot_train_observed_value_constant_missingness_may_vary,True,categorical,missing_token+one_hot_ignore_unknown,demographic_race_or_ethnicity,benchmark04b_semantic_audit_approved,semantic_support_candidate_not_official_v0.1.2,matched,1,ADNI4,"25b. If Other Pacific Islander is selected, please provide further detail",N,"1=Samoan; 2=Chamorro; 3=Other Pacific islander – for example, Tongan, Fijian, Marshallese, etc",,,,1,1,True,categorical,missing_token+one_hot_ignore_unknown,demographic_race_or_ethnicity,confirmed,dictionary_consistent_with_candidate_schema,,False,1,1,1,True,0,True,1,0,0,0,0,0,0,0,0,True,1,0,1,True,0.1.0,False,approved_for_support_pilot,dictionary_domain_and_observed_phase_semantics_are_compatible_in_training,single_observed_phase,False,all_observed_values_documented,consistent,consistent,1,1,True,categorical,missing_token+one_hot_ignore_unknown,demographic_race_or_ethnicity,approved,benchmark04b_semantic_audit_approved,identity,False,False,,,0,0,0,0,True,True,True,0.1.2,True,2|10|30|50|100,1,False,False,False,False,False,1.0.0,True,benchmark04e_freeze_feature_schema,acfd34080ed60c0a6f59,True,categorical,missing_token+one_hot_ignore_unknown,demographic_race_or_ethnicity,identity,50,distinct_fit_participants_with_observed_original_feature,recomputed_per_scenario_and_per_temporal_block_on_fit_data,False,True,True,remove_if_support_lt_50_or_all_missing_or_effectively_constant_in_fit,False,semantically_authorized_but_below_50_in_snapshot_all_train_reference,Semantically authorized. Apply the frozen support rule independently within each scenario and temporal block using fit participants only.
PTDEMOG,participant,65,PTBORN,PTDEMOG__PTBORN,True,categorical,missing_token+one_hot_ignore_unknown,demographic_birth_or_immigration,participant_demographic_code_or_category,automatic_proposal,,participant_level_enter_once_not_duplicated,50,distinct_fit_participants_with_observed_original_feature,recomputed_per_scenario_and_per_temporal_block_on_fit_data,remove_if_support_lt_50_or_all_missing_or_effectively_constant_in_fit,218,True,0.0345907261070523,2,False,False,False,binary_numeric_candidate,binary_or_one_hot_review,numeric_looking_code_requires_semantic_review|train_missingness_at_least_95_percent,True,categorical,missing_token+one_hot_ignore_unknown,demographic_birth_or_immigration,benchmark04b_semantic_audit_approved,semantic_support_candidate_not_official_v0.1.2,matched,1,ADNI4,26. Were you born in the United States/Canada?,N,0=No; 1=Yes; 2=Unknown,,,,1,1,True,categorical,missing_token+one_hot_ignore_unknown,demographic_birth_or_immigration,confirmed,dictionary_consistent_with_candidate_schema,,False,1,2,1,True,0,True,2,0,0,0,0,0,0,0,0,True,1,0,1,True,0.1.0,False,approved_for_support_pilot,dictionary_domain_and_observed_phase_semantics_are_compatible_in_training,single_observed_phase,False,all_observed_values_documented,consistent,consistent,218,218,True,categorical,missing_token+one_hot_ignore_unknown,demographic_birth_or_immigration,approved,benchmark04b_semantic_audit_approved,identity,False,False,,,0,0,0,0,True,True,True,0.1.2,True,2|10|30|50|100,218,True,True,True,True,True,1.0.0,True,benchmark04e_freeze_feature_schema,acfd34080ed60c0a6f59,True,categorical,missing_token+one_hot_ignore_unknown,demographic_birth_or_immigration,identity,50,distinct_fit_participants_with_observed_original_feature,recomputed_per_scenario_and_per_temporal_block_on_fit_data,False,True,True,remove_if_support_lt_50_or_all_missing_or_effectively_constant_in_fit,True,retained_at_50_in_snapshot_all_train_reference,Semantically authorized. Apply the frozen support rule independently within each scenario and temporal block using fit participants only.
PTDEMOG,participant,66,PTBIRPL,PTDEMOG__PTBIRPL,True,categorical,missing_token+one_hot_ignore_unknown,demographic_birth_or_immigration,participant_demographic_code_or_category,automatic_proposal,,participant_level_enter_once_not_duplicated,50,distinct_fit_participants_with_observed_original_feature,recomputed_per_scenario_and_per_temporal_block_on_fit_data,remove_if_support_lt_50_or_all_missing_or_effectively_constant_in_fit,48,False,0.0074548978678992,5,False,False,False,categorical_numeric_code_candidate,one_hot_or_numeric_review,numeric_looking_code_requires_semantic_review|train_missingness_at_least_99_percent,True,categorical,missing_token+one_hot_ignore_unknown,demographic_birth_or_immigration,benchmark04b_semantic_audit_approved,semantic_support_candidate_not_official_v0.1.2,matched,1,ADNI4,26a. If NO to 26: Where were you born?,N,1=Puerto Rico; 2=Dominican Republic; 3=Cuba; 4=Mexico; 5=South America; 6=Central America; 7=Unknown; 8=Other,,,,1,1,True,categorical,missing_token+one_hot_ignore_unknown,demographic_birth_or_immigration,confirmed,dictionary_consistent_with_candidate_schema,,False,1,5,1,True,0,True,5,0,0,0,0,0,0,0,0,True,1,0,1,True,0.1.0,False,approved_for_support_pilot,dictionary_domain_and_observed_phase_semantics_are_compatible_in_training,single_observed_phase,False,all_observed_values_documented,consistent,consistent,48,48,True,categorical,missing_token+one_hot_ignore_unknown,demographic_birth_or_immigration,approved,benchmark04b_semantic_audit_approved,identity,False,False,,,0,0,0,0,True,True,True,0.1.2,True,2|10|30|50|100,48,True,True,True,False,False,1.0.0,True,benchmark04e_freeze_feature_schema,acfd34080ed60c0a6f59,True,categorical,missing_token+one_hot_ignore_unknown,demographic_birth_or_immigration,identity,50,distinct_fit_participants_with_observed_original_feature,recomputed_per_scenario_and_per_temporal_block_on_fit_data,False,True,True,remove_if_support_lt_50_or_all_missing_or_effectively_constant_in_fit,False,semantically_authorized_but_below_50_in_snapshot_all_train_reference,Semantically authorized. Apply the frozen support rule independently within each scenario and temporal block using fit participants only.
PTDEMOG,participant,67,PTIMMAGE,PTDEMOG__PTIMMAGE,True,numeric,median_impute+missing_indicator+standardize,demographic_age_or_duration,source_specific_semantic_rule_pending_group_review,manual_group_review_required,R07_PTDEMOG_NUMERIC_TIMING,participant_level_enter_once_not_duplicated,50,distinct_fit_participants_with_observed_original_feature,recomputed_per_scenario_and_per_temporal_block_on_fit_data,remove_if_support_lt_50_or_all_missing_or_effectively_constant_in_fit,47,False,0.0073057999105412,29,False,False,False,numeric_candidate,numeric_median_imputation,train_missingness_at_least_99_percent,True,numeric,median_impute+missing_indicator+standardize,demographic_age_or_duration,benchmark04b_semantic_audit_approved,semantic_support_candidate_not_official_v0.1.2,matched,1,ADNI4,26b. If NO to 26: How old were you when you moved to the United States/Canada?,N,,Years,,,1,0,True,numeric,median_impute+missing_indicator+standardize,demographic_age_or_duration,confirmed,dictionary_consistent_with_candidate_schema,,False,1,29,1,True,0,False,0,0,0,0,0,0,0,0,0,True,1,1,1,True,0.1.0,False,approved_for_support_pilot,dictionary_domain_and_observed_phase_semantics_are_compatible_in_training,single_observed_phase,False,not_applicable_numeric_without_coded_domain,consistent,consistent,47,47,True,numeric,median_impute+missing_indicator+standardize,demographic_age_or_duration,approved,benchmark04b_semantic_audit_approved,identity,False,False,47.0,47.0,0,0,0,0,True,True,True,0.1.2,True,2|10|30|50|100,47,True,True,True,False,False,1.0.0,True,benchmark04e_freeze_feature_schema,acfd34080ed60c0a6f59,True,numeric,median_impute+missing_indicator+standardize,demographic_age_or_duration,identity,50,distinct_fit_participants_with_observed_original_feature,recomputed_per_scenario_and_per_temporal_block_on_fit_data,False,True,True,remove_if_support_lt_50_or_all_missing_or_effectively_constant_in_fit,False,semantically_authorized_but_below_50_in_snapshot_all_train_reference,Semantically authorized. Apply the frozen support rule independently within each scenario and temporal block using fit participants only.
PTDEMOG,participant,68,PTIMMWHY,PTDEMOG__PTIMMWHY,True,multi_response,split_pipe_or_semicolon+multi_hot+missing_indicator,demographic_immigration_multiresponse,source_specific_semantic_rule_pending_group_review,manual_group_review_required,R04_PTDEMOG_MULTI_RESPONSE,participant_level_enter_once_not_duplicated,50,distinct_fit_participants_with_observed_original_feature,recomputed_per_scenario_and_per_temporal_block_on_fit_data,remove_if_support_lt_50_or_all_missing_or_effectively_constant_in_fit,48,False,0.0074548978678992,28,False,False,False,multi_response_candidate,multi_hot,multi_response_requires_token_semantics_review|train_missingness_at_least_99_percent,True,multi_response,dictionary_code_tokens+multi_hot+missing_indicator,documented_multi_category_demographic_response,benchmark04b_semantic_audit_approved,semantic_support_candidate_not_official_v0.1.2,matched,1,ADNI4,26c. What motivated you to migrate to the United States/Canada?,N,"1=To escape our past or future persecution based on race, religion, nationality, and/or membership in a particular social group or political opinion; 10=For jobs and business opportunities; 11=Marriage; 12=To meet new people from different backgrounds; 13=To make money to send back to my family back home in my home country; 14=Other; 2=To escape environmental conflict or violence (i.e., war or escaping gang violence); 3=To escape domestic/intimate partner violence; 4=To find refuge after being displaced due to environmental factors (i.e., natural disasters, erosion, and other environmental factors caused by climate change); 5=To seek better healthcare services; 6=To seek better living conditions; 7=To offer more opportunities for my children; 8=Family reunification; 9=For better educational opportunities for my family and/or me",,,,1,1,True,multi_response,dictionary_code_tokens+multi_hot+missing_indicator,documented_multi_category_demographic_response,confirmed_with_special_encoding,fixed_dictionary_code_set_with_aggregate_evidence_of_multiple_tokens,dictionary_does_not_explicitly_state_select_all_that_apply,True,1,28,1,True,0,True,13,0,0,0,0,0,0,0,0,True,1,0,1,True,0.1.0,False,approved_for_support_pilot,dictionary_domain_and_observed_phase_semantics_are_compatible_in_training,single_observed_phase,False,all_observed_values_documented,consistent,consistent,48,48,True,multi_response,dictionary_code_tokens+multi_hot+missing_indicator,documented_multi_category_demographic_response,approved,benchmark04b_semantic_audit_approved,dictionary_multi_response_tokens,False,False,,,0,0,0,0,True,True,True,0.1.2,True,2|10|30|50|100,48,True,True,True,False,False,1.0.0,True,benchmark04e_freeze_feature_schema,acfd34080ed60c0a6f59,True,multi_response,dictionary_code_tokens+multi_hot+missing_indicator,documented_multi_category_demographic_response,dictionary_multi_response_tokens,50,distinct_fit_participants_with_observed_original_feature,recomputed_per_scenario_and_per_temporal_block_on_fit_data,False,True,True,remove_if_support_lt_50_or_all_missing_or_effectively_constant_in_fit,False,semantically_authorized_but_below_50_in_snapshot_all_train_reference,Semantically authorized. Apply the frozen support rule independently within each scenario and temporal block using fit participants only.
PTDEMOG,participant,69,PTBIRPR,PTDEMOG__PTBIRPR,True,categorical,missing_token+one_hot_ignore_unknown,demographic_birth_or_immigration,participant_demographic_code_or_category,automatic_proposal,,participant_level_enter_once_not_duplicated,50,distinct_fit_participants_with_observed_original_feature,recomputed_per_scenario_and_per_temporal_block_on_fit_data,remove_if_support_lt_50_or_all_missing_or_effectively_constant_in_fit,218,True,0.0345907261070523,2,False,False,False,binary_numeric_candidate,binary_or_one_hot_review,numeric_looking_code_requires_semantic_review|train_missingness_at_least_95_percent,True,categorical,missing_token+one_hot_ignore_unknown,demographic_birth_or_immigration,benchmark04b_semantic_audit_approved,semantic_support_candidate_not_official_v0.1.2,matched,1,ADNI4,27. Were your parents born in the United States/Canada?,N,0=No; 1=Yes; 2=Unknown,,,,1,1,True,categorical,missing_token+one_hot_ignore_unknown,demographic_birth_or_immigration,confirmed,dictionary_consistent_with_candidate_schema,,False,1,2,1,True,0,True,2,0,0,0,0,0,0,0,0,True,1,0,1,True,0.1.0,False,approved_for_support_pilot,dictionary_domain_and_observed_phase_semantics_are_compatible_in_training,single_observed_phase,False,all_observed_values_documented,consistent,consistent,218,218,True,categorical,missing_token+one_hot_ignore_unknown,demographic_birth_or_immigration,approved,benchmark04b_semantic_audit_approved,identity,False,False,,,0,0,0,0,True,True,True,0.1.2,True,2|10|30|50|100,218,True,True,True,True,True,1.0.0,True,benchmark04e_freeze_feature_schema,acfd34080ed60c0a6f59,True,categorical,missing_token+one_hot_ignore_unknown,demographic_birth_or_immigration,identity,50,distinct_fit_participants_with_observed_original_feature,recomputed_per_scenario_and_per_temporal_block_on_fit_data,False,True,True,remove_if_support_lt_50_or_all_missing_or_effectively_constant_in_fit,True,retained_at_50_in_snapshot_all_train_reference,Semantically authorized. Apply the frozen support rule independently within each scenario and temporal block using fit participants only.
PTDEMOG,participant,70,PTBIRGR,PTDEMOG__PTBIRGR,True,categorical,missing_token+one_hot_ignore_unknown,demographic_birth_or_immigration,participant_demographic_code_or_category,automatic_proposal,,participant_level_enter_once_not_duplicated,50,distinct_fit_participants_with_observed_original_feature,recomputed_per_scenario_and_per_temporal_block_on_fit_data,remove_if_support_lt_50_or_all_missing_or_effectively_constant_in_fit,218,True,0.0345907261070523,3,False,False,False,categorical_numeric_code_candidate,one_hot_or_numeric_review,numeric_looking_code_requires_semantic_review|train_missingness_at_least_95_percent,True,categorical,missing_token+one_hot_ignore_unknown,demographic_birth_or_immigration,benchmark04b_semantic_audit_approved,semantic_support_candidate_not_official_v0.1.2,matched,1,ADNI4,28. Were your grandparents born in the United States/Canada?,N,0=No; 1=Yes; 2=Unknown,,,,1,1,True,categorical,missing_token+one_hot_ignore_unknown,demographic_birth_or_immigration,confirmed,dictionary_consistent_with_candidate_schema,,False,1,3,1,True,0,True,3,0,0,0,0,0,0,0,0,True,1,0,1,True,0.1.0,False,approved_for_support_pilot,dictionary_domain_and_observed_phase_semantics_are_compatible_in_training,single_observed_phase,False,all_observed_values_documented,consistent,consistent,218,218,True,categorical,missing_token+one_hot_ignore_unknown,demographic_birth_or_immigration,approved,benchmark04b_semantic_audit_approved,identity,False,False,,,0,0,0,0,True,True,True,0.1.2,True,2|10|30|50|100,218,True,True,True,True,True,1.0.0,True,benchmark04e_freeze_feature_schema,acfd34080ed60c0a6f59,True,categorical,missing_token+one_hot_ignore_unknown,demographic_birth_or_immigration,identity,50,distinct_fit_participants_with_observed_original_feature,recomputed_per_scenario_and_per_temporal_block_on_fit_data,False,True,True,remove_if_support_lt_50_or_all_missing_or_effectively_constant_in_fit,True,retained_at_50_in_snapshot_all_train_reference,Semantically authorized. Apply the frozen support rule independently within each scenario and temporal block using fit participants only.
